card_id,card_name,issuer_name,issuer_type,card_category,network_provider,launch_year,active_status,annual_fee_cad,supplementary_card_fee_cad,minimum_income_requirement,minimum_credit_score,foreign_transaction_fee_percent,balance_transfer_fee_percent,purchase_interest_rate,cash_advance_rate,reward_program_type,base_reward_rate,reward_currency_type,cashback_rewards,travel_rewards,points_rewards,statement_credit_rewards,subscription_rewards,streaming_rewards,grocery_rewards,dining_rewards,fuel_rewards,transit_rewards,ride_share_rewards,gaming_rewards,entertainment_rewards,shopping_rewards,sustainability_rewards,student_rewards,netflix_benefit,spotify_benefit,disney_plus_benefit,amazon_prime_benefit,youtube_premium_benefit,food_delivery_benefit,uber_benefit,instacart_benefit,doordash_benefit,skip_benefit,airport_lounge_access,travel_insurance,trip_cancellation_insurance,baggage_insurance,rental_car_insurance,no_foreign_transaction_fee,hotel_rewards,airline_rewards,credit_score_monitoring,budgeting_tools,spending_insights,installment_payment_option,debt_management_support,mobile_wallet_support,apple_pay_support,google_pay_support,samsung_pay_support,virtual_card_support,instant_card_issuance,digital_first_card,carbon_tracking,green_rewards_program,sustainable_purchase_rewards,welcome_bonus_points,welcome_bonus_cashback,welcome_bonus_value_cad,first_year_fee_waived,introductory_apr_months,primary_product_type,secondary_product_type,fraud_alerts,zero_liability,identity_protection,purchase_protection,concierge_service,premium_hotel_benefits,luxury_travel_credits,exclusive_event_access,travel_feature_level,cashback_feature_level,digital_feature_level,subscription_feature_level,lifestyle_feature_level,sustainability_feature_level,financial_wellness_feature_level,security_protection_feature_level,premium_benefits_feature_level
CAD-CC-00001,CanadaJet Rewards North Travel Explorer Card,CanadaJet Rewards,Airline Partner,Travel,Visa,2015,Active,120,0,30000,684,0.0,3.0,21.99,24.18,Travel Points,1.67,Travel Points,0,1,1,1,0,0,0,0,0,0,1,0,1,0,0,0,0,0,0,0,0,0,0,0,0,0,0,0,0,0,0,1,0,0,0,0,0,0,0,1,1,0,1,0,0,0,0,0,0,15000,0,125,0,0,Digital,Lifestyle,1,1,1,1,0,0,1,0,22.22,0.0,42.86,0.0,22.22,0.0,0.0,100.0,20.0
CAD-CC-00002,Prairie Community CU Flex Travel Card,Prairie Community CU,Credit Union,Travel,Mastercard,2017,Retired,89,0,60000,748,2.5,2.0,20.13,22.83,Travel Points,1.82,Travel Points,0,1,1,0,0,0,1,0,0,0,0,0,0,0,0,0,0,0,0,0,0,0,0,0,0,0,0,1,1,0,0,0,1,0,0,1,0,0,0,1,0,1,0,0,1,0,0,0,0,15000,0,136,1,12,Travel,Digital,1,1,0,0,0,0,0,0,44.44,16.67,42.86,0.0,11.11,0.0,20.0,50.0,0.0
CAD-CC-00003,CanadaJet Rewards Edge Travel Explorer Card,CanadaJet Rewards,Airline Partner,Travel,Mastercard,2020,Active,39,29,60000,701,2.5,3.5,22.85,25.28,Flexible Points,2.14,Flexible Points,0,1,1,0,0,0,0,0,0,0,0,0,0,0,0,0,0,0,0,0,0,1,0,0,0,0,0,1,1,0,0,0,0,0,1,0,1,1,0,0,0,1,0,0,0,0,0,0,0,30000,0,247,0,0,Travel,Digital,0,1,0,0,0,0,1,0,33.33,0.0,14.29,8.33,11.11,0.0,60.0,25.0,20.0
CAD-CC-00004,Atlantic Community CU Prime Low Interest Essentials Card,Atlantic Community CU,Credit Union,Low Interest,Visa,2024,Active,29,0,15000,713,2.5,3.5,13.68,16.99,Statement Credits,0.63,Cashback Dollars,1,0,0,0,0,0,0,0,0,1,0,0,0,1,0,0,0,0,0,0,0,0,0,0,0,0,0,0,0,0,0,0,0,0,1,1,0,0,1,1,0,1,0,0,1,0,0,0,0,0,0,0,1,0,Digital,Cashback,1,1,1,0,0,0,0,0,0.0,50.0,42.86,0.0,22.22,0.0,60.0,75.0,0.0
CAD-CC-00005,Capital Crown Bank Maple Travel Infinite Card,Capital Crown Bank,Bank,Travel,Visa,2026,Active,120,29,15000,680,2.5,3.5,22.76,24.48,Travel Points,2.18,Loyalty Miles,0,1,1,0,0,0,0,0,0,1,0,0,0,0,0,0,0,0,1,0,0,0,0,0,0,0,0,1,0,1,0,0,0,0,0,0,0,0,1,1,1,1,0,0,0,0,0,0,0,30000,0,271,0,0,Digital,Travel,1,1,0,0,0,0,0,0,33.33,16.67,42.86,8.33,11.11,0.0,20.0,50.0,0.0
CAD-CC-00006,TrueNorth Bank Signature Balance Transfer Advantage Card,TrueNorth Bank,Bank,Balance Transfer,Visa,2019,Active,20,0,15000,652,2.5,4.0,18.08,20.41,Statement Credits,1.14,Cashback Dollars,0,1,0,0,1,0,0,0,1,1,0,0,0,0,0,0,0,0,0,0,0,0,0,0,0,0,0,0,0,0,0,0,0,0,0,1,1,0,1,1,1,1,1,0,0,0,0,0,0,15000,0,115,0,6,Digital,Cashback,0,1,0,1,0,0,0,0,11.11,33.33,57.14,8.33,22.22,0.0,60.0,50.0,0.0
CAD-CC-00007,Prairie Community CU North Low Interest Infinite Card,Prairie Community CU,Credit Union,Low Interest,Mastercard,2023,Active,59,0,12000,686,2.0,3.5,13.29,15.33,Statement Credits,0.87,Cashback Dollars,1,0,0,1,0,0,0,0,1,0,0,0,0,0,0,0,0,0,0,0,0,0,0,0,0,0,0,0,0,0,0,0,0,0,0,1,1,0,1,0,0,1,1,0,0,0,0,1,0,0,0,0,0,0,Cashback,Digital,1,1,0,1,0,0,0,0,0.0,33.33,28.57,0.0,11.11,25.0,60.0,75.0,0.0
CAD-CC-00008,TrailStay Rewards Aurora Travel World Card,TrailStay Rewards,Travel Partner,Travel,Visa,2020,Active,39,29,30000,698,0.0,3.0,21.47,22.96,Travel Points,1.43,Travel Points,1,1,1,0,0,0,1,0,0,1,0,0,0,0,0,0,1,0,0,0,1,1,0,0,0,0,0,1,0,1,0,1,1,1,0,0,0,0,0,0,1,1,1,1,0,0,0,1,0,10000,0,90,0,12,Travel,Digital,1,1,1,0,0,0,0,0,66.67,50.0,57.14,25.0,33.33,25.0,0.0,75.0,0.0
CAD-CC-00009,TrueNorth Bank Edge Subscription Rewards Explorer Card,TrueNorth Bank,Bank,Subscription Rewards,Mastercard,2021,Active,89,0,30000,722,2.0,2.0,20.18,21.82,Statement Credits,0.97,Cashback Dollars,1,0,0,0,1,1,0,0,0,0,0,0,1,1,0,0,0,0,0,1,0,1,1,0,1,1,0,0,0,0,0,0,0,0,1,0,0,0,0,1,1,0,0,0,1,0,0,0,0,15000,0,144,0,6,Subscription,Digital,1,1,0,0,0,0,0,0,0.0,33.33,42.86,58.33,33.33,0.0,20.0,50.0,0.0
CAD-CC-00010,FlexiCard Digital Thrive Lifestyle Rewards Essentials Card,FlexiCard Digital,Fintech,Lifestyle Rewards,Mastercard,2015,Active,89,0,30000,714,2.0,2.0,21.42,24.08,Flexible Points,1.53,Flexible Points,1,0,1,0,0,1,0,1,0,0,0,0,0,0,0,0,0,0,0,0,0,0,0,0,0,0,0,0,0,0,0,0,0,0,0,1,0,0,1,1,1,1,1,1,1,0,0,0,0,0,150,150,0,6,Digital,Cashback,1,1,0,0,0,0,0,0,0.0,33.33,85.71,8.33,11.11,0.0,40.0,50.0,0.0
CAD-CC-00011,PayWave Canada Prime Subscription Rewards Plus Card,PayWave Canada,Fintech,Subscription Rewards,Visa,2020,Active,0,0,30000,711,2.5,4.0,22.54,24.66,Statement Credits,1.51,Cashback Dollars,0,0,0,0,1,1,0,1,1,0,0,0,1,0,0,0,1,0,0,1,1,1,0,1,1,0,0,0,0,0,0,0,0,0,0,0,0,0,0,1,1,1,1,1,1,1,0,0,0,10000,0,91,0,0,Digital,Subscription,1,1,0,0,0,0,0,0,0.0,33.33,100.0,66.67,44.44,0.0,0.0,50.0,0.0
CAD-CC-00012,Laurentian Maple Bank Flex Cashback Plus Card,Laurentian Maple Bank,Bank,Cashback,Visa,2021,Active,0,50,30000,679,2.5,4.0,20.24,22.34,Cashback,2.3,Cashback Dollars,1,0,0,0,0,0,1,0,0,0,0,0,0,0,0,1,1,0,0,0,0,0,0,0,0,0,0,1,0,0,1,0,0,0,0,0,0,0,1,1,1,1,0,0,0,0,0,0,0,0,200,200,0,12,Student,Cashback,0,1,1,1,0,0,0,0,22.22,33.33,42.86,8.33,11.11,0.0,20.0,75.0,0.0
CAD-CC-00013,Harbour Financial North Subscription Rewards Preferred Card,Harbour Financial,Bank,Subscription Rewards,Mastercard,2018,Retired,0,15,30000,659,0.0,3.5,20.35,22.61,Statement Credits,0.94,Cashback Dollars,1,0,1,0,1,1,0,0,0,0,0,0,1,0,0,0,1,1,1,0,0,0,1,0,0,0,0,0,0,0,0,1,0,0,0,0,1,0,0,0,1,1,0,1,0,0,0,0,0,0,100,100,0,0,Subscription,Digital,1,1,1,0,0,0,0,0,11.11,16.67,42.86,50.0,11.11,0.0,20.0,75.0,0.0
CAD-CC-00014,MapleTrust Bank Signature Low Interest Explorer Card,MapleTrust Bank,Bank,Low Interest,Visa,2016,Active,20,10,30000,725,2.5,4.0,11.03,13.26,Statement Credits,0.73,Cashback Dollars,1,0,0,1,0,0,0,0,0,0,0,0,1,1,0,0,0,0,0,0,0,0,0,0,0,0,0,0,0,0,0,0,0,0,0,1,0,0,1,1,1,0,0,1,1,0,0,0,0,0,0,0,0,12,Digital,Lifestyle,0,1,0,1,0,0,0,0,0.0,33.33,57.14,0.0,22.22,0.0,40.0,50.0,0.0
CAD-CC-00015,CanadaJet Rewards Elevate Privilege Travel Infinite Card,CanadaJet Rewards,Airline Partner,Premium Travel,Mastercard,2025,Active,599,99,60000,761,0.0,3.5,22.93,24.68,Flexible Points,1.47,Travel Points,0,1,1,0,0,0,0,0,0,1,1,0,0,0,0,0,0,0,0,0,0,0,0,0,0,0,1,1,1,1,1,1,1,1,0,0,1,0,0,1,1,0,0,0,0,0,0,0,0,50000,0,628,0,6,Travel,Lifestyle,1,0,0,1,0,1,1,0,100.0,16.67,28.57,0.0,22.22,0.0,20.0,50.0,60.0
CAD-CC-00017,TrueNorth Bank Prime Digital First Explorer Card,TrueNorth Bank,Bank,Digital First,American Express,2019,Active,0,0,30000,665,2.5,3.5,22.33,25.64,Hybrid Rewards,0.53,Cashback Dollars,0,0,1,0,0,1,0,0,0,0,0,0,0,1,0,0,0,1,0,1,0,0,1,1,0,0,0,0,0,0,0,0,0,0,1,1,1,1,1,1,1,1,1,1,1,1,0,0,1,15000,0,145,0,9,Digital,Subscription,1,1,1,1,0,0,0,0,0.0,16.67,100.0,41.67,11.11,25.0,100.0,100.0,0.0
CAD-CC-00018,Harbour Financial Elevate Rewards Explorer Card,Harbour Financial,Bank,Rewards,Visa,2023,Active,0,29,30000,710,2.5,3.5,20.58,21.76,Flexible Points,1.47,Cashback Dollars,0,0,1,0,0,0,0,0,0,0,0,0,0,0,0,1,0,0,0,0,0,0,0,0,0,0,0,1,0,0,0,0,0,0,1,0,0,0,0,1,1,0,0,1,1,0,0,0,1,15000,0,105,0,0,Student,Digital,1,1,0,1,0,0,0,0,11.11,0.0,57.14,0.0,0.0,25.0,20.0,75.0,0.0
CAD-CC-00019,Prairie Community CU Thrive Cashback Rewards Card,Prairie Community CU,Credit Union,Cashback,Mastercard,2020,Active,39,0,0,651,2.5,2.0,22.81,24.33,Cashback,2.81,Cashback Dollars,1,0,0,1,0,0,1,0,1,1,0,0,0,0,0,0,0,0,0,0,0,0,0,0,0,0,0,0,0,0,0,0,0,1,0,1,1,0,0,0,0,0,0,1,1,0,0,0,0,0,200,200,0,0,Cashback,Digital,1,0,0,0,0,0,0,0,11.11,66.67,28.57,0.0,33.33,0.0,40.0,25.0,0.0
CAD-CC-00020,TrueNorth Bank Voyage Student Preferred Card,TrueNorth Bank,Bank,Student,Visa,2026,Active,0,0,5000,678,2.0,4.0,22.55,25.62,Flexible Points,1.82,Flexible Points,0,1,1,0,0,0,1,1,0,0,1,0,0,0,0,1,1,0,0,1,0,0,1,0,0,0,0,0,0,1,0,0,0,0,1,0,1,0,0,1,1,0,0,1,1,0,1,0,0,0,25,25,0,12,Student,Digital,0,1,0,0,0,0,0,0,22.22,33.33,57.14,25.0,33.33,25.0,40.0,25.0,0.0
CAD-CC-00021,UrbanCart Momentum Subscription Rewards Explorer Card,UrbanCart,Retail Partner,Subscription Rewards,Visa,2021,Active,0,30,30000,692,0.0,3.5,21.37,24.19,Statement Credits,1.49,Cashback Dollars,0,0,1,0,1,1,0,0,1,0,0,1,1,0,0,0,0,1,0,1,1,1,1,0,1,1,0,1,0,0,0,1,1,0,0,0,0,1,0,1,1,0,1,0,0,0,0,0,0,25000,0,177,0,0,Subscription,Digital,1,1,0,0,0,0,0,0,33.33,16.67,42.86,75.0,44.44,0.0,20.0,50.0,0.0
CAD-CC-00023,Atlantic Community CU North Low Interest Infinite Card,Atlantic Community CU,Credit Union,Low Interest,Mastercard,2020,Active,20,0,12000,674,2.5,3.5,10.71,12.59,Cashback,0.65,Cashback Dollars,0,0,0,1,0,0,0,1,0,0,0,0,0,0,0,0,0,0,0,0,0,0,0,0,0,0,0,0,0,0,0,0,0,0,1,0,1,0,0,1,1,0,1,0,0,0,0,0,0,0,75,75,0,0,Digital,Cashback,1,1,0,1,0,0,0,0,0.0,16.67,42.86,0.0,11.11,0.0,40.0,75.0,0.0
CAD-CC-00024,Northern Dominion Bank Edge Privilege Travel Advantage Card,Northern Dominion Bank,Bank,Premium Travel,Mastercard,2025,Active,499,175,80000,780,2.0,4.0,20.09,21.23,Travel Points,2.68,Loyalty Miles,1,1,1,0,0,0,0,1,1,0,0,0,1,0,0,0,0,1,0,0,0,0,0,0,0,0,1,1,1,1,1,0,1,0,0,0,1,0,0,0,0,1,1,0,0,0,0,0,0,50000,0,629,0,0,Travel,Cashback,1,1,0,1,1,1,1,1,77.78,50.0,28.57,8.33,33.33,0.0,20.0,75.0,100.0
CAD-CC-00025,GlobePass Canada Elevate Travel Advantage Card,GlobePass Canada,Travel Partner,Travel,Visa,2015,Active,89,29,30000,768,2.5,4.0,20.48,21.9,Flexible Points,1.97,Loyalty Miles,0,1,1,1,0,0,0,1,0,0,0,0,0,0,0,0,0,0,0,0,0,0,0,0,0,0,0,1,0,1,1,0,1,0,1,0,0,0,0,1,1,1,0,0,1,0,0,0,0,30000,0,190,1,9,Digital,Travel,0,1,0,0,0,1,0,1,55.56,16.67,57.14,0.0,11.11,0.0,20.0,25.0,40.0
CAD-CC-00026,Laurentian Maple Bank Edge Digital First Infinite Card,Laurentian Maple Bank,Bank,Digital First,Mastercard,2019,Active,89,0,0,725,2.5,2.0,20.71,22.57,Cashback,0.66,Cashback Dollars,0,1,0,0,0,1,0,0,0,0,0,0,0,0,0,0,0,0,0,0,0,0,1,0,0,0,0,0,0,0,0,0,1,0,1,1,1,1,1,1,1,1,1,0,1,1,1,0,0,25000,0,159,0,0,Digital,Sustainability,0,1,0,0,0,0,0,0,22.22,0.0,85.71,16.67,0.0,25.0,100.0,25.0,0.0
CAD-CC-00027,BrightSpend Voyage Student Rewards Card,BrightSpend,Fintech,Student,Mastercard,2017,Active,0,0,0,632,2.0,4.0,21.49,24.28,Flexible Points,1.57,Flexible Points,1,0,1,0,0,0,1,0,1,0,0,0,0,1,0,1,0,1,0,0,0,1,0,0,0,0,0,0,0,0,0,0,0,0,1,0,0,0,1,1,1,1,0,1,0,0,1,0,0,0,75,75,0,0,Student,Cashback,1,1,1,0,0,0,0,0,0.0,66.67,57.14,16.67,44.44,25.0,40.0,75.0,0.0
CAD-CC-00028,Capital Crown Bank Platinum Privilege Travel World Card,Capital Crown Bank,Bank,Premium Travel,Mastercard,2015,Active,499,199,150000,803,0.0,4.0,20.02,21.41,Flexible Points,2.97,Travel Points,1,1,1,1,0,0,0,1,0,0,0,0,0,0,0,0,0,0,0,0,0,0,0,0,0,1,1,1,1,1,0,1,0,1,0,0,0,0,0,0,0,1,1,0,1,0,0,0,0,80000,0,683,0,0,Travel,Cashback,1,1,0,1,1,0,1,0,77.78,33.33,42.86,8.33,11.11,0.0,0.0,75.0,60.0
CAD-CC-00030,Harbour Financial Signature Privilege Travel Preferred Card,Harbour Financial,Bank,Premium Travel,Mastercard,2021,Active,499,99,100000,734,0.0,3.5,22.81,24.41,Flexible Points,1.52,Travel Points,0,1,1,0,0,0,0,0,0,1,0,0,1,0,0,0,0,0,0,0,0,0,0,0,0,0,1,1,1,1,1,1,1,0,1,0,0,0,0,0,0,0,1,0,0,0,0,1,1,90000,0,807,1,3,Business,Travel,1,0,0,1,1,1,1,1,88.89,16.67,14.29,0.0,22.22,50.0,20.0,50.0,100.0
CAD-CC-00031,MapleAir Maple Privilege Travel Essentials Card,MapleAir,Airline Partner,Premium Travel,Mastercard,2024,Active,499,149,80000,738,0.0,2.0,20.42,21.97,Flexible Points,3.43,Travel Points,0,1,1,0,0,0,1,1,0,0,1,0,1,0,0,0,0,0,0,0,0,0,0,0,0,0,1,0,1,1,1,1,1,1,0,1,1,0,1,0,1,0,0,1,0,0,0,0,0,80000,0,880,0,3,Travel,Lifestyle,1,0,1,1,1,1,1,0,88.89,33.33,28.57,0.0,44.44,0.0,60.0,75.0,80.0
CAD-CC-00032,Ontario Mutual CU Select Rewards Explorer Card,Ontario Mutual CU,Credit Union,Rewards,Mastercard,2025,Active,0,0,60000,732,2.5,3.5,22.28,24.79,Flexible Points,1.6,Cashback Dollars,0,1,1,0,1,0,0,0,0,0,0,0,1,1,1,0,0,0,0,0,0,0,0,0,0,0,0,0,0,0,0,0,0,0,0,0,0,1,0,0,1,1,0,1,0,1,0,0,0,0,150,150,0,6,Digital,Lifestyle,1,1,0,1,0,0,0,0,11.11,16.67,57.14,8.33,22.22,25.0,20.0,75.0,0.0
CAD-CC-00033,MapleAir Momentum Privilege Travel Infinite Card,MapleAir,Airline Partner,Premium Travel,Mastercard,2026,Active,499,175,80000,809,0.0,2.0,21.42,24.82,Travel Points,2.17,Flexible Points,1,1,1,0,1,0,0,1,0,1,0,0,0,0,0,0,0,0,0,0,0,0,0,0,0,0,1,1,1,0,1,1,1,1,0,1,0,0,0,0,1,1,1,1,1,0,1,0,0,70000,0,731,0,6,Travel,Digital,1,1,1,0,1,1,0,0,88.89,50.0,71.43,8.33,22.22,25.0,20.0,75.0,60.0
CAD-CC-00034,FlexiCard Digital North Cashback Preferred Card,FlexiCard Digital,Fintech,Cashback,Visa,2026,Active,120,0,15000,656,2.5,4.0,20.41,21.94,Cashback,1.41,Cashback Dollars,1,0,1,0,0,0,0,1,0,0,0,0,0,1,0,0,0,0,0,0,0,0,0,0,0,0,0,0,0,0,0,0,0,0,0,1,0,1,1,1,1,1,0,1,1,1,0,0,0,0,200,200,0,0,Digital,Cashback,1,1,0,1,0,0,0,0,0.0,50.0,85.71,0.0,22.22,0.0,60.0,75.0,0.0
CAD-CC-00035,TrueNorth Bank Thrive Low Interest Advantage Card,TrueNorth Bank,Bank,Low Interest,Mastercard,2021,Active,0,0,12000,671,2.5,3.5,14.2,16.53,Hybrid Rewards,0.55,Cashback Dollars,0,0,0,0,0,0,0,0,0,1,0,0,0,0,0,0,0,0,0,0,0,0,0,0,0,0,0,1,0,0,0,0,0,0,1,1,1,0,1,0,0,1,1,0,1,0,0,0,0,0,75,75,0,0,Digital,Lifestyle,0,0,1,1,0,0,0,0,11.11,16.67,42.86,0.0,11.11,0.0,80.0,50.0,0.0
CAD-CC-00036,CanStyle Retail Momentum Cashback Plus Card,CanStyle Retail,Retail Partner,Cashback,Mastercard,2023,Active,0,29,15000,708,2.5,4.0,21.44,23.6,Cashback,2.41,Cashback Dollars,1,0,1,0,0,1,0,1,1,0,0,0,0,1,0,0,0,0,0,0,1,0,0,0,0,0,0,0,0,0,0,0,0,0,0,0,0,0,0,0,0,1,0,1,0,0,0,0,0,0,150,150,0,0,Cashback,Lifestyle,1,1,0,0,0,0,0,0,0.0,66.67,28.57,16.67,33.33,0.0,0.0,50.0,0.0
CAD-CC-00037,BrightSpend Momentum Subscription Rewards Card,BrightSpend,Fintech,Subscription Rewards,Mastercard,2018,Active,49,15,60000,697,2.5,3.0,21.34,23.44,Statement Credits,1.72,Cashback Dollars,0,1,0,0,1,1,0,0,1,1,0,0,0,0,0,0,1,1,1,1,1,1,0,1,1,1,0,0,0,0,0,0,0,0,0,0,1,1,0,0,1,1,0,1,1,0,1,0,0,15000,0,94,0,0,Subscription,Digital,1,0,0,1,0,0,0,0,11.11,33.33,57.14,91.67,33.33,25.0,40.0,50.0,0.0
CAD-CC-00039,HomeBase Canada Summit Lifestyle Rewards Preferred Card,HomeBase Canada,Retail Partner,Lifestyle Rewards,Visa,2025,Active,0,50,30000,754,2.5,2.0,22.06,24.71,Flexible Points,2.51,Cashback Dollars,0,0,1,0,0,0,1,1,0,0,1,0,1,0,0,0,0,0,0,0,0,0,0,0,1,0,0,0,0,0,0,0,0,0,0,0,0,0,0,1,1,0,1,0,0,1,0,0,0,10000,0,73,0,0,Digital,Lifestyle,1,1,0,0,0,0,0,0,0.0,33.33,57.14,8.33,44.44,0.0,0.0,50.0,0.0
CAD-CC-00040,Laurentian Maple Bank Maple Cashback World Card,Laurentian Maple Bank,Bank,Cashback,Visa,2018,Active,89,0,15000,745,2.5,3.5,22.34,25.8,Cashback,1.36,Cashback Dollars,1,0,0,1,0,0,1,1,0,0,0,1,0,1,0,0,0,1,0,0,0,0,0,0,0,0,0,0,0,0,0,0,0,0,1,0,0,1,0,0,1,0,0,1,0,0,0,0,0,0,150,150,1,6,Cashback,Lifestyle,1,1,0,1,0,0,0,0,0.0,66.67,28.57,8.33,44.44,0.0,40.0,75.0,0.0
CAD-CC-00041,Coastline Credit Union Maple Balance Transfer Advantage Card,Coastline Credit Union,Credit Union,Balance Transfer,Mastercard,2018,Active,20,10,15000,623,2.5,1.0,13.85,15.69,Statement Credits,0.49,Cashback Dollars,1,0,0,0,0,0,0,1,0,0,0,0,0,1,0,0,0,0,0,0,0,0,0,0,0,0,0,0,0,0,0,0,0,0,1,1,0,1,0,0,0,1,1,0,0,0,0,1,0,10000,0,75,0,6,Cashback,Lifestyle,1,1,0,1,0,0,0,0,0.0,50.0,28.57,0.0,22.22,25.0,60.0,75.0,0.0
CAD-CC-00042,Capital Crown Bank Select Subscription Rewards World Card,Capital Crown Bank,Bank,Subscription Rewards,Visa,2016,Active,0,0,0,757,2.5,3.0,21.33,23.82,Statement Credits,1.94,Cashback Dollars,0,0,0,0,1,1,1,0,0,0,0,1,1,0,0,0,0,0,1,1,1,1,0,1,0,1,0,0,0,0,1,0,0,0,0,0,0,0,0,0,0,0,0,0,0,0,0,1,0,10000,0,72,1,0,Subscription,Lifestyle,1,1,1,1,0,0,0,0,11.11,16.67,0.0,66.67,44.44,25.0,0.0,100.0,0.0
CAD-CC-00043,GlobePass Canada Signature Travel Card,GlobePass Canada,Travel Partner,Travel,Visa,2018,Active,0,50,60000,662,2.0,4.0,22.87,25.84,Travel Points,1.52,Flexible Points,0,1,1,1,0,0,1,1,0,0,1,0,0,1,0,0,0,0,0,0,0,0,0,0,0,0,0,0,0,0,1,0,0,0,0,0,0,1,0,0,0,0,0,1,0,0,0,0,1,20000,0,167,0,0,Business,Cashback,1,1,1,0,0,0,0,0,22.22,50.0,14.29,0.0,44.44,25.0,20.0,75.0,0.0
CAD-CC-00044,FreshBasket Flex Rewards Preferred Card,FreshBasket,Retail Partner,Rewards,Visa,2019,Active,89,0,60000,744,2.0,3.0,21.08,23.13,Hybrid Rewards,2.2,Flexible Points,0,0,0,0,0,0,0,0,0,1,0,0,1,0,0,0,0,0,0,0,0,0,0,0,0,0,0,0,0,0,0,0,0,0,0,0,0,0,1,1,1,1,0,1,0,0,0,0,0,0,150,150,1,6,Digital,Lifestyle,1,1,0,0,0,0,0,0,0.0,16.67,57.14,0.0,22.22,0.0,20.0,50.0,0.0
CAD-CC-00045,Harbour Financial Edge Cashback Advantage Card,Harbour Financial,Bank,Cashback,Mastercard,2016,Active,99,29,30000,637,2.5,4.0,20.56,24.03,Cashback,1.17,Cashback Dollars,1,0,0,0,0,0,1,1,1,0,0,0,0,0,0,0,0,0,0,0,0,0,0,0,0,0,0,0,0,1,0,0,0,0,1,0,0,0,1,1,0,1,0,0,1,1,0,0,0,0,200,200,1,3,Cashback,Digital,1,0,1,1,0,0,0,0,11.11,66.67,57.14,0.0,33.33,0.0,40.0,75.0,0.0
CAD-CC-00046,MapleMart Voyage Rewards World Card,MapleMart,Retail Partner,Rewards,Visa,2019,Active,0,0,15000,620,2.5,4.0,22.94,25.76,Cashback,1.18,Travel Points,0,0,1,0,0,0,0,1,1,0,0,0,0,0,0,0,0,0,0,0,0,0,0,0,0,0,0,0,0,1,1,0,0,0,0,1,1,0,0,1,1,1,0,0,0,0,0,0,0,15000,0,105,0,12,Digital,Cashback,0,1,1,1,0,0,0,0,22.22,33.33,42.86,0.0,22.22,0.0,40.0,75.0,0.0
CAD-CC-00047,Harbour Financial Prime Lifestyle Rewards Explorer Card,Harbour Financial,Bank,Lifestyle Rewards,Mastercard,2025,Active,89,50,30000,653,2.5,3.0,21.16,22.8,Hybrid Rewards,1.89,Flexible Points,0,0,0,0,0,0,0,0,0,0,1,0,0,1,0,0,0,0,0,1,0,0,1,0,1,1,0,0,0,0,0,0,0,0,0,0,1,0,0,0,1,0,1,1,0,0,0,0,0,15000,0,105,0,9,Digital,Lifestyle,1,1,1,0,0,0,0,0,0.0,16.67,42.86,33.33,22.22,0.0,20.0,75.0,0.0
CAD-CC-00048,CanadaJet Rewards Prime Travel World Card,CanadaJet Rewards,Airline Partner,Travel,American Express,2015,Active,89,75,60000,663,2.0,2.0,21.12,22.92,Travel Points,1.88,Loyalty Miles,1,1,1,0,0,0,0,1,0,0,1,0,0,0,0,0,0,0,0,0,0,0,0,0,1,0,0,0,0,1,1,0,0,1,0,1,1,0,0,1,1,1,0,0,1,0,0,0,0,15000,0,149,0,3,Digital,Travel,1,1,1,1,0,0,0,0,44.44,33.33,57.14,8.33,22.22,0.0,40.0,100.0,0.0
CAD-CC-00049,Capital Crown Bank Thrive Digital First Advantage Card,Capital Crown Bank,Bank,Digital First,Mastercard,2021,Active,49,30,15000,683,0.0,3.5,22.24,24.18,Cashback,1.6,Flexible Points,0,0,1,0,0,1,0,0,0,0,0,0,0,1,0,0,0,1,0,1,0,0,0,0,1,0,0,0,0,0,0,1,0,0,0,1,1,1,0,1,1,1,1,1,1,1,0,1,0,15000,0,134,1,0,Digital,Subscription,0,1,1,0,0,0,0,0,11.11,16.67,100.0,33.33,11.11,25.0,60.0,50.0,0.0
CAD-CC-00050,TrueNorth Bank Momentum Low Interest Infinite Card,TrueNorth Bank,Bank,Low Interest,Visa,2020,Active,29,0,30000,729,3.0,2.0,10.03,11.7,Statement Credits,0.95,Cashback Dollars,0,0,1,0,0,0,0,0,1,0,0,0,0,1,0,0,1,0,0,0,0,0,0,0,0,0,0,0,0,0,0,0,0,0,1,1,0,1,0,1,0,1,0,1,0,0,0,0,0,0,75,75,1,3,Digital,Cashback,1,0,0,1,0,0,0,0,0.0,33.33,42.86,8.33,22.22,0.0,60.0,50.0,0.0
CAD-CC-00051,FlexiCard Digital Momentum Digital First Advantage Card,FlexiCard Digital,Fintech,Digital First,Visa,2021,Active,120,0,0,685,0.0,3.0,20.59,22.68,Cashback,1.14,Cashback Dollars,1,0,1,1,1,0,0,1,0,0,0,0,0,1,0,0,0,0,1,1,0,0,0,1,0,0,0,0,0,0,0,1,0,0,1,0,1,0,0,0,1,1,1,1,1,1,0,0,0,25000,0,178,0,6,Digital,Cashback,1,1,1,1,0,0,0,0,11.11,50.0,85.71,33.33,22.22,0.0,40.0,100.0,0.0
CAD-CC-00052,HomeBase Canada Select Subscription Rewards Plus Card,HomeBase Canada,Retail Partner,Subscription Rewards,Mastercard,2016,Active,120,0,30000,678,2.5,3.0,21.0,23.46,Statement Credits,1.22,Cashback Dollars,0,0,0,1,1,1,1,0,0,1,0,0,0,0,0,0,0,1,1,1,1,1,0,0,0,1,0,0,0,0,0,0,0,1,0,0,1,0,0,1,0,1,0,0,0,0,0,1,0,25000,0,191,1,0,Subscription,Digital,1,1,1,0,0,0,0,0,11.11,33.33,28.57,66.67,33.33,25.0,20.0,75.0,0.0
CAD-CC-00053,HotelMaple Group Platinum Travel Infinite Card,HotelMaple Group,Travel Partner,Travel,Visa,2018,Active,39,50,30000,696,2.5,4.0,20.16,23.43,Flexible Points,1.34,Travel Points,0,1,1,0,0,0,0,0,1,1,0,0,0,0,0,0,0,0,0,0,0,0,0,0,0,0,0,1,1,0,0,0,0,0,1,0,1,0,0,0,1,1,1,1,0,1,0,0,0,10000,0,91,0,0,Digital,Travel,1,1,0,0,0,0,0,0,33.33,33.33,71.43,0.0,22.22,0.0,40.0,50.0,0.0
CAD-CC-00054,NorthPay Labs Flex Subscription Rewards Plus Card,NorthPay Labs,Fintech,Subscription Rewards,Mastercard,2019,Active,49,15,60000,645,2.5,3.0,22.04,24.53,Statement Credits,1.02,Cashback Dollars,0,0,0,0,1,1,0,0,0,0,0,1,0,0,0,0,0,0,1,0,1,1,1,1,1,1,0,0,0,0,0,0,0,0,0,0,0,0,0,1,0,1,1,1,0,1,0,0,0,10000,0,68,0,9,Subscription,Digital,1,0,0,1,0,0,0,0,0.0,0.0,71.43,75.0,22.22,0.0,0.0,50.0,0.0
CAD-CC-00056,GlobePass Canada Thrive Travel Rewards Card,GlobePass Canada,Travel Partner,Travel,Visa,2018,Active,39,75,30000,712,2.5,2.0,21.78,24.11,Flexible Points,2.14,Travel Points,0,1,1,0,0,0,0,1,0,1,1,0,0,1,0,0,0,0,0,0,0,0,0,0,0,0,0,1,0,0,1,0,0,0,0,0,0,1,0,1,1,1,0,0,0,0,0,0,0,40000,0,354,1,9,Lifestyle,Cashback,1,1,0,1,0,0,0,0,33.33,50.0,42.86,0.0,44.44,0.0,20.0,75.0,0.0
CAD-CC-00057,Maple Leaf Credit Union Everyday Travel Infinite Card,Maple Leaf Credit Union,Credit Union,Travel,Visa,2017,Active,150,0,15000,709,2.5,3.0,21.07,24.02,Flexible Points,2.2,Flexible Points,0,1,1,0,0,0,0,1,0,1,1,0,0,0,0,0,0,0,0,0,0,0,0,0,0,0,0,0,0,1,0,0,1,1,0,1,1,0,0,0,0,0,1,0,1,0,0,0,0,30000,0,259,0,0,Lifestyle,Travel,1,1,1,1,1,0,0,0,44.44,33.33,28.57,0.0,33.33,0.0,40.0,100.0,20.0
CAD-CC-00058,UrbanCart Momentum Rewards Advantage Card,UrbanCart,Retail Partner,Rewards,Visa,2016,Active,0,50,15000,658,2.5,4.0,21.63,23.01,Hybrid Rewards,2.52,Flexible Points,0,1,1,0,1,0,0,1,0,0,0,0,0,0,0,0,0,0,0,0,0,0,0,0,0,0,0,0,0,0,1,0,0,0,1,1,0,0,0,1,1,0,1,0,1,0,0,0,0,10000,0,83,1,6,Digital,Cashback,1,1,0,0,0,0,0,0,22.22,16.67,57.14,8.33,11.11,0.0,40.0,50.0,0.0
CAD-CC-00059,Northern Lights CU Aurora Low Interest Rewards Card,Northern Lights CU,Credit Union,Low Interest,Visa,2016,Active,20,10,30000,644,2.5,3.5,9.37,10.74,Cashback,0.31,Cashback Dollars,0,0,0,1,0,0,0,0,0,0,0,0,0,0,0,0,0,0,0,0,0,0,0,0,0,0,0,0,0,0,1,0,0,0,1,1,0,1,1,0,0,0,1,0,0,0,0,0,1,0,25,25,0,0,Sustainability,Digital,1,1,1,1,0,0,0,0,11.11,0.0,14.29,0.0,0.0,25.0,80.0,100.0,0.0
CAD-CC-00060,CanStyle Retail Prime Rewards Card,CanStyle Retail,Retail Partner,Rewards,American Express,2026,Active,89,0,0,668,2.5,3.5,20.16,23.05,Flexible Points,1.66,Cashback Dollars,0,0,1,1,0,0,0,0,0,0,0,0,0,0,0,0,0,0,0,0,0,0,0,1,0,0,0,0,0,0,0,0,0,0,0,0,1,0,0,0,1,1,1,1,0,0,0,0,1,15000,0,117,0,9,Digital,Sustainability,1,0,1,0,0,0,0,0,0.0,0.0,57.14,8.33,0.0,25.0,20.0,50.0,0.0
CAD-CC-00061,NeoMaple Financial Summit Student Rewards Card,NeoMaple Financial,Fintech,Student,Mastercard,2022,Active,0,0,0,605,2.5,4.0,21.73,22.95,Hybrid Rewards,1.59,Flexible Points,1,0,0,0,0,0,0,1,1,0,0,0,0,0,0,1,0,0,1,0,0,1,0,1,0,0,0,0,0,0,0,0,0,0,1,1,1,0,0,1,1,1,1,1,1,0,0,0,0,0,75,75,0,9,Student,Digital,1,1,1,0,0,0,0,0,0.0,50.0,85.71,25.0,33.33,0.0,60.0,75.0,0.0
CAD-CC-00062,MapleTrust Bank Momentum Lifestyle Rewards Plus Card,MapleTrust Bank,Bank,Lifestyle Rewards,Mastercard,2018,Active,0,29,15000,708,2.5,3.5,22.6,25.25,Cashback,2.05,Cashback Dollars,0,0,0,0,0,0,0,1,0,0,0,0,1,1,0,0,0,0,0,0,0,0,0,0,0,0,0,0,1,0,0,0,0,1,0,0,1,0,0,0,0,1,0,0,1,0,0,0,0,25000,0,163,0,6,Lifestyle,Cashback,1,0,0,0,0,0,0,0,22.22,33.33,28.57,0.0,33.33,0.0,20.0,25.0,0.0
CAD-CC-00064,Capital Crown Bank Prime Rewards Rewards Card,Capital Crown Bank,Bank,Rewards,Mastercard,2016,Active,0,0,80000,702,0.0,4.0,22.51,23.66,Hybrid Rewards,1.81,Flexible Points,0,0,1,0,0,0,0,0,0,0,0,0,0,0,0,0,0,0,0,0,0,0,0,0,0,0,0,0,0,0,0,1,0,0,0,0,0,0,1,1,1,1,1,1,1,0,0,0,0,15000,0,138,0,0,Digital,Travel,1,1,1,1,0,0,0,0,11.11,0.0,85.71,0.0,0.0,0.0,20.0,100.0,0.0
CAD-CC-00065,FreshBasket Prime Rewards Essentials Card,FreshBasket,Retail Partner,Rewards,Visa,2024,Active,39,0,15000,668,2.5,4.0,20.13,22.13,Cashback,2.52,Travel Points,0,0,1,0,0,0,0,1,0,0,0,0,1,1,0,0,0,0,0,0,0,0,0,0,0,0,0,0,0,0,0,0,0,0,0,0,0,1,0,0,0,0,0,0,0,0,0,0,0,15000,0,121,0,12,Lifestyle,Cashback,1,1,1,1,0,0,0,0,0.0,33.33,0.0,0.0,33.33,0.0,20.0,100.0,0.0
CAD-CC-00066,FlexiCard Digital Maple Subscription Rewards Plus Card,FlexiCard Digital,Fintech,Subscription Rewards,Visa,2016,Active,0,0,15000,752,0.0,4.0,20.86,23.25,Statement Credits,1.88,Cashback Dollars,0,1,0,0,1,1,0,0,0,0,0,1,1,0,0,0,0,0,0,1,1,0,1,1,1,1,0,0,1,0,1,1,0,0,1,0,0,1,0,1,0,1,1,1,1,1,0,1,0,25000,0,207,0,0,Digital,Subscription,1,1,0,1,0,0,0,0,44.44,0.0,85.71,66.67,22.22,25.0,40.0,75.0,0.0
CAD-CC-00068,MapleMart Maple Cashback World Card,MapleMart,Retail Partner,Cashback,American Express,2025,Active,89,0,60000,699,2.5,3.5,22.79,25.48,Cashback,1.63,Cashback Dollars,1,0,0,1,0,0,1,1,1,0,0,0,0,0,0,0,0,0,0,0,0,0,1,0,0,0,0,0,0,0,1,0,0,0,1,0,1,0,0,1,0,0,1,1,1,0,0,0,1,0,200,200,1,0,Cashback,Digital,1,1,1,1,0,0,0,0,11.11,66.67,57.14,8.33,33.33,25.0,40.0,100.0,0.0
CAD-CC-00070,Maple Leaf Credit Union Voyage Student Card,Maple Leaf Credit Union,Credit Union,Student,Mastercard,2024,Active,0,15,0,610,2.0,3.0,21.94,25.4,Hybrid Rewards,1.75,Cashback Dollars,0,0,1,0,0,0,1,0,0,0,0,0,0,1,1,1,0,0,0,0,0,1,0,1,0,0,0,0,0,0,1,0,0,0,0,1,0,1,0,1,0,0,0,1,1,0,0,0,0,0,75,75,0,0,Student,Digital,1,1,0,0,0,0,0,0,11.11,33.33,42.86,16.67,33.33,25.0,40.0,50.0,0.0
CAD-CC-00071,BrightSpend Prime Sustainability Explorer Card,BrightSpend,Fintech,Sustainability,Visa,2023,Active,89,0,0,643,2.5,4.0,22.23,25.53,Hybrid Rewards,0.83,Flexible Points,1,0,0,0,0,0,0,0,0,0,0,0,0,1,1,0,0,0,0,0,0,0,0,0,0,0,0,0,0,0,0,0,0,1,1,1,1,0,0,1,1,0,1,1,1,0,1,1,1,25000,0,243,0,6,Sustainability,Digital,1,0,1,0,0,0,0,0,11.11,33.33,71.43,0.0,11.11,100.0,60.0,50.0,0.0
CAD-CC-00072,Laurentian Maple Bank Edge Low Interest World Card,Laurentian Maple Bank,Bank,Low Interest,American Express,2015,Pilot,29,20,12000,711,0.0,2.0,11.8,13.19,Cashback,0.22,Cashback Dollars,0,0,1,1,0,0,0,0,0,0,0,0,0,0,0,0,0,0,0,0,0,0,0,0,1,0,0,0,0,0,0,1,0,0,0,1,0,0,0,1,0,1,0,0,0,0,0,1,0,0,0,0,0,0,Digital,Sustainability,1,1,0,0,0,0,0,0,11.11,0.0,28.57,8.33,0.0,25.0,20.0,50.0,0.0
CAD-CC-00074,Capital Crown Bank Everyday Low Interest Rewards Card,Capital Crown Bank,Bank,Low Interest,Mastercard,2020,Active,39,0,12000,628,0.0,3.0,12.18,14.03,Statement Credits,0.39,Cashback Dollars,0,0,1,1,0,0,1,0,0,0,0,0,0,1,0,0,0,0,0,0,0,0,0,0,0,0,0,0,0,0,0,1,0,0,1,1,1,0,1,1,1,0,1,0,0,0,0,0,0,0,50,50,0,9,Digital,Cashback,1,1,0,0,0,0,0,0,11.11,33.33,42.86,0.0,22.22,0.0,80.0,50.0,0.0
CAD-CC-00075,NorthPay Labs Everyday Subscription Rewards Card,NorthPay Labs,Fintech,Subscription Rewards,Visa,2016,Active,0,30,15000,638,2.5,2.0,22.61,26.03,Statement Credits,1.83,Cashback Dollars,0,0,0,0,1,1,0,1,0,0,0,0,1,0,0,0,0,0,0,1,1,0,1,1,1,1,0,0,0,0,0,0,0,0,1,0,0,0,0,1,1,1,1,1,1,0,0,0,1,0,50,50,0,0,Digital,Subscription,1,1,0,0,0,0,0,0,0.0,16.67,85.71,66.67,22.22,25.0,20.0,50.0,0.0
CAD-CC-00076,MapleTrust Bank Thrive Cashback Card,MapleTrust Bank,Bank,Cashback,Visa,2020,Active,0,0,30000,695,0.0,3.0,22.85,25.27,Cashback,1.56,Cashback Dollars,1,0,1,0,0,0,1,1,0,0,0,0,0,0,0,0,0,0,0,0,0,0,0,0,0,0,0,0,0,0,0,1,0,0,0,0,1,0,0,1,0,0,0,0,1,0,0,0,0,0,200,200,0,0,Cashback,Digital,1,1,0,1,0,0,0,0,11.11,50.0,28.57,0.0,22.22,0.0,20.0,75.0,0.0
CAD-CC-00078,Northern Dominion Bank Prime Privilege Travel Card,Northern Dominion Bank,Bank,Premium Travel,Mastercard,2015,Pilot,499,175,100000,730,0.0,3.5,22.81,24.61,Travel Points,2.92,Travel Points,0,1,1,0,0,0,0,1,0,1,1,0,1,0,0,0,0,0,0,0,0,0,0,0,0,0,1,1,1,1,1,1,1,1,0,1,0,0,1,1,1,1,1,1,0,0,0,0,0,50000,0,583,1,3,Travel,Digital,1,1,0,1,1,1,1,1,100.0,33.33,71.43,0.0,44.44,0.0,40.0,75.0,100.0
CAD-CC-00079,Capital Crown Bank Elevate Rewards Preferred Card,Capital Crown Bank,Bank,Rewards,American Express,2018,Active,39,29,60000,668,0.0,2.0,21.21,22.74,Hybrid Rewards,1.73,Flexible Points,0,1,1,1,0,0,0,1,0,0,0,0,0,1,0,0,0,0,0,0,0,0,0,0,0,0,0,0,0,0,0,1,0,0,0,1,0,1,0,1,1,1,1,0,1,0,0,1,0,15000,0,121,1,0,Digital,Cashback,1,1,0,1,0,0,0,0,22.22,33.33,71.43,0.0,22.22,25.0,40.0,75.0,0.0
CAD-CC-00081,Prairie Community CU Everyday Student Preferred Card,Prairie Community CU,Credit Union,Student,Mastercard,2026,Active,0,0,0,676,2.5,3.5,20.31,23.22,Hybrid Rewards,1.31,Cashback Dollars,1,0,0,0,0,1,1,0,0,0,0,0,0,0,1,1,0,1,1,0,0,0,0,0,1,0,1,0,0,0,0,0,0,0,1,1,1,0,0,0,1,1,1,1,0,0,0,0,0,0,50,50,0,12,Student,Digital,1,1,0,0,0,0,0,0,11.11,33.33,57.14,33.33,11.11,25.0,60.0,50.0,20.0
CAD-CC-00082,MapleTrust Bank Platinum Travel Plus Card,MapleTrust Bank,Bank,Travel,Mastercard,2017,Active,150,29,30000,704,2.5,4.0,22.74,25.61,Flexible Points,2.39,Loyalty Miles,1,1,1,0,0,1,0,0,0,0,0,0,0,0,0,0,0,0,0,0,1,0,0,1,0,0,0,1,0,1,1,0,1,1,0,0,0,0,0,0,1,1,0,0,0,0,1,0,1,10000,0,78,0,6,Business,Travel,1,1,0,1,0,0,0,0,66.67,16.67,28.57,25.0,0.0,50.0,0.0,75.0,0.0
CAD-CC-00083,Maple Leaf Credit Union Thrive Low Interest Rewards Card,Maple Leaf Credit Union,Credit Union,Low Interest,Visa,2026,Active,29,0,15000,671,2.5,2.0,12.06,13.67,Statement Credits,0.58,Cashback Dollars,0,0,0,1,0,0,0,0,0,0,0,0,0,0,0,0,0,0,0,0,0,0,0,0,0,0,0,0,1,0,0,0,0,0,1,1,1,1,1,0,0,0,1,1,0,0,0,0,0,0,0,0,0,3,Digital,Travel,1,1,1,0,0,0,0,0,11.11,0.0,28.57,0.0,0.0,0.0,100.0,75.0,0.0
CAD-CC-00084,NeoMaple Financial Maple Digital First Rewards Card,NeoMaple Financial,Fintech,Digital First,Visa,2025,Active,0,0,15000,758,2.5,2.0,21.94,24.54,Flexible Points,0.7,Flexible Points,0,0,0,0,0,0,0,1,0,0,0,0,0,0,0,0,1,1,0,1,1,0,0,0,0,0,0,0,0,0,0,0,0,0,1,1,1,1,0,1,1,1,1,1,1,1,0,0,0,15000,0,99,0,0,Digital,Business,0,1,1,0,0,0,0,0,0.0,16.67,100.0,33.33,11.11,0.0,80.0,50.0,0.0
CAD-CC-00085,Prairie Community CU Momentum Student Essentials Card,Prairie Community CU,Credit Union,Student,Mastercard,2021,Active,0,15,0,657,2.5,3.5,22.9,25.05,Flexible Points,1.26,Flexible Points,1,1,1,0,0,0,1,0,0,0,0,0,0,0,0,1,0,1,0,1,0,0,0,0,0,0,0,0,0,0,0,0,0,0,0,1,1,1,0,0,0,1,0,1,0,1,0,1,0,0,75,75,0,0,Student,Digital,1,0,0,0,0,0,0,0,11.11,33.33,42.86,16.67,11.11,25.0,60.0,25.0,0.0
CAD-CC-00086,Harbour Financial Everyday Low Interest Essentials Card,Harbour Financial,Bank,Low Interest,Visa,2020,Active,39,0,12000,630,2.5,2.0,14.15,15.19,Statement Credits,0.89,Cashback Dollars,1,0,0,0,0,0,0,0,0,0,0,0,1,0,0,0,0,0,0,0,0,0,0,0,0,0,0,0,0,0,0,0,0,0,1,1,0,0,1,0,1,1,1,0,1,0,0,1,0,0,75,75,0,3,Digital,Sustainability,1,1,1,0,0,0,0,0,0.0,16.67,57.14,0.0,11.11,25.0,60.0,75.0,0.0
CAD-CC-00087,CanadaJet Rewards Summit Travel Plus Card,CanadaJet Rewards,Airline Partner,Travel,Visa,2016,Active,89,29,30000,678,0.0,3.0,20.17,21.76,Travel Points,1.28,Travel Points,1,1,1,0,0,0,0,1,0,1,1,0,1,0,0,0,0,0,0,0,0,0,0,1,0,0,0,1,0,0,0,1,0,0,0,0,0,0,0,1,0,0,1,0,1,0,0,0,0,40000,0,356,0,3,Lifestyle,Digital,1,1,0,0,0,0,0,0,33.33,50.0,42.86,8.33,44.44,0.0,0.0,50.0,0.0
CAD-CC-00088,Prairie National Bank Edge Cashback World Card,Prairie National Bank,Bank,Cashback,Mastercard,2020,Active,89,0,80000,636,2.5,3.0,22.3,25.71,Cashback,2.55,Cashback Dollars,1,0,0,0,0,0,0,1,0,0,1,0,1,0,0,0,0,0,0,0,0,0,0,0,0,0,0,0,0,0,1,0,0,0,0,0,0,0,1,0,0,1,0,0,1,0,0,1,1,0,200,200,1,0,Lifestyle,Sustainability,1,1,1,1,0,0,0,0,11.11,33.33,28.57,0.0,33.33,50.0,20.0,100.0,0.0
CAD-CC-00089,PayWave Canada Thrive Digital First Preferred Card,PayWave Canada,Fintech,Digital First,Visa,2021,Active,49,0,0,758,0.0,2.0,21.08,23.83,Cashback,0.67,Flexible Points,0,0,0,0,0,1,1,0,1,0,1,0,0,0,0,0,0,1,0,0,0,1,0,1,0,0,0,0,0,0,0,1,0,0,0,0,0,0,1,1,1,1,1,1,1,1,0,0,0,25000,0,169,1,0,Digital,Business,1,1,0,0,0,0,0,0,11.11,33.33,100.0,33.33,44.44,0.0,20.0,50.0,0.0
CAD-CC-00090,ShopNorth Elevate Cashback Rewards Card,ShopNorth,Retail Partner,Cashback,Mastercard,2019,Active,120,29,60000,713,2.5,2.0,21.21,24.03,Cashback,1.25,Cashback Dollars,1,0,0,1,0,0,1,1,0,0,0,0,0,0,0,0,0,0,0,0,0,0,0,0,0,0,0,0,0,0,0,0,0,0,0,0,0,1,0,1,0,0,1,1,0,1,0,0,0,0,100,100,1,6,Cashback,Digital,1,0,1,0,0,0,0,1,0.0,50.0,57.14,0.0,22.22,0.0,20.0,50.0,20.0
CAD-CC-00091,PayWave Canada Voyage Balance Transfer Essentials Card,PayWave Canada,Fintech,Balance Transfer,Visa,2023,Active,39,0,15000,685,2.5,2.0,14.97,17.18,Statement Credits,0.64,Cashback Dollars,0,0,1,1,0,0,0,0,0,0,1,0,0,0,0,0,0,0,0,0,0,0,0,1,0,0,0,1,0,0,0,0,0,0,0,0,1,0,0,1,1,1,1,1,1,0,0,0,0,10000,0,61,1,0,Business,Digital,1,1,1,0,0,0,0,0,11.11,0.0,85.71,8.33,11.11,0.0,20.0,75.0,0.0
CAD-CC-00092,Prairie National Bank Edge Cashback Card,Prairie National Bank,Bank,Cashback,Mastercard,2023,Active,39,0,0,690,2.5,3.5,21.59,22.89,Cashback,2.12,Cashback Dollars,1,0,0,0,0,0,1,0,0,0,0,0,0,0,0,0,0,0,0,0,0,0,0,0,0,0,0,0,0,0,0,0,0,0,1,0,0,0,0,1,1,0,0,0,0,0,0,1,0,0,200,200,0,6,Cashback,Digital,1,1,1,1,0,0,0,0,0.0,33.33,28.57,0.0,11.11,25.0,20.0,100.0,0.0
CAD-CC-00093,Ontario Mutual CU Maple Travel Explorer Card,Ontario Mutual CU,Credit Union,Travel,Visa,2024,Active,150,0,30000,756,0.0,3.5,20.36,22.44,Travel Points,1.66,Travel Points,0,1,1,0,0,0,0,1,0,1,0,0,0,1,0,0,0,0,1,0,0,0,0,0,0,0,0,0,0,0,0,1,1,1,0,1,1,0,0,1,1,1,0,0,1,0,0,0,0,10000,0,67,0,9,Digital,Lifestyle,1,0,0,0,0,1,0,0,44.44,50.0,57.14,8.33,33.33,0.0,40.0,25.0,20.0
CAD-CC-00094,Atlantic Community CU Platinum Travel Rewards Card,Atlantic Community CU,Credit Union,Travel,Visa,2022,Active,39,29,30000,696,0.0,3.0,22.51,24.84,Flexible Points,2.21,Travel Points,1,1,1,0,0,0,0,1,0,1,0,0,0,0,0,0,0,0,0,0,0,1,0,0,1,0,0,0,1,0,1,1,0,1,0,0,0,0,0,0,0,1,0,1,0,0,1,0,0,40000,0,380,1,0,Travel,Cashback,1,0,0,0,1,0,1,0,55.56,50.0,28.57,16.67,33.33,25.0,0.0,25.0,40.0
CAD-CC-00096,Capital Crown Bank Maple Privilege Travel Advantage Card,Capital Crown Bank,Bank,Premium Travel,Mastercard,2015,Active,499,199,100000,776,0.0,4.0,21.34,24.35,Flexible Points,1.25,Travel Points,0,1,1,0,0,0,1,1,1,0,1,0,0,0,0,0,1,0,0,0,0,0,0,0,0,0,1,1,1,1,1,1,1,0,0,0,0,0,0,1,1,1,1,0,0,1,0,0,0,80000,0,873,0,0,Travel,Digital,1,1,0,1,1,1,0,0,88.89,50.0,71.43,8.33,44.44,0.0,0.0,75.0,60.0
CAD-CC-00097,Harbour Financial Aurora Subscription Rewards Plus Card,Harbour Financial,Bank,Subscription Rewards,American Express,2017,Active,120,0,30000,684,2.0,4.0,22.28,23.4,Statement Credits,1.61,Cashback Dollars,0,0,1,0,1,1,0,0,0,0,1,1,0,1,0,0,0,0,1,1,0,1,1,0,1,0,0,0,0,0,0,0,0,0,1,0,0,0,0,1,0,1,0,1,0,0,0,0,0,25000,0,232,1,12,Subscription,Lifestyle,1,1,1,0,0,1,0,0,0.0,16.67,42.86,58.33,44.44,0.0,20.0,75.0,20.0
CAD-CC-00099,MapleTrust Bank Prime Rewards Card,MapleTrust Bank,Bank,Rewards,Visa,2016,Active,99,29,30000,670,2.0,2.0,21.65,23.33,Flexible Points,1.32,Flexible Points,0,0,1,0,1,0,1,0,0,0,0,1,0,1,0,0,0,0,0,0,0,0,0,0,0,0,0,0,0,0,0,0,0,0,1,1,0,0,0,1,1,0,0,0,0,0,0,0,0,0,50,50,1,12,Business,Cashback,1,1,1,1,0,0,0,0,0.0,33.33,28.57,8.33,33.33,0.0,40.0,100.0,0.0
CAD-CC-00101,PocketCredit Platinum Cashback World Card,PocketCredit,Fintech,Cashback,American Express,2026,Active,99,29,60000,674,2.5,4.0,20.61,22.12,Cashback,0.92,Cashback Dollars,1,0,1,0,0,0,1,0,1,0,0,0,0,0,0,0,0,0,0,0,1,0,0,0,0,0,0,0,0,1,0,0,0,0,1,0,1,0,0,1,1,1,1,1,1,0,0,0,0,0,150,150,0,3,Digital,Cashback,1,1,1,0,0,0,0,0,11.11,50.0,85.71,8.33,22.22,0.0,40.0,75.0,0.0
CAD-CC-00102,BrightSpend Signature Subscription Rewards Preferred Card,BrightSpend,Fintech,Subscription Rewards,Visa,2023,Active,120,0,30000,710,2.5,3.0,20.79,23.95,Statement Credits,0.83,Cashback Dollars,0,0,1,0,1,1,0,0,0,0,0,1,0,0,0,0,0,1,1,1,1,1,0,1,1,0,0,0,0,0,0,0,0,0,0,0,0,0,0,0,1,1,1,1,1,0,0,0,0,25000,0,161,0,0,Subscription,Digital,1,1,0,0,0,0,0,0,0.0,0.0,71.43,75.0,22.22,0.0,0.0,50.0,0.0
CAD-CC-00104,TrueNorth Bank Momentum Sustainability Essentials Card,TrueNorth Bank,Bank,Sustainability,Visa,2020,Active,0,0,15000,649,0.0,3.5,22.55,25.47,Cashback,1.23,Cashback Dollars,0,0,0,1,1,1,0,0,0,1,1,0,0,0,1,0,0,0,0,0,0,0,0,0,0,0,0,1,0,0,0,1,0,1,0,0,1,0,0,1,1,1,0,0,0,0,1,1,1,25000,0,154,0,12,Sustainability,Digital,1,1,0,0,0,0,0,0,33.33,16.67,42.86,16.67,22.22,100.0,20.0,50.0,0.0
CAD-CC-00105,Coastline Credit Union Aurora Travel Advantage Card,Coastline Credit Union,Credit Union,Travel,Visa,2020,Active,39,0,15000,688,2.5,3.0,22.95,23.97,Travel Points,2.34,Loyalty Miles,1,1,1,0,0,0,0,1,0,0,0,0,0,1,0,0,0,0,0,0,0,0,0,0,0,0,0,0,1,1,0,0,1,0,1,0,0,0,1,1,0,0,0,1,0,0,0,0,0,10000,0,79,0,0,Cashback,Travel,1,0,0,1,0,0,0,0,44.44,50.0,28.57,0.0,22.22,0.0,40.0,50.0,0.0
CAD-CC-00106,PocketCredit Maple Cashback Card,PocketCredit,Fintech,Cashback,American Express,2021,Active,89,0,15000,635,2.5,3.0,22.6,25.35,Cashback,2.94,Cashback Dollars,1,0,0,1,0,0,1,0,1,0,0,0,1,0,0,0,0,0,0,0,0,0,0,0,0,0,0,0,0,0,0,0,0,0,0,0,0,1,0,1,1,1,0,1,1,0,0,0,0,0,50,50,1,12,Digital,Cashback,1,1,0,0,0,0,0,0,0.0,50.0,71.43,0.0,33.33,0.0,20.0,50.0,0.0
CAD-CC-00107,Atlantic Community CU Momentum Cashback Plus Card,Atlantic Community CU,Credit Union,Cashback,Mastercard,2017,Active,89,0,30000,717,2.0,3.5,21.06,24.43,Cashback,1.84,Cashback Dollars,1,0,1,0,0,0,0,1,0,0,0,0,0,0,0,0,0,0,1,0,0,1,0,0,0,0,0,0,0,0,0,0,1,0,0,0,1,0,0,0,0,0,0,0,0,0,0,0,0,0,150,150,0,3,Cashback,Subscription,1,1,0,1,0,0,0,0,11.11,33.33,0.0,16.67,22.22,0.0,20.0,75.0,0.0
CAD-CC-00108,MapleTrust Bank Summit Student Rewards Card,MapleTrust Bank,Bank,Student,Mastercard,2023,Active,39,0,5000,671,2.5,2.0,21.61,25.01,Hybrid Rewards,1.42,Cashback Dollars,1,0,1,0,0,0,1,1,1,0,0,0,0,1,0,1,0,0,0,1,1,0,0,0,0,0,0,0,0,0,0,0,0,0,1,1,1,0,0,1,1,1,0,0,0,1,0,0,0,0,50,50,1,3,Student,Cashback,1,1,0,0,0,0,0,0,0.0,83.33,57.14,16.67,44.44,0.0,60.0,50.0,0.0
CAD-CC-00109,FreshBasket Thrive Cashback Card,FreshBasket,Retail Partner,Cashback,Visa,2016,Active,39,0,30000,620,0.0,4.0,21.7,24.74,Cashback,1.78,Cashback Dollars,1,1,1,0,0,0,1,0,1,0,1,0,0,0,0,0,0,0,0,0,0,0,0,0,0,0,0,0,0,0,0,1,0,0,0,1,0,1,0,1,0,0,1,0,1,0,0,0,0,0,200,200,0,0,Cashback,Digital,1,1,1,1,0,0,0,0,22.22,50.0,42.86,0.0,33.33,0.0,40.0,100.0,0.0
CAD-CC-00110,Prairie National Bank Maple Digital First Essentials Card,Prairie National Bank,Bank,Digital First,Mastercard,2026,Active,0,0,15000,734,2.5,2.0,21.65,24.91,Flexible Points,1.9,Cashback Dollars,1,0,0,1,1,0,0,0,0,1,0,0,0,0,0,0,0,0,0,0,1,1,0,0,0,0,0,0,0,0,0,0,0,1,0,0,0,1,1,1,1,1,1,1,1,1,0,0,0,25000,0,248,0,3,Digital,Subscription,1,1,0,0,0,0,0,0,11.11,33.33,100.0,25.0,22.22,0.0,40.0,50.0,0.0
CAD-CC-00111,TrueNorth Bank Thrive Lifestyle Rewards Essentials Card,TrueNorth Bank,Bank,Lifestyle Rewards,Visa,2019,Active,99,29,30000,623,2.0,4.0,21.85,23.1,Hybrid Rewards,0.95,Travel Points,0,0,0,0,0,0,0,1,1,0,1,0,1,0,0,0,1,0,0,0,0,1,0,0,0,0,0,0,0,1,0,0,0,0,0,1,1,0,1,0,0,0,0,0,1,0,0,0,1,0,100,100,1,0,Lifestyle,Cashback,1,1,0,0,0,0,0,0,11.11,33.33,14.29,16.67,55.56,25.0,60.0,50.0,0.0
CAD-CC-00112,Maple Leaf Credit Union Select Low Interest World Card,Maple Leaf Credit Union,Credit Union,Low Interest,Visa,2021,Active,29,10,0,654,3.0,4.0,11.91,13.05,Cashback,0.73,Cashback Dollars,0,0,0,0,0,0,0,0,0,0,0,0,0,0,0,0,0,0,0,0,0,0,0,0,0,0,0,0,0,0,0,0,0,0,0,0,1,0,1,0,1,1,0,1,0,0,0,0,0,0,75,75,1,0,Digital,Cashback,1,0,0,0,0,0,0,0,0.0,0.0,42.86,0.0,0.0,0.0,40.0,25.0,0.0
CAD-CC-00113,Polar Wings Platinum Privilege Travel World Card,Polar Wings,Airline Partner,Premium Travel,Visa,2019,Active,499,149,60000,792,0.0,3.0,21.56,22.84,Travel Points,2.03,Flexible Points,0,1,1,0,0,0,0,0,1,1,1,0,0,1,0,0,1,0,0,0,0,0,0,0,0,0,1,1,1,1,1,1,1,1,1,0,0,0,0,1,1,0,1,0,0,0,0,0,1,70000,0,705,0,6,Travel,Lifestyle,1,1,1,1,0,1,1,1,100.0,50.0,42.86,8.33,44.44,25.0,20.0,100.0,80.0
CAD-CC-00114,Northern Lights CU Prime Low Interest Plus Card,Northern Lights CU,Credit Union,Low Interest,Mastercard,2022,Active,39,0,15000,644,2.5,3.5,13.15,16.35,Hybrid Rewards,0.52,Cashback Dollars,1,0,1,0,0,0,0,0,0,0,1,0,0,0,0,0,0,0,0,0,0,0,0,0,0,0,0,0,0,0,0,0,0,0,1,1,1,1,0,1,0,0,0,1,0,0,0,0,0,0,0,0,0,6,Digital,Cashback,1,1,1,0,0,0,0,0,0.0,16.67,28.57,0.0,11.11,0.0,80.0,75.0,0.0
CAD-CC-00115,GlobePass Canada Prime Travel Plus Card,GlobePass Canada,Travel Partner,Travel,Visa,2015,Active,39,29,30000,674,2.0,2.0,21.18,22.52,Flexible Points,1.42,Travel Points,0,1,1,0,0,0,0,0,0,1,0,0,0,0,0,0,0,0,0,0,0,0,0,0,0,0,0,0,1,1,1,0,1,1,0,1,0,0,0,1,1,0,1,0,0,0,1,0,0,15000,0,96,1,0,Travel,Digital,0,1,0,1,0,0,0,0,66.67,16.67,42.86,0.0,11.11,25.0,20.0,50.0,0.0
CAD-CC-00116,Atlantic Community CU Voyage Cashback Rewards Card,Atlantic Community CU,Credit Union,Cashback,American Express,2018,Active,0,0,30000,699,2.5,2.0,21.28,23.16,Cashback,0.84,Cashback Dollars,1,0,0,0,0,0,1,0,1,0,0,0,0,1,0,0,0,0,0,0,0,0,0,0,0,0,0,0,0,0,0,0,0,0,1,0,1,0,0,0,0,0,1,1,1,0,0,1,0,0,200,200,0,0,Cashback,Digital,0,1,0,1,0,0,0,0,0.0,66.67,42.86,0.0,33.33,25.0,40.0,50.0,0.0
CAD-CC-00117,HomeBase Canada Signature Rewards World Card,HomeBase Canada,Retail Partner,Rewards,American Express,2022,Active,120,0,60000,737,2.0,3.0,21.37,22.91,Flexible Points,0.91,Flexible Points,0,0,1,0,0,0,1,1,0,0,0,0,1,1,0,0,0,0,0,0,0,0,0,1,0,0,0,0,0,0,0,0,0,0,0,0,0,0,0,0,1,0,1,0,0,0,0,0,0,15000,0,118,1,6,Cashback,Lifestyle,1,0,0,1,0,0,0,0,0.0,50.0,28.57,8.33,44.44,0.0,0.0,50.0,0.0
CAD-CC-00118,Prairie National Bank Select Student Explorer Card,Prairie National Bank,Bank,Student,Mastercard,2020,Active,25,10,5000,672,2.5,3.0,21.19,24.21,Cashback,1.49,Flexible Points,1,0,0,1,1,0,1,0,0,0,0,0,1,0,0,1,1,0,0,0,0,1,0,0,0,0,0,0,0,0,0,0,0,0,1,0,1,0,1,1,1,0,0,0,1,0,0,0,0,0,50,50,0,0,Student,Digital,1,1,0,0,0,0,0,0,0.0,33.33,42.86,25.0,33.33,0.0,60.0,50.0,0.0
CAD-CC-00119,Coastline Credit Union Elevate Rewards Advantage Card,Coastline Credit Union,Credit Union,Rewards,Visa,2023,Active,120,0,30000,700,2.5,3.0,22.09,24.17,Cashback,2.23,Flexible Points,0,0,1,1,0,0,1,0,0,0,0,0,1,0,0,0,0,1,0,0,0,0,0,0,0,0,0,1,0,1,0,0,0,0,0,0,1,0,0,1,0,1,1,0,0,0,0,0,0,25000,0,211,1,0,Digital,Cashback,0,1,0,1,0,0,0,0,22.22,16.67,42.86,8.33,22.22,0.0,20.0,50.0,0.0
CAD-CC-00120,Laurentian Maple Bank Edge Low Interest Advantage Card,Laurentian Maple Bank,Bank,Low Interest,American Express,2026,Active,39,10,0,651,2.5,2.0,11.64,13.18,Cashback,0.49,Cashback Dollars,0,0,0,0,0,0,0,0,0,0,0,0,0,1,0,0,0,0,0,0,0,0,1,0,0,0,0,0,0,0,0,0,0,0,0,1,1,1,1,1,0,0,0,0,0,0,0,0,0,0,25,25,1,0,Lifestyle,Cashback,1,1,0,1,0,0,0,0,0.0,16.67,14.29,8.33,11.11,0.0,80.0,75.0,0.0
CAD-CC-00121,Prairie Community CU North Student Plus Card,Prairie Community CU,Credit Union,Student,Mastercard,2018,Active,39,15,5000,656,2.5,3.5,20.38,21.56,Flexible Points,1.38,Flexible Points,0,0,0,1,0,1,0,0,0,0,0,0,0,0,0,1,0,0,1,0,0,1,0,0,1,0,0,0,0,0,0,0,0,0,0,0,1,1,1,1,1,0,1,0,0,0,0,0,0,0,50,50,1,0,Student,Business,1,1,1,1,0,0,0,0,0.0,0.0,42.86,33.33,11.11,0.0,60.0,100.0,0.0
CAD-CC-00123,Atlantic Community CU Summit Travel Explorer Card,Atlantic Community CU,Credit Union,Travel,Visa,2019,Active,120,29,60000,776,2.5,2.0,20.79,23.24,Flexible Points,1.24,Travel Points,0,1,1,0,0,0,0,1,0,1,1,0,1,0,0,0,0,0,0,0,0,0,0,0,0,0,0,0,1,1,0,0,1,1,0,0,0,0,0,1,1,0,1,0,1,0,0,0,0,10000,0,64,1,0,Lifestyle,Digital,1,1,0,1,0,0,0,0,55.56,33.33,57.14,0.0,44.44,0.0,0.0,75.0,0.0
CAD-CC-00124,Northern Dominion Bank Signature Low Interest Advantage Card,Northern Dominion Bank,Bank,Low Interest,Mastercard,2022,Active,59,20,0,718,3.0,3.5,10.42,11.84,Statement Credits,0.24,Cashback Dollars,0,0,1,0,0,0,0,0,0,0,0,0,0,0,0,0,0,0,0,0,0,0,0,0,0,0,0,1,0,0,0,0,0,0,1,0,1,0,0,1,0,1,0,0,1,0,0,1,0,0,0,0,0,9,Digital,Sustainability,1,1,1,1,0,0,0,0,11.11,0.0,42.86,0.0,0.0,25.0,40.0,100.0,0.0
CAD-CC-00125,MapleTrust Bank Summit Rewards World Card,MapleTrust Bank,Bank,Rewards,Visa,2021,Active,89,0,15000,627,0.0,2.0,22.54,25.09,Flexible Points,1.72,Cashback Dollars,0,0,0,0,1,0,0,0,0,1,0,0,1,0,0,0,0,0,0,0,0,0,0,0,0,0,0,1,0,0,0,1,0,0,1,0,1,0,0,1,1,1,1,0,0,0,0,0,0,15000,0,146,1,0,Digital,Lifestyle,1,1,0,1,0,0,0,0,22.22,16.67,57.14,8.33,22.22,0.0,40.0,75.0,0.0
CAD-CC-00126,MapleTrust Bank North Privilege Travel Rewards Card,MapleTrust Bank,Bank,Premium Travel,Visa,2021,Active,499,149,100000,789,0.0,2.0,21.91,25.12,Travel Points,1.89,Travel Points,0,1,1,0,0,0,1,1,0,1,0,0,0,0,0,0,0,0,0,0,0,0,0,0,0,0,1,1,1,1,1,1,1,1,0,0,0,1,0,1,1,0,1,1,0,0,0,0,0,90000,0,1173,0,12,Travel,Digital,0,1,1,1,1,1,0,0,100.0,50.0,57.14,0.0,33.33,0.0,20.0,75.0,60.0
CAD-CC-00127,NeoMaple Financial Thrive Student Advantage Card,NeoMaple Financial,Fintech,Student,Visa,2026,Active,25,15,10000,617,2.5,3.0,22.37,25.2,Cashback,1.99,Flexible Points,0,0,0,0,0,0,0,1,0,0,0,0,1,0,0,1,1,0,0,1,0,0,1,0,0,0,0,0,0,0,0,0,0,0,0,1,1,1,0,0,0,1,1,0,1,0,0,0,0,0,0,0,0,3,Student,Digital,1,1,1,0,0,0,0,0,0.0,16.67,42.86,25.0,22.22,0.0,60.0,75.0,0.0
CAD-CC-00128,NorthPay Labs North Balance Transfer Plus Card,NorthPay Labs,Fintech,Balance Transfer,American Express,2025,Active,0,10,30000,662,2.5,4.0,15.58,18.7,Cashback,0.91,Cashback Dollars,1,0,0,1,0,0,1,0,0,0,0,0,0,1,0,0,0,0,0,0,0,0,1,0,0,0,0,1,0,0,0,0,0,0,1,1,0,0,0,1,1,1,0,1,1,0,0,0,0,15000,0,140,0,9,Business,Digital,1,1,1,1,0,0,0,0,11.11,50.0,71.43,8.33,22.22,0.0,40.0,100.0,0.0
CAD-CC-00129,FlexiCard Digital Momentum Lifestyle Rewards Essentials Card,FlexiCard Digital,Fintech,Lifestyle Rewards,Visa,2021,Active,89,0,15000,727,2.5,4.0,20.48,22.89,Hybrid Rewards,2.36,Flexible Points,0,0,0,0,0,0,0,1,0,0,1,0,1,0,0,0,0,0,0,1,0,0,0,1,1,0,0,0,0,0,0,0,0,0,1,0,1,0,0,1,1,0,1,1,1,0,0,0,0,25000,0,186,0,0,Digital,Lifestyle,1,1,0,0,0,0,0,0,0.0,16.67,71.43,25.0,33.33,0.0,40.0,50.0,0.0
CAD-CC-00131,TrueNorth Bank Select Balance Transfer World Card,TrueNorth Bank,Bank,Balance Transfer,American Express,2025,Active,20,10,30000,707,2.5,2.0,16.8,18.63,Statement Credits,0.35,Cashback Dollars,0,0,0,1,0,0,0,0,0,0,0,0,0,0,0,0,0,0,0,0,0,0,0,0,0,0,0,1,0,0,1,0,0,0,1,1,1,0,0,1,0,1,0,0,0,1,0,0,0,0,50,50,0,0,Digital,Travel,1,0,0,1,0,0,0,0,22.22,0.0,42.86,0.0,0.0,0.0,60.0,50.0,0.0
CAD-CC-00132,Ontario Mutual CU Elevate Cashback Explorer Card,Ontario Mutual CU,Credit Union,Cashback,Visa,2017,Active,0,0,15000,679,2.5,3.0,22.64,25.51,Cashback,1.02,Cashback Dollars,1,0,0,0,0,1,1,1,1,0,1,0,0,1,0,0,0,0,0,0,0,0,0,0,0,0,0,0,0,0,0,0,0,0,0,0,0,0,0,1,0,0,1,0,1,0,0,1,0,0,100,100,1,0,Cashback,Lifestyle,1,1,1,1,0,0,0,0,0.0,83.33,42.86,8.33,55.56,25.0,0.0,100.0,0.0
CAD-CC-00134,MapleTrust Bank Summit Rewards Advantage Card,MapleTrust Bank,Bank,Rewards,Mastercard,2017,Active,89,0,30000,640,2.0,4.0,22.07,25.44,Flexible Points,1.31,Travel Points,0,0,0,1,0,0,0,1,0,0,0,0,0,0,0,0,0,0,0,0,0,0,0,0,0,1,0,0,0,0,1,0,1,0,0,0,1,1,0,1,1,0,0,1,0,0,0,0,0,0,150,150,1,0,Digital,Travel,0,1,1,0,0,0,0,0,22.22,16.67,42.86,8.33,11.11,0.0,40.0,50.0,0.0
CAD-CC-00136,CanadaJet Rewards Elevate Travel Card,CanadaJet Rewards,Airline Partner,Travel,Visa,2021,Active,39,50,30000,698,2.5,4.0,21.49,24.95,Travel Points,1.31,Travel Points,0,1,1,0,0,0,0,1,1,1,1,0,0,0,0,0,0,0,0,0,0,0,0,0,0,0,0,1,1,0,0,0,0,1,1,0,1,0,0,1,1,1,1,0,0,0,0,0,0,20000,0,153,1,0,Digital,Lifestyle,1,1,0,0,1,0,0,0,44.44,50.0,57.14,0.0,44.44,0.0,40.0,50.0,20.0
CAD-CC-00137,TrueNorth Bank Edge Travel World Card,TrueNorth Bank,Bank,Travel,Mastercard,2025,Active,120,29,30000,721,0.0,2.0,20.77,23.16,Flexible Points,1.94,Flexible Points,0,1,1,0,0,0,0,0,0,0,1,0,0,0,0,0,0,0,0,0,0,0,0,0,0,0,1,1,0,0,0,1,0,1,1,0,1,0,1,1,0,1,0,1,0,0,0,0,0,30000,0,265,1,0,Travel,Digital,1,1,0,0,0,0,0,0,55.56,0.0,42.86,0.0,11.11,0.0,60.0,50.0,20.0
CAD-CC-00139,MapleMart Summit Cashback Explorer Card,MapleMart,Retail Partner,Cashback,Visa,2018,Active,39,0,60000,642,2.5,3.0,22.82,24.53,Cashback,0.95,Cashback Dollars,1,0,0,0,0,0,1,1,1,0,0,0,0,1,0,0,0,0,0,0,0,0,0,0,0,0,0,0,0,0,0,0,0,1,0,1,0,0,0,1,1,1,1,0,0,0,0,0,0,0,200,200,1,9,Cashback,Digital,1,1,0,0,0,0,0,0,11.11,83.33,57.14,0.0,44.44,0.0,20.0,50.0,0.0
CAD-CC-00140,Capital Crown Bank Thrive Lifestyle Rewards Card,Capital Crown Bank,Bank,Lifestyle Rewards,Visa,2019,Active,99,0,15000,747,2.5,4.0,20.22,21.62,Cashback,1.58,Flexible Points,1,0,0,0,0,0,0,0,1,0,1,0,0,1,0,0,0,0,0,1,0,0,1,1,1,0,0,0,0,0,0,0,0,0,1,1,1,1,0,1,1,1,0,0,0,0,0,0,0,25000,0,239,0,9,Cashback,Digital,1,1,1,0,0,0,0,0,0.0,50.0,42.86,33.33,33.33,0.0,80.0,75.0,0.0
CAD-CC-00141,TrailStay Rewards Platinum Privilege Travel Infinite Card,TrailStay Rewards,Travel Partner,Premium Travel,Visa,2018,Active,599,99,60000,779,1.5,4.0,21.17,24.35,Travel Points,2.31,Flexible Points,0,1,1,0,0,0,0,0,0,0,0,0,1,0,0,0,0,0,0,0,0,0,0,0,0,0,1,1,1,1,1,0,1,0,0,0,0,0,0,1,1,1,0,1,0,0,0,0,0,60000,0,681,0,6,Travel,Digital,1,0,1,1,0,1,1,0,77.78,0.0,57.14,0.0,11.11,0.0,0.0,75.0,60.0
CAD-CC-00142,PayWave Canada Platinum Lifestyle Rewards Rewards Card,PayWave Canada,Fintech,Lifestyle Rewards,Visa,2024,Active,39,50,30000,640,3.0,2.0,20.19,22.08,Flexible Points,0.91,Travel Points,0,0,0,1,0,0,0,0,0,0,1,0,1,0,0,0,0,0,0,1,1,1,1,0,1,0,0,0,0,0,0,0,0,0,0,0,0,0,0,1,1,1,1,1,1,1,0,0,0,0,50,50,0,0,Digital,Subscription,1,1,1,1,0,0,0,0,0.0,0.0,100.0,41.67,33.33,0.0,0.0,100.0,0.0
CAD-CC-00143,MapleAir Aurora Travel Rewards Card,MapleAir,Airline Partner,Travel,Visa,2020,Active,89,29,30000,685,2.5,3.0,21.06,24.43,Travel Points,2.01,Loyalty Miles,1,1,1,0,0,0,0,0,0,0,1,0,0,0,0,0,0,0,0,0,0,0,0,0,0,0,0,1,0,0,0,0,1,1,0,0,0,0,0,1,1,0,0,1,0,0,0,0,0,15000,0,117,0,3,Travel,Digital,1,1,1,1,0,1,0,0,44.44,16.67,42.86,0.0,11.11,0.0,0.0,100.0,20.0
CAD-CC-00145,Prairie Community CU Aurora Sustainability World Card,Prairie Community CU,Credit Union,Sustainability,Visa,2024,Active,0,15,15000,748,2.0,4.0,20.99,22.11,Cashback,1.43,Flexible Points,0,0,0,0,0,0,1,0,0,0,0,0,0,0,1,0,0,0,0,0,0,0,0,0,0,0,0,0,0,0,0,0,0,0,1,0,0,0,1,1,1,1,0,1,0,0,0,1,1,15000,0,98,0,6,Sustainability,Digital,1,1,0,0,0,0,0,0,0.0,16.67,57.14,0.0,11.11,75.0,40.0,50.0,0.0
CAD-CC-00146,MapleTrust Bank Edge Privilege Travel Essentials Card,MapleTrust Bank,Bank,Premium Travel,Mastercard,2022,Active,499,175,80000,804,0.0,2.0,20.65,22.34,Flexible Points,2.27,Loyalty Miles,0,1,1,0,0,0,0,0,0,0,0,0,0,0,0,0,0,0,0,0,0,0,0,0,0,1,1,1,1,1,1,1,1,1,0,1,1,0,0,1,1,0,0,1,0,0,0,0,0,70000,0,976,0,0,Travel,Digital,1,1,0,0,1,0,0,0,100.0,0.0,42.86,8.33,0.0,0.0,40.0,50.0,40.0
CAD-CC-00148,Prairie National Bank Voyage Privilege Travel Advantage Card,Prairie National Bank,Bank,Premium Travel,Visa,2025,Active,499,149,60000,728,2.5,3.0,20.32,21.36,Flexible Points,1.39,Travel Points,0,1,1,0,0,0,0,0,0,1,1,0,1,0,0,0,0,0,0,0,0,0,0,0,0,0,0,1,1,1,1,0,1,1,0,0,1,0,0,0,0,1,1,0,0,0,0,0,0,80000,0,910,0,0,Travel,Lifestyle,1,1,0,0,1,1,1,0,77.78,16.67,28.57,0.0,33.33,0.0,20.0,50.0,60.0
CAD-CC-00149,PocketCredit Voyage Digital First Plus Card,PocketCredit,Fintech,Digital First,Mastercard,2022,Active,0,0,30000,701,2.5,3.5,21.12,23.9,Flexible Points,0.99,Cashback Dollars,1,0,1,0,1,0,0,0,0,1,0,0,0,0,0,0,0,0,1,0,0,1,0,0,0,0,0,0,0,0,0,0,0,0,1,0,1,0,1,1,1,1,1,1,1,1,0,0,0,0,150,150,0,9,Digital,Subscription,1,1,1,1,0,0,0,0,0.0,33.33,100.0,25.0,22.22,0.0,60.0,100.0,0.0
CAD-CC-00150,MapleMart Select Rewards Essentials Card,MapleMart,Retail Partner,Rewards,American Express,2019,Active,0,0,15000,709,3.0,3.0,21.44,22.45,Flexible Points,1.45,Flexible Points,0,1,0,0,0,0,1,0,0,0,0,0,0,0,0,0,0,0,0,0,0,0,0,0,0,0,0,0,0,0,0,0,0,0,1,0,0,0,0,0,0,1,0,1,0,0,0,0,0,0,150,150,1,3,Digital,Cashback,1,1,0,0,0,0,0,0,11.11,16.67,28.57,0.0,11.11,0.0,20.0,50.0,0.0
CAD-CC-00151,Prairie National Bank Edge Cashback Explorer Card,Prairie National Bank,Bank,Cashback,American Express,2023,Active,0,0,15000,647,2.0,4.0,20.84,21.84,Cashback,2.97,Cashback Dollars,1,0,0,0,0,1,1,0,0,0,0,0,0,1,0,0,0,0,0,0,0,0,0,0,0,0,0,0,0,0,0,0,0,0,1,0,0,0,0,1,1,1,0,0,0,0,0,0,0,0,100,100,1,6,Cashback,Digital,1,1,0,0,0,0,0,0,0.0,50.0,42.86,8.33,22.22,0.0,20.0,50.0,0.0
CAD-CC-00152,Prairie Community CU Flex Low Interest Card,Prairie Community CU,Credit Union,Low Interest,Visa,2020,Active,29,20,12000,712,2.5,3.0,11.61,13.28,Cashback,1.1,Cashback Dollars,0,1,1,0,0,0,0,0,0,0,0,0,0,0,0,0,0,0,0,0,0,0,0,0,0,0,0,0,0,0,0,0,0,0,1,1,1,0,1,0,1,1,0,1,0,0,0,0,0,0,75,75,0,6,Digital,Travel,1,0,0,0,0,0,0,0,11.11,0.0,42.86,0.0,0.0,0.0,80.0,25.0,0.0
CAD-CC-00153,NorthPay Labs North Cashback Essentials Card,NorthPay Labs,Fintech,Cashback,American Express,2022,Active,89,0,0,625,2.5,2.0,22.61,23.63,Cashback,1.97,Cashback Dollars,1,0,1,0,0,0,1,0,0,0,0,0,0,1,0,0,0,0,0,0,0,0,0,0,0,0,0,0,0,0,0,0,0,0,0,0,0,0,0,1,1,1,1,1,1,0,1,0,0,0,100,100,0,12,Digital,Cashback,1,1,0,1,0,0,0,0,0.0,50.0,85.71,0.0,22.22,25.0,0.0,75.0,0.0
CAD-CC-00154,Prairie National Bank Edge Travel Essentials Card,Prairie National Bank,Bank,Travel,Visa,2021,Active,89,50,30000,678,2.5,3.5,22.38,24.98,Travel Points,1.92,Loyalty Miles,0,1,1,0,0,0,0,0,0,0,0,0,0,0,1,0,0,0,0,0,0,0,0,0,0,1,0,1,0,0,0,0,0,0,0,0,0,0,0,0,1,1,1,0,0,0,0,0,0,10000,0,80,0,9,Business,Digital,0,1,0,0,0,0,0,0,22.22,0.0,42.86,8.33,0.0,25.0,0.0,25.0,0.0
CAD-CC-00155,MapleMart North Rewards Infinite Card,MapleMart,Retail Partner,Rewards,Visa,2025,Active,120,0,30000,664,2.5,3.5,21.02,22.93,Flexible Points,1.28,Flexible Points,1,0,0,0,0,0,1,1,0,0,0,0,1,0,0,0,0,0,0,0,0,0,0,0,0,0,0,0,0,0,0,0,0,0,0,0,0,0,0,1,1,1,1,1,0,0,0,1,0,0,50,50,0,0,Digital,Cashback,1,1,0,1,0,0,0,0,0.0,50.0,71.43,0.0,33.33,25.0,0.0,75.0,0.0
CAD-CC-00156,Capital Crown Bank Everyday Subscription Rewards Advantage Card,Capital Crown Bank,Bank,Subscription Rewards,Visa,2017,Active,89,0,0,642,2.5,4.0,20.19,22.78,Statement Credits,1.49,Cashback Dollars,0,0,0,0,1,1,0,0,0,0,0,0,0,0,0,0,1,0,1,0,0,1,0,1,1,1,0,0,0,0,0,0,0,0,0,0,1,0,1,1,0,0,0,0,0,0,0,0,0,15000,0,105,0,0,Subscription,Digital,1,1,0,1,0,0,0,0,0.0,0.0,14.29,66.67,11.11,0.0,40.0,75.0,0.0
CAD-CC-00157,CanStyle Retail Platinum Lifestyle Rewards Preferred Card,CanStyle Retail,Retail Partner,Lifestyle Rewards,Mastercard,2016,Active,99,0,60000,750,2.5,3.5,21.33,23.23,Flexible Points,1.51,Flexible Points,1,0,0,0,0,0,0,1,0,0,1,0,1,1,0,0,0,0,1,1,0,1,0,0,0,0,0,0,0,0,0,0,0,0,0,0,1,1,0,1,0,1,0,1,1,0,0,0,0,25000,0,183,0,0,Lifestyle,Cashback,1,1,1,1,0,0,0,0,0.0,50.0,57.14,25.0,55.56,0.0,40.0,100.0,0.0
CAD-CC-00158,NeoMaple Financial Momentum Digital First World Card,NeoMaple Financial,Fintech,Digital First,Mastercard,2017,Active,89,0,15000,630,2.5,3.5,21.75,22.83,Flexible Points,1.55,Cashback Dollars,0,0,0,0,1,0,1,0,0,0,0,0,1,1,0,0,0,0,0,0,1,0,0,0,0,1,0,0,0,0,0,0,0,0,1,0,0,0,0,1,1,1,1,1,1,1,0,0,0,10000,0,99,1,9,Digital,Cashback,1,1,0,0,0,0,0,0,0.0,33.33,100.0,25.0,33.33,0.0,20.0,50.0,0.0
CAD-CC-00159,NeoMaple Financial Summit Cashback World Card,NeoMaple Financial,Fintech,Cashback,Visa,2015,Active,99,0,30000,717,2.5,2.0,22.85,23.94,Cashback,1.9,Cashback Dollars,1,0,0,1,0,0,0,1,1,0,0,0,0,0,0,0,0,0,0,0,0,0,0,0,0,0,1,0,0,0,0,0,0,0,1,0,0,0,0,1,1,1,1,1,1,0,0,0,0,0,50,50,1,0,Digital,Cashback,0,1,0,0,0,0,0,0,11.11,50.0,85.71,0.0,22.22,0.0,20.0,25.0,20.0
CAD-CC-00160,Northern Lights CU Edge Rewards Preferred Card,Northern Lights CU,Credit Union,Rewards,Visa,2021,Active,39,29,30000,746,2.5,2.0,20.81,22.11,Cashback,2.37,Travel Points,0,0,0,0,0,0,0,0,0,0,1,0,0,0,0,0,0,0,0,0,0,0,0,0,0,0,0,0,0,0,0,0,0,0,1,0,0,0,0,1,0,1,0,0,1,0,0,0,0,0,50,50,1,0,Digital,Lifestyle,1,1,0,0,0,0,0,0,0.0,0.0,42.86,0.0,11.11,0.0,20.0,50.0,0.0
CAD-CC-00161,Northern Lights CU Signature Student Card,Northern Lights CU,Credit Union,Student,Visa,2022,Active,0,15,10000,684,2.5,3.5,21.7,22.8,Flexible Points,1.58,Cashback Dollars,0,1,0,0,0,1,1,0,0,0,0,0,0,1,0,1,0,0,1,0,0,1,0,1,0,1,0,0,0,0,0,0,0,0,1,1,1,0,1,0,1,0,1,1,1,1,0,0,0,0,0,0,0,0,Student,Digital,1,1,1,0,0,0,0,0,11.11,33.33,71.43,41.67,33.33,0.0,80.0,75.0,0.0
CAD-CC-00162,Laurentian Maple Bank Edge Travel Explorer Card,Laurentian Maple Bank,Bank,Travel,Visa,2020,Active,89,75,80000,691,2.5,3.5,21.37,24.21,Flexible Points,1.81,Travel Points,0,1,1,0,0,0,0,1,0,0,0,0,0,0,0,0,0,0,0,0,0,0,0,0,0,0,0,0,1,0,0,0,0,1,1,0,1,0,1,1,1,0,0,0,0,0,0,0,0,40000,0,274,0,6,Travel,Digital,1,1,0,1,0,0,0,0,33.33,16.67,28.57,0.0,11.11,0.0,60.0,75.0,0.0
CAD-CC-00163,Northern Lights CU Platinum Low Interest Card,Northern Lights CU,Credit Union,Low Interest,Visa,2018,Pilot,20,0,12000,622,2.5,3.5,13.96,15.9,Statement Credits,0.79,Cashback Dollars,0,0,0,1,0,0,1,0,0,0,0,0,0,1,0,0,0,0,0,0,0,0,0,0,0,0,0,0,0,0,0,0,0,0,0,0,0,1,1,1,1,0,1,0,1,0,0,0,0,0,0,0,1,0,Digital,Cashback,1,1,1,0,0,0,0,0,0.0,33.33,57.14,0.0,22.22,0.0,40.0,75.0,0.0
CAD-CC-00164,FlexiCard Digital Elevate Digital First Explorer Card,FlexiCard Digital,Fintech,Digital First,Visa,2018,Active,49,0,0,716,0.0,2.0,20.55,23.66,Flexible Points,1.43,Flexible Points,1,1,0,0,0,0,0,0,0,0,0,0,0,0,0,0,0,1,0,0,0,0,0,0,0,0,0,0,0,0,0,1,0,0,1,1,0,0,0,0,1,1,1,1,1,1,0,1,0,0,150,150,1,6,Digital,Sustainability,1,1,1,0,0,0,0,0,22.22,16.67,85.71,8.33,0.0,25.0,40.0,75.0,0.0
CAD-CC-00165,Harbour Financial Edge Privilege Travel Advantage Card,Harbour Financial,Bank,Premium Travel,Visa,2017,Active,399,199,100000,721,2.0,3.5,21.98,25.17,Travel Points,3.34,Travel Points,0,1,1,0,0,0,0,1,0,0,0,0,1,1,0,0,0,0,0,0,0,0,0,1,0,0,1,1,1,1,1,0,1,1,0,0,0,0,0,1,0,1,1,1,0,0,0,0,1,60000,0,829,0,12,Travel,Lifestyle,0,1,1,0,0,1,1,1,88.89,33.33,57.14,8.33,33.33,25.0,0.0,50.0,80.0
CAD-CC-00166,BrightSpend Momentum Digital First Infinite Card,BrightSpend,Fintech,Digital First,Mastercard,2019,Active,0,0,0,726,2.5,3.0,21.57,22.7,Flexible Points,1.79,Flexible Points,1,0,0,0,1,1,0,0,0,0,0,0,0,0,0,0,1,0,0,0,1,1,1,0,0,1,0,0,0,0,0,0,0,0,0,0,1,1,1,1,1,1,1,1,1,1,0,0,0,25000,0,236,0,3,Digital,Subscription,1,1,0,1,0,0,0,0,0.0,16.67,100.0,58.33,11.11,0.0,60.0,75.0,0.0
CAD-CC-00167,Coastline Credit Union Select Sustainability Essentials Card,Coastline Credit Union,Credit Union,Sustainability,Visa,2019,Active,89,15,0,728,2.5,4.0,20.44,21.79,Hybrid Rewards,1.84,Cashback Dollars,0,0,0,0,0,1,0,0,0,0,0,0,0,0,1,0,0,0,0,0,0,0,0,0,0,0,0,0,0,0,0,0,0,0,0,1,1,0,0,0,0,0,0,0,0,0,1,1,1,0,50,50,1,0,Sustainability,Subscription,1,0,1,0,0,0,0,0,0.0,0.0,0.0,8.33,0.0,100.0,40.0,50.0,0.0
CAD-CC-00168,NeoMaple Financial Prime Cashback World Card,NeoMaple Financial,Fintech,Cashback,Visa,2021,Active,39,0,60000,696,2.5,2.0,20.62,24.04,Cashback,1.26,Cashback Dollars,1,0,1,0,0,0,0,0,0,0,0,0,0,0,0,0,0,0,0,0,0,0,0,1,0,0,0,0,0,0,0,0,0,0,0,0,0,0,0,1,1,1,1,1,1,0,1,0,0,0,150,150,0,12,Digital,Sustainability,1,1,0,1,0,0,0,0,0.0,16.67,85.71,8.33,0.0,25.0,0.0,75.0,0.0
CAD-CC-00170,MapleTrust Bank Prime Digital First Preferred Card,MapleTrust Bank,Bank,Digital First,Mastercard,2015,Active,0,50,30000,741,3.0,3.5,20.01,23.31,Flexible Points,1.64,Flexible Points,1,0,0,0,0,0,1,0,0,0,0,0,1,1,0,0,1,0,1,1,0,0,1,0,1,0,0,0,0,0,0,0,0,0,1,1,1,0,1,1,1,1,1,1,1,1,0,0,0,15000,0,125,0,9,Digital,Cashback,1,1,0,0,0,0,0,0,0.0,50.0,100.0,41.67,33.33,0.0,80.0,50.0,0.0
CAD-CC-00171,FreshBasket Voyage Cashback Rewards Card,FreshBasket,Retail Partner,Cashback,Mastercard,2025,Active,120,0,0,754,2.5,3.5,20.93,23.75,Cashback,1.94,Cashback Dollars,1,0,0,1,0,0,1,1,1,0,0,0,0,1,0,0,0,1,0,0,0,0,0,0,0,0,0,0,0,0,0,0,0,0,1,0,0,0,0,0,1,0,1,0,0,0,0,0,0,0,100,100,0,0,Cashback,Lifestyle,1,1,0,1,0,0,0,0,0.0,83.33,28.57,8.33,44.44,0.0,20.0,75.0,0.0
CAD-CC-00172,Prairie National Bank North Cashback Infinite Card,Prairie National Bank,Bank,Cashback,Mastercard,2017,Active,0,29,15000,638,2.5,4.0,20.56,22.75,Cashback,2.22,Cashback Dollars,1,0,0,1,0,0,1,1,0,0,0,0,0,1,0,0,0,0,0,0,0,0,0,0,0,0,0,0,0,0,0,0,0,0,0,0,0,1,0,0,1,0,1,1,0,0,0,0,1,0,200,200,0,12,Cashback,Digital,1,1,0,1,0,0,0,0,0.0,66.67,42.86,0.0,33.33,25.0,20.0,75.0,0.0
CAD-CC-00173,BrightSpend Everyday Cashback Plus Card,BrightSpend,Fintech,Cashback,Visa,2023,Active,39,0,15000,756,2.5,2.0,20.56,22.07,Cashback,2.05,Cashback Dollars,1,1,1,0,0,0,0,0,0,0,0,0,0,1,0,0,0,0,0,0,0,0,0,0,0,0,0,0,0,0,0,0,0,0,0,0,1,0,0,1,1,1,0,0,1,0,0,0,0,0,150,150,0,0,Digital,Cashback,1,1,0,0,0,0,0,0,11.11,33.33,57.14,0.0,11.11,0.0,20.0,50.0,0.0
CAD-CC-00174,GlobePass Canada Momentum Travel Explorer Card,GlobePass Canada,Travel Partner,Travel,Visa,2018,Active,39,75,0,726,2.5,4.0,21.86,25.24,Travel Points,2.17,Travel Points,1,1,1,0,0,0,0,1,0,0,0,0,0,0,1,0,0,0,0,0,0,0,0,0,0,0,0,0,1,1,0,0,0,0,0,0,0,0,0,1,0,1,0,0,1,0,0,0,0,40000,0,373,0,0,Cashback,Digital,0,1,0,0,0,1,0,0,33.33,33.33,42.86,0.0,11.11,25.0,0.0,25.0,20.0
CAD-CC-00175,TrueNorth Bank Select Balance Transfer Preferred Card,TrueNorth Bank,Bank,Balance Transfer,American Express,2021,Active,39,20,12000,637,2.5,4.0,13.53,16.57,Statement Credits,0.5,Cashback Dollars,1,1,1,1,0,0,1,0,0,0,0,0,0,0,0,0,0,0,0,0,0,0,0,0,0,0,0,0,0,0,0,0,0,0,1,0,0,0,1,0,0,1,0,0,0,0,0,0,0,15000,0,100,0,9,Cashback,Digital,0,1,0,0,0,0,0,0,11.11,33.33,14.29,0.0,11.11,0.0,40.0,25.0,0.0
CAD-CC-00176,Ontario Mutual CU Platinum Balance Transfer Infinite Card,Ontario Mutual CU,Credit Union,Balance Transfer,Visa,2023,Active,59,0,15000,665,2.5,2.0,17.89,20.71,Hybrid Rewards,0.83,Cashback Dollars,0,0,0,1,0,1,0,0,0,1,0,0,0,0,0,0,1,0,0,0,0,0,0,0,0,0,0,0,0,0,0,0,0,1,0,0,1,0,0,1,1,1,0,0,0,0,0,0,0,10000,0,78,1,0,Digital,Subscription,1,1,0,0,0,0,0,0,11.11,16.67,42.86,16.67,11.11,0.0,20.0,50.0,0.0
CAD-CC-00177,Air NorthStar Signature Travel Explorer Card,Air NorthStar,Airline Partner,Travel,American Express,2018,Active,39,50,80000,685,2.5,3.0,22.82,25.92,Travel Points,2.04,Loyalty Miles,0,1,1,0,0,0,0,1,0,0,0,0,0,0,1,1,0,0,0,0,0,0,0,0,0,0,1,1,0,0,0,0,0,0,0,0,0,0,1,1,0,1,0,0,0,0,0,1,0,15000,0,137,0,9,Student,Sustainability,1,1,0,0,0,0,0,0,33.33,16.67,28.57,0.0,11.11,50.0,20.0,50.0,20.0
CAD-CC-00178,MapleTrust Bank North Lifestyle Rewards Essentials Card,MapleTrust Bank,Bank,Lifestyle Rewards,Visa,2019,Active,39,0,60000,639,2.0,3.0,20.29,21.34,Flexible Points,0.91,Cashback Dollars,1,0,0,0,0,1,0,1,0,0,0,0,1,0,0,0,0,0,0,0,0,0,0,0,0,1,0,0,1,0,0,0,0,0,0,1,0,0,0,0,0,1,0,1,0,0,0,0,0,25000,0,158,0,0,Cashback,Lifestyle,1,1,1,1,0,0,0,0,11.11,33.33,28.57,16.67,22.22,0.0,20.0,100.0,0.0
CAD-CC-00179,Northern Lights CU Thrive Cashback World Card,Northern Lights CU,Credit Union,Cashback,Mastercard,2025,Active,39,0,30000,627,2.5,4.0,20.47,21.8,Cashback,1.94,Cashback Dollars,1,0,1,1,0,0,1,0,0,0,0,0,0,1,0,0,0,0,0,0,0,0,0,0,0,0,0,0,0,0,0,0,0,0,1,0,1,0,0,0,0,1,1,0,0,0,0,0,1,0,200,200,0,0,Cashback,Digital,1,1,0,1,0,0,0,0,0.0,50.0,28.57,0.0,22.22,25.0,40.0,75.0,0.0
CAD-CC-00181,CanadaJet Rewards Aurora Privilege Travel Explorer Card,CanadaJet Rewards,Airline Partner,Premium Travel,Mastercard,2023,Retired,599,175,100000,739,0.0,3.0,21.41,24.51,Flexible Points,3.47,Loyalty Miles,0,1,1,0,0,0,1,1,0,1,0,0,1,0,0,0,0,0,0,0,0,0,0,0,0,0,1,1,1,1,1,1,1,1,0,0,0,0,0,1,1,0,1,0,0,0,0,0,0,50000,0,502,0,0,Travel,Lifestyle,1,1,0,0,0,1,1,0,100.0,50.0,42.86,0.0,44.44,0.0,0.0,50.0,60.0
CAD-CC-00182,PocketCredit Voyage Cashback Advantage Card,PocketCredit,Fintech,Cashback,Visa,2016,Active,0,50,30000,653,2.5,2.0,21.44,23.75,Cashback,2.74,Cashback Dollars,1,0,0,1,0,0,1,1,1,0,0,0,0,1,0,0,0,1,0,0,0,0,0,0,0,0,0,0,0,0,0,0,0,0,0,0,1,0,0,1,1,1,1,1,1,0,1,0,1,0,150,150,0,0,Cashback,Digital,1,1,0,1,0,0,0,0,0.0,83.33,85.71,8.33,44.44,50.0,20.0,75.0,0.0
CAD-CC-00183,Northern Dominion Bank Select Rewards World Card,Northern Dominion Bank,Bank,Rewards,American Express,2015,Active,39,29,30000,630,2.5,3.0,22.94,25.16,Flexible Points,1.17,Flexible Points,0,0,1,0,0,0,1,0,0,0,0,0,0,0,0,0,0,0,0,0,0,0,0,0,0,0,0,0,0,0,1,0,0,1,0,0,0,0,0,0,1,1,1,0,0,0,0,0,0,25000,0,233,1,0,Digital,Travel,1,1,0,0,0,0,0,0,22.22,16.67,42.86,0.0,11.11,0.0,0.0,50.0,0.0
CAD-CC-00184,PocketCredit North Digital First Preferred Card,PocketCredit,Fintech,Digital First,Visa,2021,Active,0,0,30000,705,2.5,2.0,22.32,24.33,Flexible Points,1.47,Flexible Points,1,0,0,0,0,0,0,1,0,1,0,0,0,0,0,0,0,0,0,0,0,0,0,0,1,1,0,0,0,0,0,0,0,0,1,0,1,0,0,1,1,1,1,1,0,1,0,0,0,10000,0,77,1,9,Digital,Cashback,1,1,0,1,0,0,0,0,0.0,50.0,85.71,16.67,22.22,0.0,40.0,75.0,0.0
CAD-CC-00185,UrbanCart Flex Rewards Advantage Card,UrbanCart,Retail Partner,Rewards,Visa,2026,Active,39,50,60000,710,3.0,2.0,20.84,23.21,Flexible Points,2.03,Cashback Dollars,0,0,0,1,0,0,0,1,0,0,0,0,0,0,0,1,0,0,0,0,0,0,0,0,0,0,0,0,0,0,1,0,0,0,0,0,0,0,0,0,0,1,1,1,0,0,0,0,0,15000,0,97,0,0,Student,Digital,1,0,0,0,0,0,0,0,11.11,16.67,42.86,0.0,11.11,0.0,0.0,25.0,0.0
CAD-CC-00186,GlobePass Canada Aurora Privilege Travel World Card,GlobePass Canada,Travel Partner,Premium Travel,Visa,2026,Active,499,149,100000,813,2.5,4.0,20.48,23.64,Flexible Points,2.23,Loyalty Miles,0,1,1,0,0,0,1,0,0,0,0,0,1,0,0,0,0,0,0,0,0,0,0,1,0,0,1,1,1,1,1,0,1,1,0,0,1,0,0,0,1,1,0,1,0,0,0,0,0,80000,0,762,0,0,Travel,Digital,0,1,0,1,1,1,0,0,88.89,16.67,42.86,8.33,22.22,0.0,20.0,50.0,60.0
CAD-CC-00187,HomeBase Canada Signature Lifestyle Rewards World Card,HomeBase Canada,Retail Partner,Lifestyle Rewards,Visa,2021,Active,0,0,60000,685,3.0,4.0,20.79,22.74,Flexible Points,0.94,Flexible Points,0,0,0,0,0,0,0,0,0,0,0,0,1,1,0,0,0,0,0,0,0,0,0,0,0,1,0,0,0,0,0,0,0,0,0,1,0,1,0,1,1,0,1,0,0,0,0,0,0,15000,0,115,0,6,Digital,Lifestyle,1,1,0,1,0,0,0,0,0.0,16.67,42.86,8.33,22.22,0.0,40.0,75.0,0.0
CAD-CC-00188,Northern Dominion Bank Everyday Rewards World Card,Northern Dominion Bank,Bank,Rewards,Mastercard,2019,Active,99,29,0,726,2.5,3.5,22.57,25.06,Flexible Points,2.4,Flexible Points,0,0,1,0,0,0,1,1,0,0,0,0,0,0,0,0,0,0,0,0,0,0,0,0,0,0,0,0,0,0,0,0,0,0,0,0,0,0,0,1,1,1,1,1,1,0,0,0,0,0,50,50,1,0,Digital,Cashback,1,1,0,0,0,0,0,0,0.0,33.33,85.71,0.0,22.22,0.0,0.0,50.0,0.0
CAD-CC-00192,FreshBasket Aurora Rewards Advantage Card,FreshBasket,Retail Partner,Rewards,Visa,2023,Active,0,0,15000,631,0.0,2.0,22.8,24.39,Flexible Points,2.2,Flexible Points,0,0,1,0,0,0,0,1,0,0,0,0,1,1,0,0,0,0,0,1,1,0,0,0,0,0,0,1,0,0,0,1,0,0,0,0,1,0,0,0,1,1,0,0,0,0,0,0,0,15000,0,118,0,0,Lifestyle,Cashback,1,1,0,0,0,0,0,0,22.22,33.33,28.57,16.67,33.33,0.0,20.0,50.0,0.0
CAD-CC-00193,Maple Leaf Credit Union Thrive Student Advantage Card,Maple Leaf Credit Union,Credit Union,Student,Visa,2024,Active,0,0,5000,639,0.0,3.5,22.12,23.37,Cashback,1.3,Cashback Dollars,0,0,0,0,0,0,0,0,0,1,0,0,0,0,0,1,0,1,0,1,0,0,0,0,0,0,0,0,0,1,0,1,0,0,1,0,1,0,1,1,0,1,0,1,0,0,0,0,0,0,0,0,0,6,Student,Digital,1,1,0,0,0,0,0,0,22.22,16.67,42.86,16.67,11.11,0.0,60.0,50.0,0.0
CAD-CC-00194,NeoMaple Financial Prime Subscription Rewards Plus Card,NeoMaple Financial,Fintech,Subscription Rewards,Mastercard,2016,Active,0,30,15000,676,2.5,3.5,20.97,22.65,Statement Credits,1.83,Cashback Dollars,0,0,0,0,1,1,0,0,0,0,0,0,1,0,0,0,1,0,1,0,1,1,1,1,1,0,0,0,0,0,0,0,0,0,0,1,0,0,0,1,1,1,1,1,1,1,0,0,0,10000,0,98,0,0,Digital,Subscription,0,1,0,1,0,0,0,0,0.0,0.0,100.0,75.0,22.22,0.0,20.0,50.0,0.0
CAD-CC-00195,Prairie Community CU Summit Low Interest Explorer Card,Prairie Community CU,Credit Union,Low Interest,Visa,2026,Retired,0,20,30000,659,2.5,2.0,10.18,12.62,Statement Credits,0.31,Cashback Dollars,1,0,0,0,0,0,0,0,0,0,0,0,0,0,0,0,0,0,0,0,0,0,0,0,0,0,0,0,0,1,0,0,0,0,0,1,1,0,0,0,1,1,1,0,0,0,0,0,0,0,75,75,0,0,Digital,Cashback,1,1,0,1,0,0,0,0,11.11,16.67,42.86,0.0,0.0,0.0,40.0,75.0,0.0
CAD-CC-00197,BrightSpend Platinum Balance Transfer Explorer Card,BrightSpend,Fintech,Balance Transfer,Mastercard,2024,Retired,20,0,12000,642,2.5,2.0,16.15,19.29,Hybrid Rewards,0.44,Cashback Dollars,1,0,0,1,0,0,0,1,0,0,0,0,0,0,0,0,0,0,0,0,0,0,0,0,0,0,0,0,0,0,0,0,0,0,1,1,1,0,1,1,1,1,1,0,1,0,1,0,0,25000,0,247,0,12,Digital,Cashback,1,1,0,1,0,0,0,0,0.0,33.33,71.43,0.0,11.11,25.0,80.0,75.0,0.0
CAD-CC-00198,Prairie National Bank Maple Student World Card,Prairie National Bank,Bank,Student,Visa,2015,Active,39,0,0,626,0.0,3.5,21.18,23.38,Hybrid Rewards,1.71,Cashback Dollars,0,0,0,0,0,0,0,1,0,1,0,0,0,0,0,1,0,0,0,0,1,1,0,0,0,0,0,0,0,0,0,1,0,0,1,0,1,0,1,1,1,0,0,0,0,0,0,0,1,0,75,75,0,0,Student,Lifestyle,0,1,0,1,0,0,0,0,11.11,33.33,28.57,16.67,33.33,25.0,60.0,50.0,0.0
CAD-CC-00199,NorthPay Labs Prime Student World Card,NorthPay Labs,Fintech,Student,Visa,2021,Active,25,0,10000,629,3.0,3.0,22.27,25.74,Flexible Points,1.29,Cashback Dollars,1,0,0,0,0,0,0,0,0,0,0,0,0,0,0,1,1,0,0,0,0,0,0,0,0,1,0,0,0,0,0,0,0,0,0,1,1,0,1,0,1,0,1,1,1,1,0,0,0,0,50,50,0,12,Student,Digital,1,1,0,1,0,0,0,0,0.0,16.67,71.43,16.67,0.0,0.0,60.0,75.0,0.0
CAD-CC-00200,NeoMaple Financial Thrive Lifestyle Rewards Infinite Card,NeoMaple Financial,Fintech,Lifestyle Rewards,Mastercard,2026,Active,0,0,60000,659,2.5,4.0,20.16,22.86,Flexible Points,1.67,Cashback Dollars,1,0,0,0,0,0,0,1,0,0,0,1,1,1,0,0,0,0,0,0,0,1,1,0,1,1,0,0,0,0,1,0,0,0,0,0,1,0,0,1,1,1,1,1,0,1,1,0,0,15000,0,140,0,0,Digital,Lifestyle,1,1,0,0,0,0,0,0,11.11,50.0,85.71,33.33,55.56,25.0,20.0,50.0,0.0
CAD-CC-00201,NorthPay Labs Voyage Digital First Rewards Card,NorthPay Labs,Fintech,Digital First,Mastercard,2019,Active,0,0,15000,689,3.0,3.5,22.39,23.73,Flexible Points,1.73,Flexible Points,0,0,1,0,0,1,0,0,0,0,0,0,0,0,0,0,1,0,0,0,0,1,0,0,0,0,0,0,0,0,0,0,0,0,0,0,1,0,1,1,1,1,0,1,1,1,0,0,0,10000,0,87,0,6,Digital,Subscription,1,1,0,0,0,0,0,0,0.0,0.0,85.71,25.0,11.11,0.0,40.0,50.0,0.0
CAD-CC-00202,MapleMart Prime Cashback Explorer Card,MapleMart,Retail Partner,Cashback,Visa,2015,Active,89,0,60000,627,2.5,3.0,22.38,24.67,Cashback,2.69,Cashback Dollars,1,0,0,1,0,0,1,0,0,1,0,0,0,0,0,0,0,0,0,0,0,0,0,0,0,0,0,0,0,0,0,0,0,0,0,0,0,0,0,1,0,0,1,1,0,0,0,0,0,0,50,50,0,0,Cashback,Digital,0,1,1,1,0,0,0,0,0.0,50.0,42.86,0.0,22.22,0.0,0.0,75.0,0.0
CAD-CC-00204,CanStyle Retail Edge Lifestyle Rewards Infinite Card,CanStyle Retail,Retail Partner,Lifestyle Rewards,Visa,2023,Active,89,29,60000,708,2.5,2.0,22.47,23.58,Hybrid Rewards,1.59,Flexible Points,0,0,0,1,0,0,0,1,1,0,0,0,1,1,0,0,0,0,0,1,0,0,0,0,1,0,0,1,0,0,0,0,0,0,0,0,0,0,0,1,1,0,0,1,0,0,0,0,0,25000,0,233,0,6,Cashback,Lifestyle,1,1,0,0,0,0,0,0,11.11,50.0,42.86,16.67,44.44,0.0,0.0,50.0,0.0
CAD-CC-00205,Maple Leaf Credit Union Platinum Travel Advantage Card,Maple Leaf Credit Union,Credit Union,Travel,Mastercard,2017,Active,89,29,30000,704,2.5,3.5,20.44,22.96,Travel Points,1.71,Loyalty Miles,0,1,1,1,0,0,0,1,0,1,1,0,0,0,0,0,0,0,0,0,0,0,0,0,0,0,0,0,0,0,1,0,1,1,0,0,1,0,0,1,1,0,1,1,0,0,0,0,0,40000,0,257,1,6,Digital,Lifestyle,1,1,0,1,0,0,0,0,44.44,33.33,57.14,0.0,33.33,0.0,20.0,75.0,0.0
CAD-CC-00206,TrueNorth Bank Signature Balance Transfer Rewards Card,TrueNorth Bank,Bank,Balance Transfer,Visa,2022,Active,39,20,12000,637,2.5,2.0,19.54,21.32,Statement Credits,1.07,Cashback Dollars,0,0,0,1,0,0,0,0,0,0,0,0,0,0,0,0,0,0,0,0,0,0,0,0,0,0,1,0,0,0,0,0,0,0,1,1,1,0,0,1,1,0,1,0,1,0,0,0,0,25000,0,240,1,3,Digital,Travel,1,1,0,0,0,0,0,0,11.11,0.0,57.14,0.0,0.0,0.0,60.0,50.0,20.0
CAD-CC-00207,ShopNorth Voyage Cashback Explorer Card,ShopNorth,Retail Partner,Cashback,Visa,2015,Active,0,0,60000,751,3.0,4.0,21.25,22.34,Cashback,2.41,Cashback Dollars,1,1,0,1,1,0,1,1,1,0,0,0,0,1,0,0,0,1,0,0,0,0,0,0,0,0,0,0,0,0,0,0,0,0,0,0,0,0,0,1,1,0,0,1,0,0,0,0,0,0,200,200,1,0,Cashback,Digital,0,1,1,0,0,0,0,0,11.11,83.33,42.86,16.67,44.44,0.0,0.0,50.0,0.0
CAD-CC-00208,Northern Lights CU Elevate Travel Card,Northern Lights CU,Credit Union,Travel,American Express,2020,Active,89,50,30000,775,2.0,3.0,20.54,22.79,Travel Points,2.21,Travel Points,0,1,1,0,0,0,1,1,0,0,1,0,0,0,0,0,0,0,0,0,1,0,0,0,0,0,0,1,0,0,0,0,1,0,0,0,1,0,0,1,0,0,0,1,0,0,0,0,0,10000,0,88,0,6,Cashback,Travel,0,1,0,1,1,0,1,0,33.33,33.33,28.57,8.33,33.33,0.0,20.0,50.0,40.0
CAD-CC-00209,Prairie National Bank Elevate Sustainability Plus Card,Prairie National Bank,Bank,Sustainability,American Express,2016,Active,89,0,0,706,0.0,3.0,22.73,25.91,Flexible Points,0.82,Flexible Points,1,0,0,1,0,0,0,1,0,1,0,0,0,0,1,0,0,1,0,0,0,0,0,1,0,0,0,0,0,0,0,1,0,0,1,0,1,0,0,0,1,1,0,1,0,0,1,1,1,15000,0,134,0,0,Sustainability,Digital,1,1,0,0,0,0,0,0,11.11,50.0,42.86,16.67,22.22,100.0,40.0,50.0,0.0
CAD-CC-00210,NeoMaple Financial Voyage Sustainability Essentials Card,NeoMaple Financial,Fintech,Sustainability,Visa,2024,Active,0,0,30000,672,0.0,3.5,21.69,23.13,Flexible Points,1.92,Cashback Dollars,0,0,0,0,0,0,0,0,0,1,0,0,0,0,1,0,0,0,0,0,0,0,0,0,0,0,0,0,0,1,0,1,0,0,0,0,1,0,0,1,1,1,1,1,1,0,1,0,1,10000,0,89,0,0,Digital,Sustainability,0,1,1,0,0,0,0,0,22.22,16.67,85.71,0.0,11.11,75.0,20.0,50.0,0.0
CAD-CC-00211,Ontario Mutual CU Select Cashback Advantage Card,Ontario Mutual CU,Credit Union,Cashback,Mastercard,2015,Active,0,29,0,718,2.5,2.0,20.24,22.65,Cashback,2.93,Cashback Dollars,1,0,0,1,0,0,1,1,0,0,0,0,0,1,0,0,0,0,0,0,0,0,0,0,0,0,0,0,0,0,0,0,0,0,1,0,1,0,0,0,0,0,1,1,0,1,0,0,0,0,200,200,1,0,Cashback,Digital,0,1,0,0,0,0,0,0,0.0,66.67,42.86,0.0,33.33,0.0,40.0,25.0,0.0
CAD-CC-00212,NeoMaple Financial Thrive Subscription Rewards World Card,NeoMaple Financial,Fintech,Subscription Rewards,Visa,2017,Active,120,0,15000,661,3.0,4.0,21.76,22.87,Statement Credits,1.11,Cashback Dollars,1,0,0,0,1,1,0,0,0,0,0,0,1,0,0,0,1,1,0,0,1,1,1,1,1,1,0,0,0,0,0,0,0,0,0,0,0,1,0,1,1,1,1,1,1,1,1,0,0,25000,0,221,0,0,Digital,Subscription,1,1,1,1,0,0,0,0,0.0,16.67,100.0,83.33,22.22,25.0,20.0,100.0,0.0
CAD-CC-00213,NeoMaple Financial Select Student World Card,NeoMaple Financial,Fintech,Student,Mastercard,2022,Active,0,0,5000,587,2.5,3.5,22.96,26.39,Cashback,1.61,Cashback Dollars,1,0,1,0,1,1,1,0,0,0,0,0,0,0,0,1,0,0,0,0,1,0,1,0,0,0,0,0,0,0,0,0,0,0,1,1,1,0,0,1,1,1,1,0,0,0,0,0,0,0,50,50,0,0,Student,Digital,1,1,0,1,0,0,0,0,0.0,33.33,57.14,33.33,11.11,0.0,60.0,75.0,0.0
CAD-CC-00214,Capital Crown Bank Edge Travel Explorer Card,Capital Crown Bank,Bank,Travel,Mastercard,2015,Active,120,29,60000,741,0.0,4.0,21.3,22.63,Travel Points,1.01,Loyalty Miles,1,1,1,0,0,0,0,0,0,1,0,0,0,0,0,0,0,0,0,0,0,0,0,0,0,0,1,0,0,0,0,1,0,1,0,0,1,0,1,1,0,0,1,1,0,0,0,0,1,40000,0,270,0,0,Travel,Digital,1,1,0,0,1,0,0,0,44.44,33.33,42.86,0.0,11.11,25.0,40.0,50.0,40.0
CAD-CC-00215,Harbour Financial North Rewards Explorer Card,Harbour Financial,Bank,Rewards,Visa,2021,Active,0,0,15000,643,2.5,2.0,21.93,25.07,Flexible Points,2.1,Flexible Points,0,0,1,0,0,0,0,0,0,0,0,0,1,0,0,0,0,0,0,0,0,0,0,0,0,0,0,1,0,0,0,0,0,0,1,0,0,0,0,1,0,0,1,1,0,0,0,0,0,15000,0,110,0,12,Digital,Lifestyle,1,1,0,0,0,0,0,0,11.11,0.0,42.86,0.0,11.11,0.0,20.0,50.0,0.0
CAD-CC-00216,Ontario Mutual CU Summit Travel World Card,Ontario Mutual CU,Credit Union,Travel,Mastercard,2021,Active,39,0,30000,670,2.5,4.0,21.37,22.67,Travel Points,1.32,Flexible Points,1,1,1,1,0,0,1,0,0,1,0,0,0,0,1,0,0,0,0,0,0,0,0,0,0,0,0,1,1,0,1,0,0,1,1,0,0,0,0,0,1,1,1,0,1,0,0,0,0,30000,0,249,1,12,Digital,Travel,1,1,0,0,0,1,0,1,55.56,50.0,57.14,0.0,22.22,25.0,20.0,50.0,40.0
CAD-CC-00217,Coastline Credit Union Signature Balance Transfer Infinite Card,Coastline Credit Union,Credit Union,Balance Transfer,American Express,2019,Active,20,10,12000,670,2.5,3.0,15.9,18.12,Cashback,1.04,Cashback Dollars,0,0,0,1,0,0,0,0,0,0,0,1,0,0,0,0,0,0,0,0,0,0,0,0,0,1,0,0,0,0,0,0,0,0,1,0,0,0,1,1,0,1,0,0,0,0,0,1,0,25000,0,214,0,6,Digital,Sustainability,1,1,1,1,0,0,0,0,0.0,0.0,28.57,8.33,11.11,25.0,40.0,100.0,0.0
CAD-CC-00218,MapleAir Flex Privilege Travel Preferred Card,MapleAir,Airline Partner,Premium Travel,Mastercard,2023,Active,399,175,150000,738,0.0,3.0,20.15,21.53,Flexible Points,3.08,Loyalty Miles,0,1,1,0,0,0,0,1,0,1,1,0,1,0,0,0,0,0,0,0,0,1,0,0,0,0,1,1,1,1,1,1,1,1,1,0,0,1,0,1,1,1,1,0,1,0,0,0,0,60000,0,805,0,0,Travel,Digital,1,1,0,0,0,0,1,1,100.0,33.33,71.43,8.33,55.56,0.0,40.0,50.0,60.0
CAD-CC-00219,FlexiCard Digital Everyday Digital First Infinite Card,FlexiCard Digital,Fintech,Digital First,American Express,2015,Pilot,0,0,15000,714,2.0,4.0,20.95,22.78,Flexible Points,1.96,Flexible Points,1,0,0,0,0,1,0,1,1,0,0,0,0,0,0,0,1,1,0,1,1,0,0,1,0,0,0,0,0,0,0,0,0,1,0,1,0,0,0,1,1,1,1,1,0,1,1,0,0,25000,0,239,0,3,Digital,Cashback,1,1,1,1,0,0,0,0,11.11,50.0,85.71,50.0,22.22,25.0,20.0,100.0,0.0
CAD-CC-00221,Capital Crown Bank Everyday Digital First Infinite Card,Capital Crown Bank,Bank,Digital First,Visa,2023,Active,0,30,0,739,2.5,2.0,21.1,23.16,Cashback,1.26,Flexible Points,0,0,0,0,0,0,1,0,0,0,0,0,0,1,0,0,1,1,0,0,1,0,0,0,1,0,0,0,0,0,1,0,0,0,1,0,1,0,1,1,1,1,1,1,1,1,1,0,0,0,150,150,0,0,Digital,Cashback,0,1,0,1,0,0,0,0,11.11,33.33,100.0,33.33,22.22,25.0,60.0,50.0,0.0
CAD-CC-00222,TrueNorth Bank Aurora Privilege Travel Explorer Card,TrueNorth Bank,Bank,Premium Travel,American Express,2022,Active,399,149,100000,798,2.0,3.0,22.81,25.88,Travel Points,1.01,Travel Points,1,1,1,0,0,0,0,1,0,0,0,0,1,0,0,0,0,0,0,1,1,0,0,0,0,0,1,1,1,1,1,0,1,1,0,0,1,0,0,1,0,0,1,1,0,1,0,0,0,80000,0,897,0,0,Travel,Digital,1,1,1,0,1,1,1,1,88.89,33.33,57.14,16.67,22.22,0.0,20.0,75.0,100.0
CAD-CC-00223,Laurentian Maple Bank Edge Sustainability Preferred Card,Laurentian Maple Bank,Bank,Sustainability,Mastercard,2022,Active,0,30,0,682,2.5,4.0,20.09,21.58,Cashback,0.74,Cashback Dollars,1,0,0,0,0,1,0,0,0,1,0,0,0,1,1,0,0,0,0,0,0,0,0,0,0,0,0,1,0,0,0,0,0,0,0,0,0,1,0,1,1,1,1,0,1,0,1,1,1,0,100,100,0,12,Sustainability,Digital,1,1,1,1,0,0,0,0,11.11,50.0,71.43,8.33,22.22,100.0,20.0,100.0,0.0
CAD-CC-00224,PocketCredit Platinum Student Plus Card,PocketCredit,Fintech,Student,Mastercard,2023,Active,0,10,5000,620,2.5,4.0,21.71,24.68,Flexible Points,1.11,Flexible Points,1,0,0,1,0,0,0,1,0,0,0,0,0,0,0,1,0,1,0,0,1,0,0,1,1,0,0,0,0,0,0,0,0,0,0,0,1,1,0,1,1,1,1,1,0,0,0,0,0,0,50,50,0,0,Student,Digital,0,1,0,1,0,0,0,0,0.0,33.33,71.43,33.33,11.11,0.0,40.0,50.0,0.0
CAD-CC-00225,TrueNorth Bank Flex Digital First Infinite Card,TrueNorth Bank,Bank,Digital First,Mastercard,2020,Active,49,0,15000,705,2.5,3.5,21.8,24.37,Flexible Points,1.3,Cashback Dollars,1,0,1,0,0,0,0,0,0,0,0,0,0,0,0,0,1,0,0,1,1,0,0,0,1,1,0,0,0,0,0,0,0,0,1,1,0,1,1,1,1,1,1,1,1,1,0,0,0,10000,0,80,0,0,Digital,Subscription,1,1,1,0,0,0,0,0,0.0,16.67,100.0,41.67,0.0,0.0,80.0,75.0,0.0
CAD-CC-00226,Harbour Financial Edge Digital First Card,Harbour Financial,Bank,Digital First,Visa,2026,Active,0,0,0,745,2.0,3.5,22.52,23.67,Hybrid Rewards,1.66,Flexible Points,1,0,0,0,0,0,0,0,0,1,0,0,0,0,0,0,0,1,1,1,0,1,0,0,1,0,0,0,0,0,0,0,0,0,1,1,1,1,0,1,1,1,1,1,1,1,0,0,0,0,100,100,0,3,Digital,Subscription,1,1,0,0,0,0,0,0,0.0,33.33,100.0,41.67,22.22,0.0,80.0,50.0,0.0
CAD-CC-00227,Prairie Community CU Prime Student World Card,Prairie Community CU,Credit Union,Student,Mastercard,2021,Active,0,0,0,638,2.0,3.0,22.23,25.63,Cashback,1.3,Cashback Dollars,1,0,1,0,0,1,1,0,0,0,1,0,0,0,0,1,0,1,0,0,0,0,1,0,0,0,0,0,0,0,0,0,0,0,1,0,0,1,0,1,1,1,0,0,0,0,0,0,0,0,25,25,0,0,Student,Digital,1,1,1,1,0,0,0,0,0.0,33.33,42.86,25.0,22.22,0.0,40.0,100.0,0.0
CAD-CC-00228,Northern Lights CU Prime Balance Transfer Preferred Card,Northern Lights CU,Credit Union,Balance Transfer,Visa,2023,Active,20,0,0,699,2.0,2.0,15.6,17.07,Statement Credits,1.14,Cashback Dollars,0,1,0,0,0,0,0,0,1,0,0,0,1,0,0,0,0,0,0,0,0,1,0,0,0,0,0,1,0,0,0,0,1,0,0,1,0,0,0,0,0,0,0,0,0,0,0,0,0,25000,0,205,1,0,Travel,Cashback,0,1,0,1,0,0,0,0,33.33,16.67,0.0,8.33,33.33,0.0,20.0,50.0,0.0
CAD-CC-00229,HomeBase Canada Flex Lifestyle Rewards Explorer Card,HomeBase Canada,Retail Partner,Lifestyle Rewards,Visa,2026,Active,89,29,30000,684,2.5,2.0,21.7,24.94,Hybrid Rewards,2.14,Travel Points,1,1,1,0,0,0,0,0,0,0,0,0,1,1,0,0,0,0,0,0,0,0,0,0,1,0,0,0,0,0,0,0,0,0,0,0,0,0,0,0,1,0,0,0,0,0,0,0,0,25000,0,176,0,6,Cashback,Lifestyle,1,1,0,1,0,0,0,0,11.11,33.33,14.29,8.33,22.22,0.0,0.0,75.0,0.0
CAD-CC-00230,Coastline Credit Union Thrive Balance Transfer Card,Coastline Credit Union,Credit Union,Balance Transfer,Mastercard,2024,Active,39,0,0,677,3.0,1.0,15.29,16.71,Statement Credits,1.2,Cashback Dollars,0,0,1,1,0,0,0,0,0,1,0,0,0,0,0,0,0,0,0,0,0,0,0,0,0,0,0,1,0,0,0,0,0,0,0,1,0,0,1,0,1,1,1,1,0,0,0,0,0,15000,0,128,1,0,Digital,Lifestyle,1,0,1,1,0,0,0,0,11.11,16.67,57.14,0.0,11.11,0.0,40.0,75.0,0.0
CAD-CC-00231,FreshBasket Select Cashback Preferred Card,FreshBasket,Retail Partner,Cashback,Mastercard,2025,Active,39,0,30000,693,2.5,4.0,20.07,22.49,Cashback,2.75,Cashback Dollars,1,0,1,1,0,0,1,1,0,0,0,1,0,0,0,0,0,0,0,0,0,0,0,0,0,0,0,1,0,0,0,0,0,0,0,0,0,0,0,1,1,1,0,0,0,0,0,1,0,0,50,50,0,0,Cashback,Digital,1,1,0,0,0,0,0,0,11.11,50.0,42.86,0.0,33.33,25.0,0.0,50.0,0.0
CAD-CC-00232,Harbour Financial Elevate Rewards Rewards Card,Harbour Financial,Bank,Rewards,Visa,2017,Active,99,29,60000,664,2.5,4.0,20.51,21.98,Cashback,2.02,Flexible Points,0,0,1,1,0,0,0,1,0,0,0,0,1,0,0,0,0,0,0,0,0,0,0,0,0,0,1,0,0,0,0,0,0,0,0,0,0,0,0,0,1,0,1,0,0,0,0,0,0,0,150,150,1,6,Lifestyle,Digital,0,1,0,1,0,0,0,0,11.11,16.67,28.57,0.0,22.22,0.0,0.0,50.0,20.0
CAD-CC-00233,Laurentian Maple Bank Everyday Cashback Preferred Card,Laurentian Maple Bank,Bank,Cashback,Mastercard,2024,Active,99,0,0,697,2.5,3.5,21.78,24.72,Cashback,1.63,Cashback Dollars,1,0,0,0,0,1,1,1,0,0,0,0,0,1,0,0,0,0,0,0,0,0,0,0,0,0,0,0,0,0,0,0,0,0,1,0,0,1,0,0,0,1,0,1,1,0,0,0,0,0,200,200,0,0,Cashback,Digital,1,1,0,1,0,0,0,0,0.0,66.67,42.86,8.33,33.33,0.0,40.0,75.0,0.0
CAD-CC-00234,BrightSpend Voyage Balance Transfer Preferred Card,BrightSpend,Fintech,Balance Transfer,Visa,2021,Active,20,0,15000,663,2.5,3.0,16.99,18.86,Statement Credits,0.44,Cashback Dollars,0,0,0,0,0,0,1,0,0,1,0,0,0,0,0,0,0,0,0,0,0,0,0,0,0,0,0,0,0,0,0,0,0,0,0,0,0,1,0,1,1,1,0,1,0,1,0,0,0,0,150,150,0,12,Digital,Cashback,1,0,1,0,0,0,0,0,0.0,33.33,71.43,0.0,22.22,0.0,20.0,50.0,0.0
CAD-CC-00235,Capital Crown Bank Select Travel World Card,Capital Crown Bank,Bank,Travel,Mastercard,2023,Active,0,0,30000,693,0.0,2.0,20.91,22.42,Travel Points,1.6,Travel Points,0,1,1,0,0,0,0,0,0,1,1,0,0,0,0,0,0,0,0,0,0,0,0,0,0,0,0,0,1,0,1,1,1,1,1,1,1,0,1,0,1,1,0,0,1,1,0,0,0,40000,0,392,0,6,Travel,Digital,1,1,0,0,0,0,0,0,66.67,16.67,57.14,0.0,22.22,0.0,80.0,50.0,0.0
CAD-CC-00236,PayWave Canada Select Cashback Plus Card,PayWave Canada,Fintech,Cashback,American Express,2020,Active,120,0,30000,685,2.5,3.0,22.2,24.95,Cashback,2.84,Cashback Dollars,1,0,0,0,0,1,1,0,0,1,0,0,0,0,0,0,0,0,0,0,0,0,0,0,0,0,0,0,0,0,0,0,0,0,0,0,1,0,0,1,1,1,1,1,1,0,0,0,0,0,200,200,0,0,Digital,Cashback,1,1,1,0,0,0,0,0,0.0,50.0,85.71,8.33,22.22,0.0,20.0,75.0,0.0
CAD-CC-00237,Northern Dominion Bank Prime Rewards Card,Northern Dominion Bank,Bank,Rewards,Mastercard,2025,Retired,39,0,30000,755,2.5,3.5,21.04,22.69,Cashback,1.59,Flexible Points,0,0,1,0,0,0,0,1,0,0,0,0,0,1,0,0,1,0,0,0,0,0,0,0,0,0,0,0,0,0,0,0,0,0,1,0,0,0,0,1,0,0,0,0,0,0,0,0,0,25000,0,201,1,9,Cashback,Lifestyle,1,0,1,1,0,0,0,0,0.0,33.33,14.29,8.33,22.22,0.0,20.0,75.0,0.0
CAD-CC-00238,Ontario Mutual CU Signature Student Infinite Card,Ontario Mutual CU,Credit Union,Student,Mastercard,2022,Active,0,0,0,582,2.0,4.0,20.6,22.13,Hybrid Rewards,1.24,Cashback Dollars,0,0,1,0,0,0,0,1,0,0,0,0,0,0,0,1,0,0,0,0,0,0,0,0,0,0,0,0,0,0,1,0,0,0,1,0,1,0,0,0,0,1,1,1,1,0,0,0,1,0,75,75,0,6,Student,Digital,1,1,0,0,0,0,0,0,11.11,16.67,57.14,0.0,11.11,25.0,40.0,50.0,0.0
CAD-CC-00239,MapleMart Thrive Cashback Rewards Card,MapleMart,Retail Partner,Cashback,Visa,2015,Active,89,50,60000,673,2.5,3.0,20.24,22.79,Cashback,0.95,Cashback Dollars,1,0,1,0,0,0,0,1,0,0,0,0,1,0,0,0,0,0,0,0,0,0,0,0,0,0,0,0,0,0,0,0,0,0,1,0,0,0,0,0,0,1,1,0,0,0,0,1,0,0,50,50,0,6,Cashback,Lifestyle,1,1,0,1,0,0,0,0,0.0,33.33,28.57,0.0,22.22,25.0,20.0,75.0,0.0
CAD-CC-00240,Capital Crown Bank Momentum Student Advantage Card,Capital Crown Bank,Bank,Student,Visa,2017,Active,25,15,10000,672,2.5,2.0,22.12,25.27,Cashback,0.66,Cashback Dollars,1,0,0,1,0,0,0,0,0,0,0,0,0,0,0,1,0,0,1,0,0,0,0,0,0,0,0,0,0,0,0,0,0,0,1,1,0,0,1,0,0,0,1,1,0,0,0,1,0,0,25,25,1,0,Student,Digital,1,1,1,0,0,0,0,0,0.0,16.67,28.57,8.33,0.0,25.0,60.0,75.0,0.0
CAD-CC-00241,Atlantic Community CU Thrive Low Interest Explorer Card,Atlantic Community CU,Credit Union,Low Interest,Mastercard,2026,Active,29,0,12000,728,2.0,3.0,10.49,11.53,Statement Credits,0.21,Cashback Dollars,0,0,1,1,0,0,0,0,0,1,0,0,1,0,0,0,0,0,0,0,0,0,0,0,0,0,0,0,0,0,0,0,0,0,0,1,1,0,0,1,0,1,0,0,0,0,0,0,0,0,50,50,0,6,Lifestyle,Digital,1,1,0,0,0,0,0,0,0.0,16.67,28.57,0.0,22.22,0.0,40.0,50.0,0.0
CAD-CC-00242,Coastline Credit Union Aurora Rewards Essentials Card,Coastline Credit Union,Credit Union,Rewards,Mastercard,2024,Active,99,29,60000,687,2.5,3.5,22.14,23.7,Flexible Points,1.15,Cashback Dollars,0,0,1,0,0,0,0,1,0,0,0,0,0,1,0,0,0,0,0,0,0,0,0,0,0,0,0,0,0,0,0,0,0,0,1,0,1,0,0,1,0,1,0,0,0,0,0,0,0,15000,0,135,0,0,Cashback,Lifestyle,1,1,0,1,0,0,0,0,0.0,33.33,28.57,0.0,22.22,0.0,40.0,75.0,0.0
CAD-CC-00243,TrueNorth Bank Elevate Subscription Rewards Infinite Card,TrueNorth Bank,Bank,Subscription Rewards,Visa,2021,Active,120,15,15000,716,2.0,3.0,20.16,22.32,Statement Credits,1.88,Cashback Dollars,0,1,0,1,1,1,1,0,0,0,0,0,0,0,0,0,1,1,1,0,1,1,0,1,0,0,0,0,0,0,0,0,0,1,0,0,1,0,0,1,0,1,0,0,0,0,0,0,0,0,150,150,1,9,Subscription,Digital,1,1,1,0,0,0,0,1,22.22,16.67,28.57,66.67,22.22,0.0,20.0,75.0,20.0
CAD-CC-00244,GlobePass Canada North Privilege Travel Card,GlobePass Canada,Travel Partner,Premium Travel,American Express,2023,Active,399,175,150000,759,0.0,4.0,20.84,24.27,Flexible Points,2.79,Loyalty Miles,0,1,1,0,0,0,0,1,0,0,0,0,1,0,0,0,0,0,0,0,0,0,0,0,0,0,1,1,1,1,1,1,0,1,0,0,0,1,0,0,1,1,0,1,1,0,0,0,0,70000,0,788,0,3,Travel,Digital,1,1,0,1,0,1,0,0,88.89,16.67,57.14,0.0,22.22,0.0,20.0,75.0,40.0
CAD-CC-00245,Capital Crown Bank Prime Travel Explorer Card,Capital Crown Bank,Bank,Travel,Mastercard,2015,Active,39,50,60000,688,2.5,3.5,20.94,24.37,Travel Points,1.76,Loyalty Miles,0,1,1,0,0,0,0,0,1,1,1,0,0,0,0,0,0,0,0,0,0,0,0,0,0,0,0,0,0,0,1,0,0,0,1,0,0,0,0,0,1,1,0,0,0,0,0,0,1,40000,0,267,1,0,Lifestyle,Digital,1,1,0,0,0,0,1,0,22.22,33.33,28.57,0.0,33.33,25.0,20.0,50.0,20.0
CAD-CC-00246,Coastline Credit Union Momentum Student World Card,Coastline Credit Union,Credit Union,Student,Mastercard,2026,Pilot,0,0,0,653,2.5,2.0,21.45,23.2,Hybrid Rewards,1.73,Flexible Points,1,0,0,1,0,0,1,1,0,0,0,1,0,0,0,1,1,0,0,1,0,0,1,0,0,1,0,0,0,0,1,0,0,0,1,0,1,1,1,1,0,0,0,0,0,0,0,0,0,0,25,25,0,6,Student,Cashback,1,1,1,1,0,0,0,0,11.11,50.0,14.29,33.33,33.33,0.0,80.0,100.0,0.0
CAD-CC-00247,Laurentian Maple Bank Edge Digital First Preferred Card,Laurentian Maple Bank,Bank,Digital First,Visa,2022,Active,49,30,0,728,2.5,2.0,20.13,21.36,Flexible Points,0.67,Flexible Points,0,0,1,1,0,1,0,0,0,0,0,0,0,0,0,0,0,0,0,0,1,0,0,1,0,0,0,0,0,0,1,0,0,0,0,0,1,0,1,1,1,1,1,1,1,1,0,1,0,15000,0,100,0,0,Digital,Subscription,1,1,0,0,0,0,0,0,11.11,0.0,100.0,25.0,0.0,25.0,40.0,50.0,0.0
CAD-CC-00248,TrueNorth Bank North Subscription Rewards Explorer Card,TrueNorth Bank,Bank,Subscription Rewards,Visa,2020,Active,89,15,15000,683,2.5,4.0,21.87,23.72,Statement Credits,1.04,Cashback Dollars,1,0,0,0,1,1,0,0,0,0,1,0,1,0,0,0,0,1,1,0,1,1,1,0,0,1,0,0,0,0,0,0,0,0,0,0,0,0,0,0,1,1,0,0,0,0,0,0,0,25000,0,174,1,0,Subscription,Lifestyle,1,1,0,1,0,0,0,0,0.0,16.67,28.57,66.67,33.33,0.0,0.0,75.0,0.0
CAD-CC-00249,Coastline Credit Union Prime Rewards Rewards Card,Coastline Credit Union,Credit Union,Rewards,Visa,2024,Active,99,0,15000,699,0.0,3.5,20.4,22.46,Flexible Points,1.37,Flexible Points,0,0,1,1,0,0,0,1,0,0,0,0,1,1,0,0,0,0,0,0,0,0,0,0,0,0,0,0,0,0,1,1,0,0,0,0,1,0,0,1,0,0,1,0,0,0,0,0,0,25000,0,215,0,9,Lifestyle,Cashback,0,1,0,1,0,0,0,0,22.22,33.33,28.57,0.0,33.33,0.0,20.0,50.0,0.0
CAD-CC-00250,Maple Leaf Credit Union Aurora Travel Advantage Card,Maple Leaf Credit Union,Credit Union,Travel,American Express,2020,Active,89,0,60000,745,0.0,3.0,21.53,22.61,Flexible Points,1.93,Loyalty Miles,0,1,1,0,0,0,0,0,0,0,0,0,0,1,0,0,0,0,0,0,0,0,0,0,0,0,0,0,0,0,1,1,0,0,1,1,0,0,0,1,0,0,0,0,0,0,0,0,0,30000,0,281,0,0,Travel,Cashback,1,1,1,0,0,1,0,0,33.33,16.67,14.29,0.0,11.11,0.0,40.0,75.0,20.0
CAD-CC-00252,BrightSpend Everyday Cashback Infinite Card,BrightSpend,Fintech,Cashback,Visa,2026,Active,120,50,60000,740,2.5,2.0,22.66,24.2,Cashback,2.41,Cashback Dollars,1,1,0,0,0,0,1,0,0,0,0,0,0,1,0,0,0,0,0,0,0,0,0,0,0,0,0,0,0,0,0,0,0,0,1,0,0,0,0,1,1,1,1,1,1,1,0,0,0,0,150,150,1,0,Digital,Cashback,1,1,1,0,0,0,0,0,11.11,50.0,100.0,0.0,22.22,0.0,20.0,75.0,0.0
CAD-CC-00253,FlexiCard Digital Platinum Subscription Rewards Rewards Card,FlexiCard Digital,Fintech,Subscription Rewards,Visa,2016,Active,0,0,15000,682,0.0,2.0,21.26,22.32,Statement Credits,1.68,Cashback Dollars,0,1,0,1,1,1,0,0,1,0,0,0,0,0,0,0,1,1,0,1,1,1,1,0,0,0,1,0,0,0,1,1,0,0,1,0,1,0,0,1,1,1,1,1,1,0,0,0,0,10000,0,87,1,0,Digital,Subscription,1,0,0,0,0,0,0,0,44.44,16.67,85.71,66.67,22.22,0.0,40.0,25.0,20.0
CAD-CC-00254,HomeBase Canada Everyday Cashback Infinite Card,HomeBase Canada,Retail Partner,Cashback,Visa,2024,Active,0,29,30000,707,3.0,2.0,20.81,22.05,Cashback,1.98,Cashback Dollars,1,0,0,1,0,0,0,0,1,0,0,0,0,1,0,0,0,0,0,0,0,0,0,0,0,0,0,1,0,0,0,0,0,0,0,0,1,0,0,1,1,0,0,1,1,0,0,0,1,0,50,50,1,3,Cashback,Digital,1,1,0,1,0,0,0,0,11.11,50.0,57.14,0.0,22.22,25.0,20.0,75.0,0.0
CAD-CC-00256,Air NorthStar Prime Privilege Travel Essentials Card,Air NorthStar,Airline Partner,Premium Travel,Visa,2025,Active,499,149,60000,727,0.0,3.5,21.95,24.64,Flexible Points,2.55,Loyalty Miles,0,1,1,0,0,0,0,0,0,0,0,0,0,0,0,0,0,0,0,0,0,0,0,0,0,0,1,1,1,1,1,1,1,1,0,0,0,0,0,1,0,1,1,0,0,0,0,0,0,60000,0,669,0,6,Travel,Business,0,1,0,1,1,1,1,0,100.0,0.0,42.86,0.0,0.0,0.0,0.0,50.0,80.0
CAD-CC-00257,Coastline Credit Union Select Sustainability Card,Coastline Credit Union,Credit Union,Sustainability,American Express,2025,Active,89,0,15000,724,2.5,3.0,21.58,23.25,Hybrid Rewards,0.97,Cashback Dollars,1,0,0,0,1,0,0,0,0,1,0,0,0,0,1,0,0,0,0,0,0,0,0,0,0,0,0,0,0,0,0,0,0,0,1,0,0,0,0,1,0,1,0,0,0,0,1,1,0,10000,0,72,0,6,Sustainability,Digital,1,1,0,0,0,0,0,0,0.0,33.33,28.57,8.33,11.11,75.0,20.0,50.0,0.0
CAD-CC-00258,Polar Wings Everyday Travel Essentials Card,Polar Wings,Airline Partner,Travel,Mastercard,2021,Active,39,29,30000,682,2.5,3.0,21.14,23.1,Flexible Points,1.36,Loyalty Miles,0,1,1,0,0,0,0,1,1,1,1,0,0,0,0,0,0,0,0,0,0,0,0,0,0,0,0,1,1,0,0,0,0,0,1,0,1,0,0,1,1,1,1,1,0,0,0,1,0,10000,0,61,1,3,Digital,Lifestyle,0,1,0,0,0,0,0,0,33.33,50.0,71.43,0.0,44.44,25.0,40.0,25.0,0.0
CAD-CC-00259,Capital Crown Bank Thrive Travel Essentials Card,Capital Crown Bank,Bank,Travel,Mastercard,2020,Active,39,0,60000,772,2.5,3.5,22.94,25.85,Flexible Points,2.08,Loyalty Miles,1,1,1,0,0,0,1,0,0,0,0,0,0,1,0,0,0,0,0,0,0,0,0,0,0,0,0,1,0,0,1,0,1,0,1,0,0,0,0,0,0,1,1,1,0,0,0,0,0,30000,0,227,1,6,Cashback,Travel,1,1,1,1,0,0,0,0,44.44,50.0,42.86,0.0,22.22,0.0,20.0,100.0,0.0
CAD-CC-00260,TrailStay Rewards Summit Travel Card,TrailStay Rewards,Travel Partner,Travel,Visa,2017,Active,120,50,30000,676,1.5,3.0,21.91,22.94,Travel Points,1.87,Loyalty Miles,1,1,1,0,0,0,0,1,0,1,0,0,0,1,0,1,0,0,0,0,0,0,0,0,0,0,0,0,1,0,0,0,0,0,0,0,1,0,0,1,0,1,0,1,1,0,0,0,0,30000,0,227,0,3,Student,Cashback,1,1,0,1,0,0,0,1,22.22,66.67,57.14,0.0,33.33,0.0,20.0,75.0,20.0
CAD-CC-00261,TrailStay Rewards Maple Privilege Travel Card,TrailStay Rewards,Travel Partner,Premium Travel,Mastercard,2022,Active,499,149,100000,811,0.0,2.0,20.73,21.8,Travel Points,3.15,Travel Points,0,1,1,0,1,0,1,1,0,0,1,0,0,0,0,0,0,0,0,0,0,0,0,0,0,0,1,1,1,1,0,1,1,0,1,0,0,0,0,0,1,1,1,0,0,1,1,0,0,80000,0,786,0,0,Travel,Digital,1,0,1,1,1,0,0,1,77.78,33.33,57.14,8.33,33.33,25.0,20.0,75.0,60.0
CAD-CC-00262,NeoMaple Financial Edge Cashback Infinite Card,NeoMaple Financial,Fintech,Cashback,Mastercard,2020,Active,120,29,15000,666,2.5,3.0,21.58,24.66,Cashback,1.94,Cashback Dollars,1,1,0,1,0,0,1,1,0,0,0,0,0,1,0,0,0,0,0,0,1,0,0,0,1,0,0,0,0,0,0,0,0,0,0,0,0,1,0,1,1,1,1,1,1,0,0,0,0,0,100,100,0,3,Digital,Cashback,1,1,0,0,0,0,0,0,11.11,66.67,85.71,16.67,33.33,0.0,20.0,50.0,0.0
CAD-CC-00263,FlexiCard Digital Thrive Cashback Essentials Card,FlexiCard Digital,Fintech,Cashback,Mastercard,2021,Active,39,29,30000,688,2.5,3.5,22.83,24.86,Cashback,2.12,Cashback Dollars,1,0,0,1,0,0,1,1,1,0,0,1,0,0,0,0,0,0,0,0,0,0,0,0,0,0,0,0,0,0,0,0,0,0,0,0,0,1,0,1,1,1,1,1,1,0,0,0,0,0,100,100,0,0,Digital,Cashback,1,1,0,1,0,0,0,0,0.0,66.67,85.71,0.0,44.44,0.0,20.0,75.0,0.0
CAD-CC-00264,Maple Leaf Credit Union Thrive Student Plus Card,Maple Leaf Credit Union,Credit Union,Student,Mastercard,2021,Active,0,0,10000,585,2.5,2.0,22.91,24.06,Flexible Points,1.3,Cashback Dollars,1,0,0,1,1,0,1,0,0,1,0,0,0,0,0,1,0,0,0,1,1,0,0,0,0,0,0,0,0,0,0,0,0,0,0,0,1,1,1,0,1,1,1,0,0,0,0,0,0,0,50,50,0,0,Student,Digital,1,1,0,1,0,0,0,0,0.0,50.0,42.86,25.0,22.22,0.0,60.0,75.0,0.0
CAD-CC-00265,VoyagePlus Edge Travel Rewards Card,VoyagePlus,Travel Partner,Travel,Visa,2024,Active,89,50,30000,671,2.5,4.0,22.36,24.46,Flexible Points,2.18,Travel Points,0,1,1,0,0,0,0,1,0,0,1,0,0,0,0,0,0,0,0,0,0,0,1,0,0,0,0,0,0,0,1,0,1,0,0,0,0,0,1,1,1,1,1,0,0,0,0,0,0,40000,0,329,0,6,Digital,Travel,0,1,0,0,0,0,0,0,33.33,16.67,57.14,8.33,22.22,0.0,20.0,25.0,0.0
CAD-CC-00267,MapleTrust Bank Flex Rewards Preferred Card,MapleTrust Bank,Bank,Rewards,Mastercard,2017,Active,0,29,60000,724,2.5,2.0,21.2,24.04,Flexible Points,2.12,Flexible Points,1,0,1,0,0,0,1,1,0,0,1,0,1,0,0,0,0,0,0,0,0,0,1,0,0,0,0,0,1,0,0,0,1,0,0,1,1,0,0,1,1,0,1,1,0,0,0,0,0,10000,0,92,1,0,Business,Cashback,1,1,1,0,0,0,0,0,22.22,50.0,57.14,8.33,44.44,0.0,40.0,75.0,0.0
CAD-CC-00268,ShopNorth Select Rewards Infinite Card,ShopNorth,Retail Partner,Rewards,American Express,2020,Active,39,0,0,695,2.5,4.0,22.26,24.32,Flexible Points,1.73,Cashback Dollars,0,0,1,0,0,0,1,0,0,0,0,0,1,1,0,0,0,0,0,0,0,0,0,0,0,0,0,0,0,0,0,0,0,0,0,0,1,1,0,0,1,0,0,0,1,0,0,0,0,15000,0,141,1,0,Cashback,Lifestyle,0,1,1,0,0,0,0,0,0.0,33.33,28.57,0.0,33.33,0.0,40.0,50.0,0.0
CAD-CC-00269,Ontario Mutual CU Prime Balance Transfer Preferred Card,Ontario Mutual CU,Credit Union,Balance Transfer,American Express,2021,Active,0,0,30000,724,2.5,1.0,15.68,18.17,Statement Credits,0.25,Cashback Dollars,0,0,0,0,0,0,0,0,0,0,0,0,0,0,0,0,0,0,0,0,0,0,0,0,0,0,0,0,0,0,0,0,0,0,0,1,1,0,0,0,1,1,1,1,0,0,0,1,0,10000,0,82,0,9,Business,Digital,1,0,1,1,0,0,0,0,0.0,0.0,57.14,0.0,0.0,25.0,40.0,75.0,0.0
CAD-CC-00271,PayWave Canada Select Lifestyle Rewards Preferred Card,PayWave Canada,Fintech,Lifestyle Rewards,Mastercard,2016,Active,89,0,30000,648,0.0,3.0,22.1,23.72,Hybrid Rewards,1.42,Cashback Dollars,0,0,0,0,1,0,0,0,0,0,1,0,1,1,0,0,0,1,1,1,1,0,1,0,0,0,0,0,0,0,1,1,0,0,0,1,0,1,0,1,0,1,1,1,1,0,0,0,0,0,50,50,1,9,Digital,Lifestyle,1,1,0,0,0,0,0,0,22.22,16.67,71.43,50.0,33.33,0.0,40.0,50.0,0.0
CAD-CC-00272,PayWave Canada Aurora Balance Transfer Explorer Card,PayWave Canada,Fintech,Balance Transfer,American Express,2020,Active,39,0,0,679,0.0,1.0,15.26,16.74,Statement Credits,0.28,Cashback Dollars,0,0,0,0,0,0,1,1,0,0,0,1,1,0,0,0,0,0,0,0,0,0,0,0,0,0,0,0,0,0,0,1,0,0,1,1,0,1,0,1,1,1,1,1,0,1,0,0,0,0,100,100,0,12,Digital,Lifestyle,1,1,1,1,0,0,0,0,11.11,33.33,85.71,0.0,44.44,0.0,60.0,100.0,0.0
CAD-CC-00273,FreshBasket Maple Cashback Plus Card,FreshBasket,Retail Partner,Cashback,Mastercard,2021,Active,89,0,60000,731,3.0,3.0,20.72,23.87,Cashback,2.08,Cashback Dollars,1,0,0,0,0,0,1,0,1,0,0,0,0,1,0,0,0,0,0,0,0,0,0,0,0,0,0,0,0,0,0,0,0,0,0,0,1,1,0,1,1,1,0,0,0,0,1,0,0,0,50,50,1,6,Cashback,Digital,1,1,0,1,0,0,0,0,0.0,66.67,42.86,0.0,33.33,25.0,40.0,75.0,0.0
CAD-CC-00274,Harbour Financial Select Rewards Card,Harbour Financial,Bank,Rewards,Mastercard,2023,Active,89,0,60000,641,2.5,3.5,20.38,23.23,Cashback,1.74,Cashback Dollars,0,0,1,0,0,0,0,0,0,0,0,0,1,1,0,0,0,0,0,0,0,0,0,0,0,0,0,0,0,0,0,0,0,0,0,0,0,0,0,1,0,0,0,0,0,0,0,0,0,25000,0,218,0,0,Lifestyle,Cashback,1,1,1,1,0,0,0,0,0.0,16.67,14.29,0.0,22.22,0.0,0.0,100.0,0.0
CAD-CC-00275,PocketCredit Everyday Cashback Card,PocketCredit,Fintech,Cashback,Visa,2016,Active,99,0,30000,710,2.5,4.0,21.76,23.38,Cashback,0.91,Cashback Dollars,1,0,0,0,0,0,1,1,1,0,0,0,0,1,1,0,0,0,0,0,0,0,0,1,0,0,0,0,0,0,0,0,0,0,0,0,1,0,1,1,1,1,1,1,1,0,0,0,0,0,200,200,0,0,Cashback,Digital,0,1,0,1,0,0,0,0,0.0,83.33,85.71,8.33,44.44,25.0,40.0,50.0,0.0
CAD-CC-00276,HomeBase Canada Signature Cashback Rewards Card,HomeBase Canada,Retail Partner,Cashback,Visa,2017,Active,89,0,15000,743,2.0,3.5,22.1,25.1,Cashback,1.87,Cashback Dollars,1,0,0,0,0,1,1,0,1,0,0,0,0,0,0,0,0,0,0,0,0,0,0,0,0,0,0,0,0,0,0,0,0,1,1,0,0,0,0,1,0,0,0,0,1,0,0,0,0,0,200,200,1,0,Cashback,Digital,1,1,0,0,0,0,0,0,11.11,50.0,28.57,8.33,22.22,0.0,20.0,50.0,0.0
CAD-CC-00277,Prairie National Bank Voyage Student World Card,Prairie National Bank,Bank,Student,Mastercard,2025,Active,0,0,5000,656,3.0,2.0,22.86,24.81,Hybrid Rewards,0.75,Cashback Dollars,0,0,1,0,0,1,1,1,0,0,0,0,0,0,1,1,0,1,1,0,1,0,0,1,0,0,0,0,0,0,0,0,0,0,0,0,1,0,1,0,1,1,0,0,0,0,0,0,0,0,0,0,0,6,Student,Subscription,1,1,0,1,0,0,0,0,0.0,33.33,28.57,41.67,22.22,25.0,40.0,75.0,0.0
CAD-CC-00278,MapleTrust Bank Prime Low Interest Essentials Card,MapleTrust Bank,Bank,Low Interest,Mastercard,2026,Active,20,0,15000,664,2.5,3.5,11.99,15.1,Statement Credits,1.1,Cashback Dollars,0,0,1,0,0,0,0,1,0,0,0,0,0,0,0,0,1,1,0,0,0,0,0,1,0,0,0,0,0,0,0,0,0,0,1,1,0,0,1,0,1,1,0,1,1,0,0,0,0,0,0,0,0,0,Digital,Subscription,1,0,0,0,0,0,0,0,0.0,16.67,57.14,25.0,11.11,0.0,60.0,25.0,0.0
CAD-CC-00279,Coastline Credit Union Maple Rewards Essentials Card,Coastline Credit Union,Credit Union,Rewards,Mastercard,2024,Active,99,0,60000,648,2.0,3.5,21.38,23.96,Hybrid Rewards,1.22,Travel Points,0,0,1,0,0,0,1,0,0,0,0,0,1,0,0,1,0,0,0,0,0,0,0,0,0,0,0,0,0,0,0,0,0,0,0,0,0,0,0,0,0,0,0,1,0,0,0,0,0,25000,0,243,0,0,Student,Cashback,1,1,0,1,0,0,0,0,0.0,16.67,14.29,0.0,22.22,0.0,0.0,75.0,0.0
CAD-CC-00280,Laurentian Maple Bank Platinum Cashback Preferred Card,Laurentian Maple Bank,Bank,Cashback,Mastercard,2026,Active,99,0,60000,627,3.0,4.0,20.18,23.67,Cashback,1.67,Cashback Dollars,1,0,1,1,0,0,1,1,1,0,0,0,0,1,1,0,0,0,1,0,1,0,0,0,0,0,0,0,0,0,0,0,0,1,0,0,0,1,0,0,0,1,1,0,0,0,0,0,1,0,200,200,0,0,Cashback,Sustainability,0,1,1,1,0,0,0,0,11.11,83.33,28.57,16.67,44.44,50.0,20.0,75.0,0.0
CAD-CC-00281,Atlantic Community CU Everyday Balance Transfer Card,Atlantic Community CU,Credit Union,Balance Transfer,Mastercard,2023,Active,29,10,0,628,2.5,3.0,17.15,20.34,Statement Credits,0.61,Cashback Dollars,0,0,0,1,0,0,0,0,0,0,0,0,0,0,1,0,0,0,0,0,0,0,0,0,0,0,0,0,0,0,0,0,0,0,1,1,0,0,1,0,1,1,0,0,1,0,0,0,0,15000,0,128,1,0,Digital,Sustainability,1,1,1,1,0,0,0,0,0.0,0.0,42.86,0.0,0.0,25.0,60.0,100.0,0.0
CAD-CC-00282,PocketCredit Everyday Student World Card,PocketCredit,Fintech,Student,Visa,2017,Pilot,0,0,0,624,0.0,3.5,20.17,23.1,Hybrid Rewards,0.87,Flexible Points,1,0,0,1,0,1,0,0,0,0,0,0,0,0,0,1,0,0,0,1,0,0,0,0,1,0,0,0,0,0,0,1,0,0,1,0,1,1,1,1,0,1,1,1,1,0,0,0,0,0,0,0,0,0,Student,Digital,1,1,1,1,0,0,0,0,11.11,16.67,71.43,25.0,0.0,0.0,80.0,100.0,0.0
CAD-CC-00283,Maple Leaf Credit Union Voyage Rewards Explorer Card,Maple Leaf Credit Union,Credit Union,Rewards,Visa,2025,Active,120,0,80000,647,3.0,4.0,21.72,23.49,Flexible Points,1.82,Travel Points,1,0,1,0,0,0,1,1,0,1,0,0,0,1,0,0,0,0,0,0,0,0,0,1,0,0,0,0,0,0,0,0,0,0,0,0,0,0,0,0,1,0,0,0,1,0,0,0,0,15000,0,98,1,6,Cashback,Lifestyle,1,1,0,0,0,1,0,0,0.0,83.33,28.57,8.33,44.44,0.0,0.0,50.0,20.0
CAD-CC-00285,Laurentian Maple Bank Elevate Subscription Rewards Explorer Card,Laurentian Maple Bank,Bank,Subscription Rewards,Visa,2024,Active,0,0,60000,694,2.0,2.0,22.57,24.59,Statement Credits,1.94,Cashback Dollars,1,0,0,0,1,1,1,1,1,0,0,0,0,1,0,0,0,1,0,0,0,0,1,0,1,1,0,0,0,0,0,0,0,0,0,0,0,0,0,0,1,1,0,0,0,0,0,1,0,10000,0,74,0,12,Cashback,Subscription,1,0,0,1,0,0,0,0,0.0,83.33,28.57,50.0,44.44,25.0,0.0,50.0,0.0
CAD-CC-00286,Laurentian Maple Bank Edge Lifestyle Rewards Plus Card,Laurentian Maple Bank,Bank,Lifestyle Rewards,Mastercard,2015,Active,39,0,30000,753,2.5,3.5,20.77,24.2,Flexible Points,1.4,Flexible Points,0,0,0,0,0,0,0,1,0,0,0,0,1,1,0,0,0,0,0,0,0,0,0,1,1,0,0,0,0,0,0,0,0,0,0,1,0,0,0,1,1,1,1,0,0,0,0,0,0,0,150,150,1,0,Business,Lifestyle,1,1,0,1,0,0,0,0,0.0,33.33,57.14,16.67,33.33,0.0,20.0,75.0,0.0
CAD-CC-00288,UrbanCart North Cashback Plus Card,UrbanCart,Retail Partner,Cashback,Visa,2022,Active,39,29,30000,732,2.5,3.5,20.17,21.73,Cashback,1.65,Cashback Dollars,1,0,0,1,0,0,1,1,1,0,0,0,0,0,0,0,0,0,0,0,0,0,0,0,0,0,0,0,0,0,0,0,0,0,0,1,0,0,0,0,0,1,0,0,1,0,0,1,0,0,150,150,1,12,Cashback,Digital,0,1,0,1,0,0,0,0,0.0,66.67,28.57,0.0,33.33,25.0,20.0,50.0,0.0
CAD-CC-00289,Harbour Financial Everyday Subscription Rewards Explorer Card,Harbour Financial,Bank,Subscription Rewards,Visa,2015,Active,0,15,15000,672,2.5,2.0,20.78,24.12,Statement Credits,1.85,Cashback Dollars,0,0,0,0,1,1,1,0,0,0,0,0,0,0,0,0,1,0,1,1,1,1,0,1,1,0,0,1,0,1,0,0,0,0,1,1,1,0,1,0,1,1,1,0,0,0,0,0,0,10000,0,77,0,3,Subscription,Digital,1,1,0,0,0,0,0,0,22.22,16.67,42.86,75.0,22.22,0.0,80.0,50.0,0.0
CAD-CC-00290,FlexiCard Digital North Cashback Plus Card,FlexiCard Digital,Fintech,Cashback,Visa,2025,Active,0,0,60000,731,2.0,2.0,21.01,23.76,Cashback,2.01,Cashback Dollars,1,0,0,0,0,0,0,0,1,0,0,0,1,0,0,0,0,0,0,0,0,0,0,0,0,0,0,0,0,0,0,0,0,0,1,0,0,0,0,1,1,1,1,0,1,0,0,0,0,0,50,50,0,6,Digital,Cashback,1,1,0,0,0,0,0,0,0.0,33.33,71.43,0.0,22.22,0.0,20.0,50.0,0.0
CAD-CC-00291,MapleTrust Bank Momentum Low Interest Plus Card,MapleTrust Bank,Bank,Low Interest,American Express,2022,Active,20,0,30000,716,2.5,2.0,9.12,11.2,Statement Credits,1.16,Cashback Dollars,0,0,0,0,0,0,0,0,0,0,0,0,0,0,0,0,0,0,0,0,0,0,0,0,0,0,0,0,0,0,0,0,0,0,1,0,1,1,1,1,0,1,1,0,1,0,0,0,0,0,25,25,1,0,Digital,Cashback,1,1,0,1,0,0,0,0,0.0,0.0,57.14,0.0,0.0,0.0,80.0,75.0,0.0
CAD-CC-00293,ShopNorth Select Rewards Essentials Card,ShopNorth,Retail Partner,Rewards,American Express,2017,Active,39,0,60000,743,2.0,2.0,22.12,23.58,Hybrid Rewards,1.37,Flexible Points,0,0,0,0,0,0,0,1,1,0,0,0,0,0,0,0,0,0,0,0,1,0,0,0,1,0,0,0,0,0,0,0,0,0,0,0,0,0,0,1,1,1,1,1,0,0,0,0,0,10000,0,60,1,3,Digital,Cashback,1,1,0,0,0,0,0,0,0.0,33.33,71.43,16.67,22.22,0.0,0.0,50.0,0.0
CAD-CC-00294,Northern Dominion Bank Flex Student Card,Northern Dominion Bank,Bank,Student,Visa,2021,Active,0,0,5000,604,2.5,4.0,21.51,24.98,Cashback,1.18,Cashback Dollars,1,1,0,0,0,1,1,0,0,0,0,0,0,0,0,1,1,0,0,0,0,0,0,0,0,0,0,0,0,0,0,0,0,0,1,1,1,1,0,1,0,1,0,0,1,0,0,0,0,0,25,25,0,0,Student,Digital,1,1,0,1,0,0,0,0,11.11,33.33,42.86,16.67,11.11,0.0,80.0,75.0,0.0
CAD-CC-00295,PayWave Canada Summit Student Rewards Card,PayWave Canada,Fintech,Student,Visa,2023,Active,0,10,10000,628,2.5,3.5,22.0,25.11,Cashback,1.96,Flexible Points,1,1,0,0,0,1,0,1,0,0,0,0,0,0,0,1,0,0,0,0,1,0,0,0,0,0,0,0,0,0,0,0,0,0,1,0,1,1,1,1,1,1,0,1,0,0,0,0,0,0,25,25,0,6,Student,Digital,1,1,1,1,0,0,0,0,11.11,33.33,57.14,16.67,11.11,0.0,80.0,100.0,0.0
CAD-CC-00296,NorthPay Labs Aurora Subscription Rewards Advantage Card,NorthPay Labs,Fintech,Subscription Rewards,American Express,2018,Active,49,0,30000,669,2.5,2.0,20.83,21.93,Statement Credits,1.59,Cashback Dollars,1,1,1,0,1,1,0,0,0,0,0,0,1,0,0,0,0,1,1,1,1,1,1,0,1,1,0,1,0,0,0,0,0,0,1,1,1,0,0,1,1,1,1,0,1,1,0,0,0,25000,0,154,0,6,Digital,Subscription,1,1,0,1,0,0,0,0,22.22,16.67,85.71,83.33,22.22,0.0,60.0,75.0,0.0
CAD-CC-00297,HotelMaple Group Signature Travel Card,HotelMaple Group,Travel Partner,Travel,Visa,2019,Active,89,50,80000,751,2.5,2.0,20.1,21.91,Travel Points,1.36,Travel Points,1,1,1,0,0,0,0,0,0,0,1,0,0,0,0,0,0,0,0,0,0,0,0,0,0,0,0,0,0,0,1,0,0,0,1,0,1,0,0,0,1,1,1,0,1,0,0,0,0,10000,0,88,0,0,Digital,Travel,1,1,1,0,0,0,0,0,22.22,16.67,57.14,0.0,11.11,0.0,40.0,75.0,0.0
CAD-CC-00298,NeoMaple Financial Voyage Student Plus Card,NeoMaple Financial,Fintech,Student,Mastercard,2024,Active,0,15,0,583,2.5,3.0,20.16,23.23,Cashback,1.58,Cashback Dollars,1,0,0,1,0,0,1,0,1,0,0,0,0,0,0,1,1,0,0,1,1,0,0,0,0,0,0,0,1,0,0,0,0,0,0,1,1,1,1,1,1,1,1,1,1,1,0,1,0,0,50,50,0,3,Digital,Student,1,1,0,1,0,0,0,0,11.11,50.0,100.0,25.0,22.22,25.0,80.0,75.0,0.0
CAD-CC-00299,NeoMaple Financial North Balance Transfer Advantage Card,NeoMaple Financial,Fintech,Balance Transfer,Visa,2017,Active,39,0,12000,638,2.5,2.0,19.19,20.91,Cashback,0.57,Cashback Dollars,0,1,0,0,0,0,1,0,0,0,0,1,0,0,0,0,0,0,0,0,1,0,0,0,0,0,0,0,0,0,0,0,0,0,1,0,1,1,1,1,1,1,1,1,0,0,0,0,0,25000,0,246,0,12,Digital,Cashback,0,0,1,0,0,0,0,0,11.11,16.67,71.43,8.33,22.22,0.0,80.0,25.0,0.0
CAD-CC-00300,FlexiCard Digital Everyday Lifestyle Rewards World Card,FlexiCard Digital,Fintech,Lifestyle Rewards,Visa,2026,Pilot,0,0,60000,627,2.5,3.5,20.73,24.12,Flexible Points,1.0,Cashback Dollars,0,0,0,0,0,0,0,1,1,0,1,0,1,0,0,0,1,0,0,0,0,1,0,1,1,1,0,1,0,0,0,0,1,0,1,1,1,1,0,0,1,0,1,1,1,1,0,0,0,25000,0,223,1,12,Digital,Lifestyle,1,1,1,0,0,0,0,0,22.22,33.33,71.43,41.67,55.56,0.0,80.0,75.0,0.0
CAD-CC-00302,FlexiCard Digital Momentum Cashback Card,FlexiCard Digital,Fintech,Cashback,Mastercard,2017,Active,39,29,60000,725,2.0,4.0,21.14,24.31,Cashback,1.65,Cashback Dollars,1,0,0,1,0,0,0,1,0,0,0,0,0,0,0,0,0,1,0,0,0,0,0,0,1,0,0,0,0,0,0,0,0,0,0,0,0,0,0,1,1,1,1,0,1,0,0,0,0,0,100,100,1,0,Digital,Cashback,1,1,1,1,0,0,0,0,0.0,33.33,71.43,16.67,11.11,0.0,0.0,100.0,0.0
CAD-CC-00303,Maple Leaf Credit Union North Low Interest Card,Maple Leaf Credit Union,Credit Union,Low Interest,Mastercard,2015,Active,39,0,30000,634,2.5,2.0,10.55,11.59,Cashback,0.26,Cashback Dollars,0,0,0,1,0,0,1,0,0,0,0,0,0,0,0,0,0,0,0,0,1,0,0,0,0,0,0,0,1,0,0,0,0,0,1,0,0,1,0,0,1,0,0,1,0,0,0,0,0,0,0,0,0,6,Digital,Cashback,0,1,1,0,0,0,0,0,11.11,16.67,28.57,8.33,11.11,0.0,40.0,50.0,0.0
CAD-CC-00305,NeoMaple Financial Aurora Student Rewards Card,NeoMaple Financial,Fintech,Student,Visa,2017,Active,39,10,10000,592,2.5,4.0,20.29,23.78,Flexible Points,0.82,Cashback Dollars,1,0,0,0,0,1,0,1,0,0,0,0,0,0,0,1,0,0,0,1,0,0,0,0,0,0,0,0,0,0,0,0,0,0,0,1,1,0,0,1,1,1,1,1,1,0,0,1,0,0,25,25,0,6,Student,Digital,1,1,1,0,0,0,0,0,0.0,33.33,85.71,16.67,11.11,25.0,40.0,75.0,0.0
CAD-CC-00306,Prairie National Bank Edge Cashback Preferred Card,Prairie National Bank,Bank,Cashback,Visa,2018,Active,120,0,60000,694,2.5,3.0,22.13,23.16,Cashback,1.04,Cashback Dollars,1,0,0,1,0,0,1,1,1,0,0,0,0,1,0,0,0,1,0,0,0,0,0,0,0,0,1,0,0,0,1,0,0,0,0,0,0,0,0,0,1,1,0,1,0,0,0,0,0,0,100,100,0,6,Cashback,Digital,1,1,0,0,0,0,0,0,22.22,83.33,42.86,8.33,44.44,0.0,0.0,50.0,20.0
CAD-CC-00307,HotelMaple Group Flex Privilege Travel Rewards Card,HotelMaple Group,Travel Partner,Premium Travel,Visa,2023,Active,599,175,100000,787,0.0,3.5,22.2,24.38,Flexible Points,1.89,Travel Points,1,1,1,0,0,0,0,1,0,1,1,0,1,0,0,0,0,0,0,0,0,0,0,0,0,0,1,1,1,1,1,1,1,1,0,0,0,1,0,1,1,1,1,0,0,0,0,0,0,50000,0,585,1,3,Travel,Lifestyle,1,1,0,0,1,1,1,0,100.0,50.0,57.14,0.0,44.44,0.0,20.0,50.0,80.0
CAD-CC-00308,Ontario Mutual CU Select Sustainability Rewards Card,Ontario Mutual CU,Credit Union,Sustainability,Visa,2026,Active,0,0,60000,696,2.5,3.5,20.31,21.5,Hybrid Rewards,1.14,Flexible Points,0,0,1,0,0,0,0,0,0,0,0,0,0,0,1,0,0,0,0,0,0,0,0,0,0,0,0,0,0,0,0,0,0,0,0,0,1,0,0,1,1,0,0,0,0,0,1,1,1,10000,0,99,0,6,Sustainability,Digital,1,1,0,1,0,0,0,0,0.0,0.0,28.57,0.0,0.0,100.0,20.0,75.0,0.0
CAD-CC-00309,CanStyle Retail Platinum Rewards Rewards Card,CanStyle Retail,Retail Partner,Rewards,Visa,2026,Active,120,0,15000,750,2.0,3.0,20.19,21.96,Flexible Points,2.28,Flexible Points,0,0,1,0,0,0,1,1,0,0,0,0,1,0,0,0,0,0,0,0,0,0,0,0,0,0,0,0,0,0,0,0,0,0,0,0,1,1,0,0,1,1,1,0,1,0,0,0,0,0,100,100,1,0,Digital,Cashback,1,1,0,0,0,0,0,0,0.0,33.33,57.14,0.0,33.33,0.0,40.0,50.0,0.0
CAD-CC-00310,Laurentian Maple Bank Maple Travel Card,Laurentian Maple Bank,Bank,Travel,Visa,2026,Active,0,75,15000,701,0.0,2.0,22.68,25.21,Flexible Points,1.4,Flexible Points,1,1,1,0,0,0,0,1,0,1,0,0,0,0,0,0,1,0,0,0,0,0,0,1,1,0,1,0,1,0,0,1,1,1,1,0,1,1,1,1,1,1,1,0,0,0,0,0,0,15000,0,122,1,0,Travel,Digital,1,1,0,0,0,0,0,0,66.67,50.0,57.14,25.0,22.22,0.0,80.0,50.0,20.0
CAD-CC-00311,PocketCredit Maple Balance Transfer Essentials Card,PocketCredit,Fintech,Balance Transfer,Visa,2017,Retired,0,10,12000,634,2.0,2.0,17.56,20.05,Cashback,0.62,Cashback Dollars,1,0,0,0,0,0,0,0,0,0,1,0,0,0,0,0,0,0,0,0,0,0,0,0,0,0,0,0,0,0,0,0,0,0,1,1,1,1,1,0,1,1,1,1,1,0,0,0,0,15000,0,133,0,6,Digital,Cashback,1,1,0,1,0,0,0,0,0.0,16.67,71.43,0.0,11.11,0.0,100.0,75.0,0.0
CAD-CC-00312,Maple Leaf Credit Union Maple Rewards World Card,Maple Leaf Credit Union,Credit Union,Rewards,Visa,2022,Active,39,29,60000,641,2.5,2.0,21.52,24.0,Flexible Points,2.15,Flexible Points,1,0,1,0,0,0,1,1,0,0,0,0,0,0,0,0,0,0,0,0,0,0,0,0,0,0,0,0,0,0,1,0,0,0,0,0,0,1,0,0,0,1,0,1,0,0,0,0,0,10000,0,84,0,9,Cashback,Digital,1,1,0,0,0,0,0,0,11.11,50.0,28.57,0.0,22.22,0.0,20.0,50.0,0.0
CAD-CC-00313,PocketCredit Edge Student Essentials Card,PocketCredit,Fintech,Student,Mastercard,2020,Active,25,15,10000,667,2.0,4.0,21.99,23.94,Flexible Points,1.64,Flexible Points,1,1,0,0,0,0,1,0,0,0,0,0,0,0,0,1,0,0,0,0,1,1,0,1,0,0,0,0,0,0,0,0,0,0,0,0,1,1,0,1,1,1,1,1,0,0,0,0,0,0,25,25,1,12,Student,Digital,1,1,0,1,0,0,0,0,11.11,33.33,71.43,25.0,22.22,0.0,40.0,75.0,0.0
CAD-CC-00314,BrightSpend North Cashback Plus Card,BrightSpend,Fintech,Cashback,Visa,2025,Active,99,0,15000,622,2.5,4.0,22.89,24.23,Cashback,1.3,Cashback Dollars,1,1,0,0,0,0,1,1,1,0,0,0,0,1,0,0,0,0,0,0,0,0,0,0,0,1,0,0,0,0,0,0,0,1,1,0,0,0,0,1,1,1,1,1,1,0,0,0,1,0,200,200,1,0,Cashback,Digital,1,1,0,1,0,0,0,0,22.22,83.33,85.71,8.33,44.44,25.0,20.0,75.0,0.0
CAD-CC-00315,Polar Wings Flex Privilege Travel Preferred Card,Polar Wings,Airline Partner,Premium Travel,Visa,2024,Active,699,99,100000,733,2.0,4.0,20.7,22.72,Travel Points,1.09,Flexible Points,0,1,1,0,0,0,0,1,1,0,0,0,1,1,0,0,0,0,0,0,0,0,0,0,0,0,1,1,1,1,1,0,1,1,0,0,0,0,0,1,1,0,0,0,0,0,0,0,0,50000,0,516,1,6,Travel,Cashback,1,1,0,1,1,1,1,0,88.89,50.0,28.57,0.0,44.44,0.0,0.0,75.0,80.0
CAD-CC-00316,NorthPay Labs Elevate Subscription Rewards Preferred Card,NorthPay Labs,Fintech,Subscription Rewards,Visa,2023,Active,120,0,30000,702,0.0,4.0,21.72,22.87,Statement Credits,1.27,Cashback Dollars,0,0,0,1,1,1,0,0,0,0,1,0,1,0,0,0,1,0,0,0,0,1,0,0,1,1,0,0,0,0,0,1,0,0,1,1,0,0,1,1,1,1,1,1,1,0,0,0,0,25000,0,192,0,3,Digital,Subscription,1,1,1,1,0,0,0,0,11.11,0.0,85.71,50.0,33.33,0.0,60.0,100.0,0.0
CAD-CC-00317,NeoMaple Financial Summit Subscription Rewards Explorer Card,NeoMaple Financial,Fintech,Subscription Rewards,Visa,2024,Active,0,0,30000,705,3.0,4.0,20.82,22.83,Statement Credits,1.19,Cashback Dollars,0,0,0,0,1,1,0,0,0,0,1,1,1,0,0,0,0,0,0,0,1,0,1,1,1,0,0,0,0,0,0,0,0,0,0,0,0,0,0,1,1,1,1,1,1,1,0,0,0,10000,0,78,0,0,Digital,Subscription,1,0,1,0,0,0,0,0,0.0,0.0,100.0,50.0,33.33,0.0,0.0,50.0,0.0
CAD-CC-00318,MapleAir Select Travel Plus Card,MapleAir,Airline Partner,Travel,Mastercard,2019,Active,120,29,80000,758,0.0,2.0,20.35,21.71,Flexible Points,2.22,Loyalty Miles,0,1,1,1,0,0,0,1,0,0,0,0,0,0,0,0,0,0,0,0,0,0,0,0,0,0,0,1,0,1,1,1,0,1,0,0,0,0,0,1,0,1,1,0,0,0,0,0,0,20000,0,170,0,3,Travel,Digital,0,1,0,1,0,0,0,0,66.67,16.67,42.86,0.0,11.11,0.0,0.0,50.0,0.0
CAD-CC-00319,MapleMart Flex Rewards Card,MapleMart,Retail Partner,Rewards,Mastercard,2026,Active,89,29,30000,635,3.0,3.5,20.4,23.2,Hybrid Rewards,1.41,Cashback Dollars,0,0,1,0,0,0,0,0,0,0,1,0,0,0,0,0,0,0,0,0,0,0,0,0,0,0,0,0,0,0,0,0,0,0,0,0,1,1,0,1,1,1,1,0,1,0,0,0,1,15000,0,93,1,12,Digital,Sustainability,0,1,0,0,0,0,0,0,0.0,0.0,71.43,0.0,11.11,25.0,40.0,25.0,0.0
CAD-CC-00320,HomeBase Canada Signature Cashback Preferred Card,HomeBase Canada,Retail Partner,Cashback,Visa,2017,Retired,89,0,30000,692,2.5,2.0,21.94,24.13,Cashback,1.27,Cashback Dollars,1,0,0,1,0,0,1,1,0,1,0,0,0,1,0,0,0,0,0,0,0,0,0,0,0,0,0,0,0,0,0,0,0,0,0,1,1,0,0,1,1,1,1,0,0,0,0,0,0,0,50,50,1,9,Cashback,Digital,1,0,0,0,0,0,0,0,0.0,83.33,57.14,0.0,44.44,0.0,40.0,25.0,0.0
CAD-CC-00321,TrueNorth Bank Everyday Cashback Explorer Card,TrueNorth Bank,Bank,Cashback,Mastercard,2025,Active,89,0,80000,714,2.0,3.5,22.33,25.72,Cashback,2.94,Cashback Dollars,1,0,1,1,0,0,1,1,0,0,0,1,0,0,0,0,0,0,0,0,0,0,0,0,0,0,0,0,0,1,0,0,0,1,0,0,1,0,0,1,0,1,1,0,0,0,0,1,0,0,100,100,0,0,Cashback,Digital,1,1,0,1,0,0,0,0,22.22,50.0,42.86,0.0,33.33,25.0,20.0,75.0,0.0
CAD-CC-00322,Capital Crown Bank Platinum Digital First Infinite Card,Capital Crown Bank,Bank,Digital First,Mastercard,2023,Active,0,0,30000,647,2.0,3.5,21.1,22.97,Flexible Points,1.16,Cashback Dollars,1,0,1,1,0,0,0,0,0,0,0,0,0,0,0,0,0,0,0,1,0,0,1,0,0,0,0,0,0,0,1,0,0,0,1,0,1,1,1,1,1,0,1,1,1,1,0,0,0,15000,0,99,0,9,Digital,Cashback,1,1,1,0,0,0,0,0,11.11,16.67,85.71,16.67,0.0,0.0,80.0,75.0,0.0
CAD-CC-00324,UrbanCart Momentum Rewards Essentials Card,UrbanCart,Retail Partner,Rewards,Mastercard,2021,Active,0,50,30000,641,2.5,2.0,22.33,23.64,Cashback,2.48,Cashback Dollars,0,0,0,0,0,0,1,0,0,0,0,0,0,0,0,0,0,0,0,0,0,0,0,0,0,0,0,0,1,0,0,0,0,0,0,0,0,1,0,1,1,0,0,0,0,0,0,0,0,10000,0,64,0,12,Digital,Cashback,1,1,0,1,0,0,0,0,11.11,16.67,28.57,0.0,11.11,0.0,20.0,75.0,0.0
CAD-CC-00325,HotelMaple Group Summit Travel Card,HotelMaple Group,Travel Partner,Travel,Visa,2024,Active,39,50,80000,699,2.0,3.5,22.06,24.94,Travel Points,2.23,Flexible Points,0,1,1,0,0,0,1,1,0,1,1,0,1,0,0,0,0,0,0,0,0,1,0,0,0,0,0,0,1,0,1,0,0,0,1,0,1,0,0,1,1,0,1,1,0,0,0,0,0,40000,0,245,1,0,Lifestyle,Digital,1,1,1,1,0,0,0,0,33.33,50.0,57.14,8.33,66.67,0.0,40.0,100.0,0.0
CAD-CC-00326,CanadaJet Rewards Momentum Travel Rewards Card,CanadaJet Rewards,Airline Partner,Travel,American Express,2026,Active,89,0,30000,758,0.0,2.0,21.41,24.11,Travel Points,1.33,Loyalty Miles,0,1,1,0,0,0,0,1,0,0,0,0,1,1,0,0,0,0,0,0,0,0,0,0,0,0,0,0,1,0,0,1,0,1,0,0,1,0,0,1,0,0,1,0,1,0,0,1,0,10000,0,92,1,6,Lifestyle,Travel,1,1,0,1,0,1,0,0,44.44,33.33,42.86,0.0,33.33,25.0,20.0,75.0,20.0
CAD-CC-00327,NorthPay Labs Aurora Student Explorer Card,NorthPay Labs,Fintech,Student,Visa,2022,Active,39,0,10000,588,2.5,4.0,21.29,23.38,Hybrid Rewards,1.18,Cashback Dollars,0,0,1,0,0,0,0,0,0,0,0,0,0,0,0,1,0,0,0,0,0,1,0,0,0,0,0,0,0,0,0,0,0,0,1,0,1,1,1,1,1,1,0,1,0,0,0,0,0,0,75,75,0,3,Student,Digital,1,1,1,0,0,0,0,0,0.0,0.0,57.14,8.33,11.11,0.0,80.0,75.0,0.0
CAD-CC-00328,NorthPay Labs Platinum Lifestyle Rewards Plus Card,NorthPay Labs,Fintech,Lifestyle Rewards,Mastercard,2016,Active,89,29,60000,760,2.5,3.5,21.48,24.81,Cashback,1.4,Flexible Points,1,0,0,0,0,1,0,0,0,0,0,0,1,1,0,0,0,0,0,0,0,0,0,0,0,0,0,1,0,0,0,0,0,0,0,0,0,0,0,1,1,1,1,1,0,0,0,1,0,10000,0,80,1,0,Digital,Cashback,1,1,0,0,0,0,0,0,11.11,33.33,71.43,8.33,22.22,25.0,0.0,50.0,0.0
CAD-CC-00329,MapleTrust Bank Prime Student Preferred Card,MapleTrust Bank,Bank,Student,Visa,2025,Active,25,10,0,595,2.5,4.0,22.41,24.38,Cashback,1.29,Flexible Points,1,0,0,1,0,1,0,1,1,0,0,0,0,1,0,1,0,0,0,0,0,0,0,0,0,0,0,0,0,1,0,0,0,0,0,0,1,0,1,1,0,0,0,0,0,0,0,1,0,0,50,50,1,0,Student,Cashback,1,1,0,1,0,0,0,0,11.11,66.67,14.29,8.33,33.33,25.0,40.0,75.0,0.0
CAD-CC-00330,Atlantic Community CU Aurora Cashback Rewards Card,Atlantic Community CU,Credit Union,Cashback,Mastercard,2021,Active,89,29,0,623,2.5,3.5,20.86,22.96,Cashback,1.29,Cashback Dollars,1,0,0,0,0,0,0,1,1,0,0,0,0,1,0,0,0,0,0,0,0,0,0,0,0,0,0,0,0,0,0,0,0,0,0,0,1,0,0,0,0,1,0,0,0,0,0,0,0,0,150,150,0,6,Cashback,Lifestyle,1,1,1,0,0,0,0,0,0.0,66.67,14.29,0.0,33.33,0.0,20.0,75.0,0.0
CAD-CC-00331,Prairie National Bank Flex Cashback Advantage Card,Prairie National Bank,Bank,Cashback,Mastercard,2026,Active,99,0,80000,652,2.5,3.0,22.17,23.97,Cashback,1.38,Cashback Dollars,1,0,1,0,0,0,0,1,1,0,0,0,0,1,0,0,0,0,0,0,0,0,0,0,0,0,0,0,0,0,0,0,0,0,0,0,0,0,0,1,0,1,0,0,0,0,0,0,0,0,50,50,0,6,Cashback,Lifestyle,0,1,0,1,0,0,0,0,0.0,66.67,28.57,0.0,33.33,0.0,0.0,50.0,0.0
CAD-CC-00332,FlexiCard Digital Platinum Lifestyle Rewards Explorer Card,FlexiCard Digital,Fintech,Lifestyle Rewards,American Express,2023,Active,99,0,30000,708,2.5,3.5,20.78,23.58,Hybrid Rewards,1.15,Cashback Dollars,0,0,0,0,1,0,0,0,0,0,0,0,1,1,0,0,0,1,0,0,0,0,0,0,1,1,0,0,0,0,0,0,0,0,0,0,0,0,0,1,1,1,1,1,1,1,0,0,0,10000,0,98,1,0,Digital,Lifestyle,1,0,1,1,0,0,0,0,0.0,16.67,100.0,33.33,22.22,0.0,0.0,75.0,0.0
CAD-CC-00334,Northern Dominion Bank Select Student World Card,Northern Dominion Bank,Bank,Student,Visa,2019,Active,0,0,0,661,2.5,3.5,21.08,23.96,Flexible Points,0.81,Flexible Points,1,0,1,0,0,1,0,1,0,0,0,0,0,0,0,1,1,0,1,0,0,1,0,0,0,0,0,0,0,0,0,0,0,0,0,1,1,1,1,1,1,1,1,1,0,0,0,0,0,0,75,75,0,0,Student,Digital,0,1,0,1,0,0,0,0,0.0,33.33,71.43,33.33,22.22,0.0,80.0,50.0,0.0
CAD-CC-00335,Polar Wings Maple Privilege Travel World Card,Polar Wings,Airline Partner,Premium Travel,American Express,2023,Active,499,99,150000,739,0.0,2.0,21.7,23.86,Flexible Points,2.42,Flexible Points,0,1,1,0,0,0,0,0,0,0,1,0,0,0,0,0,0,0,0,0,0,0,0,0,0,0,1,1,1,0,1,1,1,1,0,0,1,0,0,1,0,1,1,1,0,0,1,0,0,50000,0,550,0,0,Travel,Digital,1,1,0,1,1,1,1,1,88.89,0.0,57.14,0.0,11.11,25.0,20.0,75.0,100.0
CAD-CC-00336,Prairie Community CU Edge Student Explorer Card,Prairie Community CU,Credit Union,Student,Mastercard,2025,Active,0,0,5000,674,2.5,3.0,20.34,23.14,Flexible Points,0.65,Cashback Dollars,0,0,0,0,0,0,0,0,0,0,1,0,0,0,0,1,0,0,1,0,0,0,0,0,0,1,1,1,0,0,0,0,0,0,0,0,1,1,1,1,1,0,0,0,0,0,0,0,1,0,0,0,0,3,Student,Business,0,1,0,0,0,0,0,0,22.22,0.0,28.57,16.67,11.11,25.0,60.0,25.0,20.0
CAD-CC-00337,ShopNorth Summit Rewards Plus Card,ShopNorth,Retail Partner,Rewards,American Express,2021,Active,39,29,30000,631,2.5,3.5,22.71,25.5,Hybrid Rewards,1.13,Travel Points,0,0,0,0,0,0,0,0,0,0,0,0,0,0,0,0,0,0,0,0,0,0,0,0,1,0,0,0,0,0,0,0,0,0,1,0,1,0,0,0,1,1,1,1,0,0,0,0,0,25000,0,205,0,0,Digital,Subscription,0,1,1,0,0,0,0,0,0.0,0.0,57.14,8.33,0.0,0.0,40.0,50.0,0.0
CAD-CC-00339,PayWave Canada Maple Lifestyle Rewards Advantage Card,PayWave Canada,Fintech,Lifestyle Rewards,Visa,2024,Active,39,0,60000,664,2.0,4.0,22.86,26.27,Flexible Points,2.55,Flexible Points,0,0,1,0,0,0,1,1,0,0,0,0,1,0,0,0,0,0,0,0,0,0,0,1,0,0,0,0,0,0,0,0,0,0,0,0,0,0,0,1,1,1,1,1,1,1,0,0,0,0,50,50,0,0,Digital,Cashback,0,1,0,1,0,0,0,0,0.0,33.33,100.0,8.33,33.33,0.0,0.0,50.0,0.0
CAD-CC-00340,Maple Leaf Credit Union North Rewards Infinite Card,Maple Leaf Credit Union,Credit Union,Rewards,Visa,2016,Active,120,0,30000,734,2.5,4.0,22.15,24.07,Flexible Points,0.82,Flexible Points,0,1,1,1,0,0,0,1,0,0,0,0,1,0,0,0,0,0,0,0,0,0,0,0,0,0,0,0,0,0,0,0,0,0,0,0,1,0,0,0,0,0,1,0,0,0,1,0,0,10000,0,69,0,0,Lifestyle,Sustainability,1,0,1,0,0,0,0,0,11.11,16.67,14.29,0.0,22.22,25.0,20.0,50.0,0.0
CAD-CC-00341,FlexiCard Digital Elevate Lifestyle Rewards Preferred Card,FlexiCard Digital,Fintech,Lifestyle Rewards,Mastercard,2026,Active,0,0,60000,650,2.5,3.0,20.72,23.68,Flexible Points,1.98,Cashback Dollars,1,0,0,0,0,0,0,0,0,0,0,0,0,1,0,0,0,1,0,1,0,0,1,1,0,1,0,0,0,0,0,0,0,0,0,1,1,1,0,1,1,1,1,1,1,0,0,0,0,25000,0,189,0,6,Digital,Cashback,1,1,1,0,0,0,0,0,0.0,33.33,85.71,41.67,11.11,0.0,60.0,75.0,0.0
CAD-CC-00342,Atlantic Community CU Thrive Cashback Essentials Card,Atlantic Community CU,Credit Union,Cashback,Mastercard,2015,Active,0,0,60000,757,2.5,2.0,22.58,26.04,Cashback,2.68,Cashback Dollars,1,0,0,0,0,0,1,1,1,1,0,0,0,1,0,0,0,1,0,0,0,0,0,0,0,0,0,0,0,0,1,0,0,0,0,0,1,0,0,1,1,1,0,0,0,0,0,1,0,0,50,50,0,9,Cashback,Lifestyle,1,1,1,0,0,0,0,0,11.11,100.0,42.86,8.33,55.56,25.0,20.0,75.0,0.0
CAD-CC-00343,Atlantic Community CU Maple Sustainability Infinite Card,Atlantic Community CU,Credit Union,Sustainability,Mastercard,2015,Active,0,50,60000,717,2.5,3.5,20.86,24.2,Hybrid Rewards,1.49,Cashback Dollars,1,0,1,0,0,0,1,1,0,1,0,0,0,1,1,0,0,0,0,0,0,0,0,0,0,0,0,0,1,0,0,0,0,0,1,0,0,0,0,0,0,1,0,0,0,0,1,1,0,25000,0,180,0,3,Cashback,Sustainability,1,1,0,0,0,0,0,0,11.11,83.33,14.29,0.0,44.44,75.0,20.0,50.0,0.0
CAD-CC-00344,FlexiCard Digital Signature Balance Transfer Advantage Card,FlexiCard Digital,Fintech,Balance Transfer,Mastercard,2021,Active,0,0,12000,659,2.5,2.0,19.43,21.82,Statement Credits,0.52,Cashback Dollars,0,0,0,1,0,0,0,0,0,1,0,0,0,1,1,0,0,0,0,0,1,0,0,0,0,0,0,0,0,1,0,0,0,0,1,1,1,1,1,1,1,1,0,1,1,0,0,0,0,15000,0,113,0,9,Digital,Lifestyle,1,1,1,0,0,0,0,0,11.11,33.33,71.43,8.33,22.22,25.0,100.0,75.0,0.0
CAD-CC-00345,Polar Wings Summit Travel Explorer Card,Polar Wings,Airline Partner,Travel,Mastercard,2025,Active,89,0,30000,719,2.0,3.0,20.12,21.19,Travel Points,1.53,Travel Points,0,1,1,0,0,0,1,1,0,1,0,0,0,0,0,0,0,0,0,0,0,0,0,1,0,0,0,0,1,0,0,0,1,1,0,0,0,0,0,1,0,1,1,0,0,0,0,0,1,30000,0,227,1,3,Travel,Digital,1,1,1,0,0,0,0,0,44.44,50.0,42.86,8.33,33.33,25.0,0.0,75.0,0.0
CAD-CC-00346,PocketCredit Prime Cashback Card,PocketCredit,Fintech,Cashback,Mastercard,2026,Active,0,0,0,698,2.5,4.0,20.01,21.79,Cashback,1.08,Cashback Dollars,1,0,0,1,0,0,1,0,1,0,0,0,0,1,0,0,0,0,0,0,0,0,0,0,0,0,0,1,0,0,0,0,0,1,0,0,0,0,0,1,1,1,1,1,1,0,0,0,0,0,150,150,1,0,Digital,Cashback,1,1,0,1,0,0,0,0,22.22,66.67,85.71,0.0,33.33,0.0,0.0,75.0,0.0
CAD-CC-00347,Harbour Financial Summit Rewards Plus Card,Harbour Financial,Bank,Rewards,Mastercard,2023,Active,89,29,80000,666,2.0,2.0,21.1,23.59,Cashback,1.97,Cashback Dollars,0,0,1,0,0,0,1,1,0,0,1,0,0,0,0,0,0,0,0,0,0,0,0,0,0,0,0,0,0,0,0,0,0,0,0,0,0,1,0,0,0,1,1,0,0,0,0,0,0,15000,0,103,0,0,Cashback,Lifestyle,0,1,0,0,0,0,0,0,0.0,33.33,28.57,0.0,33.33,0.0,20.0,25.0,0.0
CAD-CC-00348,CanadaJet Rewards Thrive Travel Explorer Card,CanadaJet Rewards,Airline Partner,Travel,Mastercard,2024,Active,150,0,30000,740,2.5,4.0,22.15,24.76,Flexible Points,1.71,Travel Points,0,1,1,0,0,0,0,1,0,1,0,0,0,0,0,0,0,0,1,0,0,0,0,0,0,0,0,1,1,0,1,0,0,1,1,0,0,0,0,0,0,1,0,1,1,0,0,0,0,40000,0,291,0,0,Travel,Digital,1,1,0,1,0,0,0,0,55.56,33.33,42.86,8.33,22.22,0.0,20.0,75.0,0.0
CAD-CC-00349,TrueNorth Bank Aurora Privilege Travel Card,TrueNorth Bank,Bank,Premium Travel,Visa,2018,Active,499,149,150000,801,0.0,2.0,22.64,24.18,Travel Points,3.05,Travel Points,1,1,1,1,0,0,0,1,0,0,0,0,0,0,0,0,0,0,0,0,0,0,0,0,0,0,1,1,1,1,1,1,1,1,1,0,0,0,0,1,1,1,1,1,1,0,0,0,0,60000,0,825,0,12,Travel,Digital,1,1,0,0,1,1,1,1,100.0,33.33,85.71,0.0,11.11,0.0,20.0,50.0,100.0
CAD-CC-00350,Prairie National Bank Select Travel Advantage Card,Prairie National Bank,Bank,Travel,American Express,2023,Active,89,29,60000,711,0.0,2.0,21.53,24.46,Travel Points,2.03,Travel Points,0,1,1,0,0,0,0,1,0,1,0,1,0,0,0,0,0,0,0,0,0,0,0,0,0,0,0,1,0,0,1,1,0,0,0,1,1,0,0,1,1,1,1,1,0,0,0,0,0,40000,0,330,0,0,Digital,Lifestyle,1,0,1,1,0,0,1,0,44.44,33.33,71.43,0.0,33.33,0.0,40.0,75.0,20.0
CAD-CC-00351,NorthPay Labs Edge Cashback Essentials Card,NorthPay Labs,Fintech,Cashback,Mastercard,2019,Active,39,29,80000,707,2.0,3.0,21.73,23.14,Cashback,1.71,Cashback Dollars,1,0,0,0,0,0,1,0,1,0,0,0,0,0,0,0,0,0,0,0,0,0,0,0,0,0,0,0,0,0,0,0,0,0,0,1,0,0,0,1,1,1,1,1,1,1,0,0,0,0,50,50,1,6,Digital,Cashback,1,1,0,0,0,0,0,0,0.0,50.0,100.0,0.0,22.22,0.0,20.0,50.0,0.0
CAD-CC-00352,Northern Dominion Bank Aurora Lifestyle Rewards Rewards Card,Northern Dominion Bank,Bank,Lifestyle Rewards,Visa,2022,Active,39,29,60000,742,2.5,3.0,21.02,23.51,Hybrid Rewards,2.19,Cashback Dollars,0,0,0,0,0,1,0,0,0,0,0,0,0,1,0,0,0,1,1,0,0,0,0,0,0,0,0,0,0,0,0,0,0,0,0,0,0,0,0,1,0,1,0,0,1,0,0,0,1,0,150,150,0,0,Digital,Subscription,1,1,0,1,0,0,0,0,0.0,16.67,42.86,25.0,11.11,25.0,0.0,75.0,0.0
CAD-CC-00353,ShopNorth Summit Lifestyle Rewards Infinite Card,ShopNorth,Retail Partner,Lifestyle Rewards,Visa,2024,Active,89,29,0,669,2.0,3.5,20.83,22.85,Flexible Points,1.05,Flexible Points,0,1,0,1,0,0,0,0,0,0,0,0,1,1,0,0,0,0,0,0,0,0,1,0,0,1,0,0,0,0,0,0,0,1,0,0,0,1,0,0,1,1,1,0,0,0,0,0,0,10000,0,66,0,0,Digital,Lifestyle,1,1,0,0,0,0,0,0,22.22,16.67,42.86,16.67,22.22,0.0,20.0,50.0,0.0
CAD-CC-00354,Harbour Financial Select Rewards Explorer Card,Harbour Financial,Bank,Rewards,Visa,2017,Active,89,50,60000,732,2.5,2.0,21.01,22.44,Cashback,2.25,Flexible Points,0,0,1,0,0,0,0,0,0,0,0,0,1,0,0,0,0,0,0,0,0,1,0,0,0,0,0,0,0,0,0,0,1,0,0,0,0,1,0,0,1,1,1,0,0,0,0,0,0,15000,0,117,1,0,Digital,Lifestyle,1,1,0,0,0,0,0,0,11.11,0.0,42.86,8.33,22.22,0.0,20.0,50.0,0.0
CAD-CC-00355,Northern Dominion Bank Elevate Low Interest Essentials Card,Northern Dominion Bank,Bank,Low Interest,Mastercard,2021,Active,39,20,30000,635,0.0,4.0,10.21,12.13,Statement Credits,0.86,Cashback Dollars,0,0,0,1,0,0,0,0,0,0,0,0,0,0,0,0,0,0,0,0,0,0,0,0,0,0,0,0,0,0,0,1,0,0,0,1,1,1,0,1,0,0,0,0,0,0,0,0,0,0,50,50,0,0,Digital,Travel,1,1,0,0,0,0,0,0,11.11,0.0,14.29,0.0,0.0,0.0,60.0,50.0,0.0
CAD-CC-00356,Maple Leaf Credit Union Aurora Student Essentials Card,Maple Leaf Credit Union,Credit Union,Student,Mastercard,2020,Active,25,10,10000,617,2.5,3.0,20.82,22.87,Cashback,1.09,Flexible Points,1,0,0,0,0,0,0,0,0,1,0,0,0,0,0,1,1,0,0,1,0,0,0,0,0,0,0,0,0,0,0,0,0,0,0,0,1,1,1,1,1,1,1,1,0,0,0,0,0,0,25,25,1,9,Student,Digital,1,1,1,1,0,0,0,0,0.0,33.33,71.43,16.67,11.11,0.0,60.0,100.0,0.0
CAD-CC-00357,Prairie National Bank Platinum Low Interest Essentials Card,Prairie National Bank,Bank,Low Interest,Mastercard,2017,Active,29,0,0,716,2.5,3.5,10.55,12.3,Statement Credits,0.31,Cashback Dollars,0,0,0,1,0,0,0,0,0,0,0,0,0,0,0,0,0,0,1,0,0,0,0,0,0,0,0,0,1,1,0,0,0,0,1,1,1,1,0,1,1,1,0,0,0,0,0,0,0,0,25,25,1,0,Digital,Travel,1,1,0,1,0,0,0,0,22.22,0.0,42.86,8.33,0.0,0.0,80.0,75.0,0.0
CAD-CC-00358,MapleAir Prime Privilege Travel Rewards Card,MapleAir,Airline Partner,Premium Travel,Visa,2024,Active,599,199,100000,765,0.0,3.5,22.47,24.77,Flexible Points,1.66,Travel Points,1,1,1,0,0,0,0,0,0,1,1,0,0,0,0,0,0,0,0,0,0,0,0,0,0,0,1,1,1,1,1,1,1,1,0,0,0,1,0,1,1,1,0,1,0,0,0,0,0,90000,0,1067,0,6,Travel,Digital,1,1,0,0,1,0,1,0,100.0,33.33,57.14,0.0,22.22,0.0,20.0,50.0,60.0
CAD-CC-00359,Capital Crown Bank Elevate Digital First Rewards Card,Capital Crown Bank,Bank,Digital First,Visa,2018,Active,0,30,15000,651,2.5,4.0,20.25,22.88,Cashback,0.98,Cashback Dollars,0,0,0,0,0,0,0,0,0,0,0,0,0,0,0,0,0,0,0,0,0,1,0,0,1,0,0,1,0,0,0,0,0,0,0,1,0,1,1,1,1,1,1,1,1,1,0,0,0,25000,0,190,0,9,Digital,Subscription,1,1,1,0,0,0,0,0,11.11,0.0,100.0,16.67,11.11,0.0,60.0,75.0,0.0
CAD-CC-00360,Harbour Financial Elevate Travel Card,Harbour Financial,Bank,Travel,Mastercard,2023,Active,0,29,15000,689,0.0,2.0,20.49,21.68,Travel Points,1.32,Travel Points,0,1,1,0,0,0,1,0,0,1,0,0,0,0,0,0,0,0,0,0,0,0,0,0,0,0,1,0,0,0,0,1,1,0,0,0,1,0,1,1,1,0,0,1,0,0,1,0,0,40000,0,376,0,6,Travel,Digital,1,1,0,1,0,0,0,0,44.44,33.33,42.86,0.0,22.22,25.0,40.0,75.0,20.0
CAD-CC-00361,FlexiCard Digital Voyage Balance Transfer Essentials Card,FlexiCard Digital,Fintech,Balance Transfer,Mastercard,2021,Active,29,10,12000,686,2.5,1.0,16.83,18.83,Cashback,0.32,Cashback Dollars,1,0,0,0,0,0,0,1,0,0,0,0,0,0,0,0,0,0,0,0,0,0,0,0,0,0,0,0,0,0,0,0,0,0,0,1,1,1,0,1,1,1,0,1,1,1,0,0,1,10000,0,97,1,9,Digital,Cashback,1,0,0,1,0,0,0,0,0.0,33.33,85.71,0.0,11.11,25.0,60.0,50.0,0.0
CAD-CC-00362,Coastline Credit Union Flex Rewards Rewards Card,Coastline Credit Union,Credit Union,Rewards,American Express,2020,Active,89,0,80000,723,2.5,3.0,20.93,22.02,Flexible Points,1.32,Flexible Points,0,0,1,0,0,0,1,0,1,0,1,0,1,0,0,0,0,0,0,0,0,0,0,0,0,0,0,0,0,0,0,0,0,0,0,0,0,0,0,0,1,0,0,0,0,0,0,0,0,25000,0,181,0,0,Cashback,Lifestyle,0,1,0,0,0,0,0,0,0.0,33.33,14.29,0.0,44.44,0.0,0.0,25.0,0.0
CAD-CC-00363,FreshBasket Everyday Lifestyle Rewards Rewards Card,FreshBasket,Retail Partner,Lifestyle Rewards,Mastercard,2019,Active,89,0,60000,702,3.0,3.0,21.85,23.47,Hybrid Rewards,1.92,Flexible Points,0,0,1,0,0,0,0,1,1,0,0,0,0,1,0,0,0,0,0,0,0,0,1,0,0,0,0,0,0,0,0,0,0,1,0,0,0,0,0,0,1,1,1,0,0,0,0,0,0,10000,0,87,0,0,Business,Cashback,0,1,1,1,0,0,0,0,11.11,50.0,42.86,8.33,33.33,0.0,0.0,75.0,0.0
CAD-CC-00364,CanStyle Retail Platinum Subscription Rewards Infinite Card,CanStyle Retail,Retail Partner,Subscription Rewards,Mastercard,2023,Active,0,15,60000,705,2.5,2.0,21.51,23.05,Statement Credits,1.14,Cashback Dollars,0,0,0,0,1,1,1,0,0,0,0,1,1,0,0,0,0,0,1,1,0,1,1,1,1,0,0,0,0,0,0,0,1,0,1,1,0,0,0,1,1,0,0,1,0,0,0,0,0,0,150,150,0,0,Subscription,Digital,1,1,1,0,0,0,0,0,11.11,16.67,42.86,66.67,44.44,0.0,40.0,75.0,0.0
CAD-CC-00365,Atlantic Community CU Flex Rewards Advantage Card,Atlantic Community CU,Credit Union,Rewards,Visa,2026,Active,0,0,30000,739,2.5,3.5,21.96,25.33,Hybrid Rewards,2.07,Flexible Points,0,0,1,0,0,0,1,1,1,0,0,0,0,1,0,0,0,0,0,0,0,0,0,0,0,0,0,1,0,0,0,0,0,0,0,0,1,0,0,0,0,1,0,1,0,0,1,0,0,10000,0,78,0,0,Cashback,Lifestyle,1,1,0,1,0,0,0,0,11.11,66.67,28.57,0.0,44.44,25.0,20.0,75.0,0.0
CAD-CC-00366,Northern Lights CU Thrive Travel Essentials Card,Northern Lights CU,Credit Union,Travel,American Express,2019,Active,39,50,30000,685,0.0,3.5,22.11,24.82,Flexible Points,2.0,Travel Points,0,1,1,1,0,0,0,1,0,0,0,1,0,1,0,0,0,0,0,0,0,0,0,0,0,1,0,1,0,1,1,1,1,1,0,0,0,0,0,1,1,1,1,0,0,0,0,0,0,40000,0,260,0,0,Travel,Digital,1,1,0,0,0,0,0,0,77.78,33.33,57.14,8.33,33.33,0.0,0.0,50.0,0.0
CAD-CC-00367,NeoMaple Financial Summit Cashback World Card,NeoMaple Financial,Fintech,Cashback,Visa,2026,Active,99,29,30000,641,2.5,2.0,22.55,26.0,Cashback,1.83,Cashback Dollars,1,0,0,0,0,0,1,1,1,0,0,1,0,0,0,0,0,0,0,0,0,0,0,0,0,0,0,1,0,0,0,0,0,0,0,0,1,0,1,1,1,1,1,1,1,1,0,0,0,0,50,50,0,0,Digital,Cashback,0,1,0,0,0,0,0,0,11.11,66.67,100.0,0.0,44.44,0.0,40.0,25.0,0.0
CAD-CC-00368,Ontario Mutual CU Prime Low Interest Essentials Card,Ontario Mutual CU,Credit Union,Low Interest,Mastercard,2024,Active,0,20,30000,652,2.5,3.5,14.57,16.49,Cashback,0.77,Cashback Dollars,0,0,1,0,0,0,0,0,0,0,0,0,0,0,0,0,0,0,0,0,0,0,0,0,0,0,0,0,0,0,0,0,0,0,1,0,1,1,0,1,0,1,1,1,1,0,0,0,0,0,50,50,0,12,Digital,Cashback,1,1,0,0,0,0,0,0,0.0,0.0,71.43,0.0,0.0,0.0,60.0,50.0,0.0
CAD-CC-00369,MapleTrust Bank Edge Privilege Travel Preferred Card,MapleTrust Bank,Bank,Premium Travel,Visa,2023,Active,599,149,60000,792,2.5,3.0,22.69,25.01,Travel Points,3.28,Travel Points,0,1,1,0,0,0,0,1,0,1,1,0,0,0,0,0,0,0,0,0,0,0,0,0,0,0,1,1,1,1,1,0,1,1,0,1,0,0,0,0,1,1,0,0,1,0,0,0,0,70000,0,705,1,0,Travel,Lifestyle,1,1,0,1,0,1,1,0,88.89,33.33,42.86,0.0,33.33,0.0,20.0,75.0,60.0
CAD-CC-00370,Ontario Mutual CU Prime Travel Infinite Card,Ontario Mutual CU,Credit Union,Travel,Visa,2026,Active,150,0,15000,671,2.0,2.0,20.6,22.98,Flexible Points,2.03,Travel Points,0,1,1,0,0,1,1,0,0,1,1,0,0,0,0,0,0,0,0,0,0,1,0,0,0,0,0,0,0,0,1,0,1,1,0,1,1,0,0,1,1,1,1,0,1,0,0,0,0,10000,0,71,1,12,Digital,Travel,1,1,1,0,0,0,0,0,44.44,33.33,71.43,16.67,44.44,0.0,40.0,75.0,0.0
CAD-CC-00371,MapleTrust Bank Edge Balance Transfer Plus Card,MapleTrust Bank,Bank,Balance Transfer,American Express,2022,Active,39,10,0,662,3.0,2.0,19.9,22.66,Hybrid Rewards,1.07,Cashback Dollars,0,0,0,0,0,0,0,0,0,0,0,0,0,1,0,0,0,0,0,0,0,0,0,0,0,0,0,0,0,0,0,0,0,0,1,1,1,1,1,1,1,1,1,1,0,0,0,0,0,10000,0,80,0,0,Digital,Cashback,1,1,1,1,0,0,0,0,0.0,16.67,71.43,0.0,11.11,0.0,100.0,100.0,0.0
CAD-CC-00372,Northern Lights CU Summit Cashback Advantage Card,Northern Lights CU,Credit Union,Cashback,Mastercard,2017,Active,0,0,15000,653,3.0,3.0,21.15,24.04,Cashback,1.46,Cashback Dollars,1,0,0,0,0,0,1,1,1,1,0,1,0,0,0,0,0,0,0,0,0,0,0,0,0,0,0,0,0,0,0,0,0,0,1,0,0,0,0,1,1,1,1,0,1,0,0,0,0,0,200,200,1,9,Cashback,Digital,1,1,0,1,0,0,0,0,0.0,83.33,71.43,0.0,55.56,0.0,20.0,75.0,0.0
CAD-CC-00373,Harbour Financial Platinum Privilege Travel Essentials Card,Harbour Financial,Bank,Premium Travel,Mastercard,2015,Active,499,149,80000,726,2.0,3.0,20.5,23.36,Travel Points,1.02,Loyalty Miles,0,1,1,0,0,0,0,1,0,1,0,0,1,1,0,0,0,0,0,0,0,0,0,0,0,0,1,1,1,1,1,0,1,0,0,0,0,0,1,1,1,0,0,0,1,0,0,0,0,50000,0,584,0,0,Travel,Lifestyle,1,1,1,1,1,1,1,0,77.78,50.0,42.86,0.0,44.44,0.0,20.0,100.0,80.0
CAD-CC-00374,Prairie Community CU Prime Sustainability World Card,Prairie Community CU,Credit Union,Sustainability,Visa,2017,Active,0,0,30000,647,2.5,3.0,20.14,22.51,Cashback,0.6,Cashback Dollars,0,0,0,0,0,0,1,0,0,1,0,0,0,0,1,0,0,0,0,0,0,0,0,0,0,1,0,0,0,0,0,0,0,0,0,1,0,0,0,0,0,1,0,0,0,0,1,1,1,25000,0,247,0,12,Sustainability,Cashback,1,1,1,0,0,0,0,0,0.0,33.33,14.29,8.33,22.22,100.0,20.0,75.0,0.0
CAD-CC-00375,Prairie National Bank Flex Balance Transfer Infinite Card,Prairie National Bank,Bank,Balance Transfer,Visa,2016,Active,0,10,0,636,2.0,1.0,16.22,18.54,Cashback,0.93,Cashback Dollars,0,1,1,1,0,0,0,0,0,0,0,0,1,0,0,0,0,0,0,0,0,0,0,0,0,0,0,0,0,0,0,0,0,0,0,1,0,0,1,1,1,1,0,0,0,0,0,0,1,15000,0,149,0,6,Digital,Sustainability,1,1,0,0,0,0,0,0,11.11,0.0,42.86,0.0,11.11,25.0,40.0,50.0,0.0
CAD-CC-00376,NorthPay Labs Summit Lifestyle Rewards World Card,NorthPay Labs,Fintech,Lifestyle Rewards,Mastercard,2021,Pilot,99,0,60000,668,2.5,4.0,21.81,24.76,Cashback,0.97,Flexible Points,1,0,1,1,1,0,0,1,0,0,0,0,1,0,1,0,0,0,0,0,0,0,1,0,0,0,0,0,0,0,0,0,0,0,1,0,0,0,0,0,1,1,0,1,1,1,0,1,0,0,100,100,1,0,Digital,Sustainability,0,1,1,0,0,0,0,0,0.0,33.33,71.43,16.67,22.22,50.0,20.0,50.0,0.0
CAD-CC-00378,Northern Lights CU Flex Balance Transfer Essentials Card,Northern Lights CU,Credit Union,Balance Transfer,Visa,2024,Active,0,0,0,684,2.5,1.0,16.73,18.67,Cashback,0.47,Cashback Dollars,1,0,0,1,0,0,1,0,0,0,0,0,0,0,0,0,0,0,0,0,0,0,0,0,0,0,0,0,0,0,0,0,0,0,0,1,1,0,0,1,0,1,0,1,0,0,0,1,0,25000,0,151,1,12,Digital,Cashback,1,0,1,1,0,0,0,0,0.0,33.33,42.86,0.0,11.11,25.0,40.0,75.0,0.0
CAD-CC-00379,Coastline Credit Union Momentum Sustainability Rewards Card,Coastline Credit Union,Credit Union,Sustainability,Visa,2021,Active,0,0,0,710,2.0,3.5,21.61,24.77,Cashback,1.29,Cashback Dollars,0,0,1,0,0,0,1,1,1,0,0,0,0,0,1,0,0,0,0,0,0,0,0,0,0,0,0,0,0,0,0,0,0,0,1,0,0,0,0,1,0,0,0,0,0,1,1,0,1,15000,0,119,1,0,Sustainability,Cashback,1,1,0,1,0,0,0,0,0.0,50.0,28.57,0.0,33.33,75.0,20.0,75.0,0.0
CAD-CC-00380,PocketCredit Flex Digital First World Card,PocketCredit,Fintech,Digital First,Mastercard,2021,Active,120,30,30000,736,2.0,4.0,21.09,22.42,Cashback,1.72,Cashback Dollars,1,0,1,0,0,1,0,0,0,0,0,0,0,0,0,0,0,0,1,1,0,0,0,0,1,0,0,0,0,0,0,0,0,0,1,1,0,0,0,1,1,1,1,1,1,1,0,0,0,0,150,150,1,0,Digital,Subscription,1,1,1,0,0,0,0,0,0.0,16.67,100.0,33.33,0.0,0.0,40.0,75.0,0.0
CAD-CC-00381,Prairie Community CU Edge Student Advantage Card,Prairie Community CU,Credit Union,Student,Visa,2018,Active,0,15,5000,615,2.5,3.0,22.5,25.05,Cashback,0.56,Flexible Points,1,0,0,1,0,0,0,1,0,1,0,0,0,0,0,1,1,0,0,1,1,0,0,0,1,0,0,0,0,0,0,0,0,0,1,0,1,0,1,0,1,1,0,1,1,1,0,0,0,0,0,0,0,0,Student,Digital,1,1,0,1,0,0,0,0,0.0,50.0,71.43,33.33,22.22,0.0,60.0,75.0,0.0
CAD-CC-00382,Capital Crown Bank Edge Cashback Explorer Card,Capital Crown Bank,Bank,Cashback,Visa,2020,Active,99,0,15000,704,2.5,3.0,21.45,23.01,Cashback,2.54,Cashback Dollars,1,0,0,0,0,1,1,1,1,1,0,0,0,1,0,0,0,0,0,0,0,0,0,0,0,0,0,0,0,0,0,0,1,0,0,0,1,0,0,1,1,0,1,0,0,0,0,1,0,0,100,100,1,6,Cashback,Lifestyle,1,1,1,0,0,0,0,0,11.11,100.0,42.86,8.33,55.56,25.0,20.0,75.0,0.0
CAD-CC-00383,Prairie National Bank Maple Lifestyle Rewards Essentials Card,Prairie National Bank,Bank,Lifestyle Rewards,Mastercard,2022,Active,0,0,30000,708,3.0,3.0,22.93,24.56,Hybrid Rewards,2.52,Flexible Points,0,0,0,0,0,0,0,1,0,0,0,0,1,0,0,0,0,0,0,0,0,0,0,0,0,0,0,0,0,0,0,0,0,0,0,0,1,1,0,0,1,1,1,1,0,0,0,0,0,15000,0,123,0,12,Digital,Lifestyle,0,1,1,0,0,0,0,0,0.0,16.67,57.14,0.0,22.22,0.0,40.0,50.0,0.0
CAD-CC-00384,PocketCredit Aurora Cashback Infinite Card,PocketCredit,Fintech,Cashback,Visa,2018,Active,120,29,60000,712,2.5,3.0,21.43,24.04,Cashback,2.01,Cashback Dollars,1,0,1,0,0,0,1,1,1,0,0,0,0,0,0,0,0,0,0,0,0,0,0,0,0,0,0,1,0,0,1,0,0,0,0,0,1,0,0,1,1,1,1,1,1,1,0,0,0,0,50,50,0,6,Digital,Cashback,1,1,0,0,0,1,0,0,22.22,66.67,100.0,0.0,33.33,0.0,20.0,50.0,20.0
CAD-CC-00387,Laurentian Maple Bank Flex Student Card,Laurentian Maple Bank,Bank,Student,Mastercard,2024,Active,25,10,0,628,2.5,3.0,20.38,21.94,Flexible Points,1.84,Flexible Points,1,0,0,0,0,1,1,1,0,0,1,0,0,0,0,1,0,1,0,1,0,0,0,1,0,0,0,0,0,0,0,0,0,0,0,0,0,1,0,0,0,1,0,0,0,0,0,1,0,0,75,75,0,0,Student,Business,0,0,0,1,0,0,0,0,0.0,50.0,14.29,33.33,33.33,25.0,20.0,25.0,0.0
CAD-CC-00388,MapleTrust Bank Everyday Cashback Card,MapleTrust Bank,Bank,Cashback,Visa,2021,Active,0,29,30000,677,2.0,4.0,22.49,23.8,Cashback,1.75,Cashback Dollars,1,0,0,1,0,0,1,1,0,0,0,0,0,1,0,0,0,0,0,0,0,0,0,0,0,0,0,0,0,0,0,0,0,0,0,0,0,0,0,1,1,1,0,1,1,0,0,0,0,0,150,150,0,0,Cashback,Digital,1,1,0,0,0,0,0,0,0.0,66.67,71.43,0.0,33.33,0.0,0.0,50.0,0.0
CAD-CC-00389,MapleTrust Bank Thrive Digital First Infinite Card,MapleTrust Bank,Bank,Digital First,Visa,2017,Active,120,50,15000,718,2.5,4.0,22.88,23.88,Flexible Points,0.53,Flexible Points,1,1,0,0,1,0,0,0,0,0,0,0,0,0,0,0,0,0,0,0,0,0,0,0,1,0,0,0,0,0,0,0,0,1,1,0,0,1,0,1,1,1,1,1,1,1,0,1,0,15000,0,90,0,0,Digital,Sustainability,1,0,0,0,0,0,0,0,22.22,16.67,100.0,16.67,0.0,25.0,40.0,25.0,0.0
CAD-CC-00390,Ontario Mutual CU Everyday Rewards Advantage Card,Ontario Mutual CU,Credit Union,Rewards,Mastercard,2024,Active,89,50,60000,726,2.5,3.0,21.05,24.29,Hybrid Rewards,2.35,Flexible Points,0,0,1,1,0,0,0,1,0,0,0,0,0,0,0,0,0,0,0,0,0,0,0,0,0,0,0,0,0,0,0,0,0,0,0,0,1,1,0,0,0,1,0,1,0,0,0,0,0,0,100,100,0,3,Digital,Cashback,1,0,0,1,0,0,0,0,0.0,16.67,28.57,0.0,11.11,0.0,40.0,50.0,0.0
CAD-CC-00391,Harbour Financial Maple Lifestyle Rewards Advantage Card,Harbour Financial,Bank,Lifestyle Rewards,Visa,2021,Active,0,0,80000,724,2.5,3.5,21.19,23.12,Flexible Points,0.86,Travel Points,1,0,0,0,0,1,0,1,0,0,1,0,1,1,0,0,0,0,0,0,0,0,0,0,0,1,0,0,0,0,0,0,0,0,1,0,0,0,0,0,1,1,0,0,1,0,0,0,0,15000,0,135,0,9,Lifestyle,Cashback,1,1,0,1,0,0,0,0,0.0,50.0,42.86,16.67,44.44,0.0,20.0,75.0,0.0
CAD-CC-00392,Northern Dominion Bank Maple Digital First Rewards Card,Northern Dominion Bank,Bank,Digital First,American Express,2024,Active,89,0,60000,707,2.5,3.5,22.63,23.74,Cashback,0.57,Flexible Points,1,0,1,0,0,0,0,0,0,0,0,0,0,0,0,0,0,0,0,0,1,1,0,0,1,0,0,1,0,0,0,0,0,1,1,1,1,0,1,1,1,1,1,1,0,1,0,0,0,10000,0,66,0,0,Digital,Subscription,0,1,0,0,0,0,0,0,22.22,16.67,85.71,25.0,11.11,0.0,80.0,25.0,0.0
CAD-CC-00393,Capital Crown Bank Edge Subscription Rewards Infinite Card,Capital Crown Bank,Bank,Subscription Rewards,Visa,2018,Active,0,0,30000,747,0.0,2.0,20.44,22.25,Statement Credits,1.86,Cashback Dollars,0,0,0,0,1,1,1,0,1,0,0,0,1,0,1,0,1,1,1,1,1,1,1,0,1,1,0,0,0,0,0,1,0,0,0,1,0,0,0,0,0,0,0,1,0,0,0,0,0,10000,0,92,0,0,Subscription,Cashback,1,1,0,0,0,0,0,0,11.11,33.33,14.29,91.67,44.44,25.0,20.0,50.0,0.0
CAD-CC-00394,ShopNorth Elevate Subscription Rewards Plus Card,ShopNorth,Retail Partner,Subscription Rewards,Mastercard,2025,Active,89,50,30000,682,3.0,3.5,22.83,25.21,Statement Credits,0.96,Cashback Dollars,0,0,0,1,1,1,0,0,0,0,0,0,1,0,0,0,1,1,0,1,0,1,0,1,0,1,0,0,0,0,0,0,0,0,0,0,1,0,0,1,0,1,0,1,0,0,0,0,0,25000,0,249,1,6,Subscription,Digital,1,0,0,0,0,0,0,0,0.0,0.0,42.86,66.67,22.22,0.0,20.0,25.0,0.0
CAD-CC-00395,Laurentian Maple Bank Voyage Balance Transfer Infinite Card,Laurentian Maple Bank,Bank,Balance Transfer,Mastercard,2019,Active,0,0,12000,653,2.5,4.0,15.16,18.44,Statement Credits,0.66,Cashback Dollars,1,0,0,0,0,0,0,0,0,1,0,0,0,0,0,0,0,0,0,0,0,0,0,0,0,0,0,1,0,0,0,0,0,0,1,1,0,0,0,1,1,0,1,1,0,0,0,0,0,0,100,100,0,0,Digital,Cashback,1,1,1,0,0,0,0,0,11.11,33.33,57.14,0.0,11.11,0.0,40.0,75.0,0.0
CAD-CC-00396,TrailStay Rewards Summit Travel Preferred Card,TrailStay Rewards,Travel Partner,Travel,Visa,2024,Active,89,0,0,704,0.0,4.0,21.44,24.83,Travel Points,1.0,Travel Points,0,1,1,0,0,0,0,1,1,0,1,0,0,0,0,0,0,0,0,0,0,0,0,0,0,0,0,1,1,0,0,1,1,1,0,1,0,0,0,0,0,0,0,0,0,0,0,0,0,20000,0,181,0,9,Travel,Cashback,1,1,0,0,0,0,0,0,66.67,33.33,0.0,0.0,33.33,0.0,20.0,50.0,0.0
CAD-CC-00397,MapleTrust Bank Summit Cashback Preferred Card,MapleTrust Bank,Bank,Cashback,Visa,2022,Active,89,0,80000,707,2.5,2.0,21.19,24.28,Cashback,2.55,Cashback Dollars,1,0,0,0,0,0,1,1,1,1,0,0,0,0,0,0,0,0,0,0,0,0,0,0,0,0,0,0,0,1,0,0,0,0,0,1,0,1,0,0,1,1,0,0,1,0,0,0,0,0,150,150,1,6,Cashback,Digital,1,1,0,1,0,0,0,0,11.11,83.33,42.86,0.0,44.44,0.0,40.0,75.0,0.0
CAD-CC-00398,Northern Lights CU Maple Sustainability Advantage Card,Northern Lights CU,Credit Union,Sustainability,Visa,2017,Active,49,0,15000,685,0.0,3.5,22.6,24.86,Flexible Points,1.83,Flexible Points,0,0,1,0,0,1,0,1,0,0,0,0,0,1,1,0,0,0,0,0,1,0,0,0,0,0,0,1,0,0,0,1,0,0,1,0,1,0,0,0,1,1,0,1,0,0,1,1,0,25000,0,241,0,6,Sustainability,Digital,1,1,0,0,0,0,0,0,22.22,33.33,42.86,16.67,22.22,75.0,40.0,50.0,0.0
CAD-CC-00399,Northern Dominion Bank Summit Low Interest Plus Card,Northern Dominion Bank,Bank,Low Interest,American Express,2019,Active,29,20,15000,687,2.0,3.5,14.98,16.62,Statement Credits,1.16,Cashback Dollars,1,0,0,0,0,1,1,1,0,0,0,0,0,0,0,0,0,0,0,0,0,0,0,0,0,0,0,1,0,0,0,0,0,0,1,0,1,0,0,1,0,0,1,0,1,1,0,0,0,0,50,50,0,3,Cashback,Digital,1,1,0,1,0,0,0,0,11.11,50.0,57.14,8.33,22.22,0.0,40.0,75.0,0.0
CAD-CC-00400,Atlantic Community CU Aurora Cashback Plus Card,Atlantic Community CU,Credit Union,Cashback,Visa,2018,Active,0,29,15000,721,2.5,3.0,21.79,22.98,Cashback,2.34,Cashback Dollars,1,1,0,1,0,0,1,1,0,0,0,0,0,1,0,0,0,0,0,0,0,0,0,0,1,0,0,0,0,0,0,0,0,0,0,0,1,0,0,1,1,1,0,0,1,0,0,0,1,0,200,200,0,12,Cashback,Digital,1,1,1,0,0,0,0,0,11.11,66.67,57.14,8.33,33.33,25.0,20.0,75.0,0.0
CAD-CC-00401,Prairie National Bank Flex Cashback Card,Prairie National Bank,Bank,Cashback,Visa,2019,Active,99,0,80000,700,2.5,2.0,20.72,22.31,Cashback,1.13,Cashback Dollars,1,0,1,1,0,0,1,1,1,0,0,0,0,0,0,0,0,0,0,0,0,0,0,1,0,0,0,1,0,1,0,0,0,0,0,0,1,0,0,0,1,1,0,0,0,0,1,1,0,0,200,200,1,3,Cashback,Sustainability,1,0,0,0,0,0,0,0,22.22,66.67,28.57,8.33,33.33,50.0,20.0,25.0,0.0
CAD-CC-00402,HomeBase Canada Select Cashback Essentials Card,HomeBase Canada,Retail Partner,Cashback,Mastercard,2020,Active,89,0,60000,698,2.5,3.5,21.44,22.55,Cashback,2.81,Cashback Dollars,1,0,1,0,0,0,1,1,0,0,1,0,0,0,0,0,0,0,0,1,0,0,0,0,0,0,0,0,0,0,0,0,0,0,0,0,1,0,0,1,1,1,1,0,1,1,0,0,0,0,150,150,0,6,Digital,Cashback,1,1,0,0,0,0,0,0,0.0,50.0,85.71,8.33,33.33,0.0,20.0,50.0,0.0
CAD-CC-00403,Harbour Financial Select Sustainability Infinite Card,Harbour Financial,Bank,Sustainability,American Express,2024,Active,0,0,30000,673,2.5,2.0,20.75,23.82,Cashback,1.34,Cashback Dollars,1,0,0,0,0,0,1,0,0,0,0,0,0,0,1,0,0,0,0,0,0,0,0,0,0,0,0,0,0,0,0,0,1,1,0,0,0,0,0,0,0,1,0,0,0,0,1,0,1,0,100,100,1,6,Sustainability,Cashback,1,1,1,0,0,0,0,0,22.22,33.33,14.29,0.0,11.11,75.0,0.0,75.0,0.0
CAD-CC-00404,Maple Leaf Credit Union Flex Sustainability Card,Maple Leaf Credit Union,Credit Union,Sustainability,American Express,2016,Active,0,0,60000,649,0.0,2.0,22.37,23.63,Hybrid Rewards,0.52,Cashback Dollars,0,0,0,0,0,0,0,1,0,1,0,0,0,0,1,0,0,0,0,0,0,0,0,0,0,0,0,0,0,0,0,1,0,0,1,0,0,0,0,1,1,1,1,0,0,0,1,1,1,25000,0,180,0,0,Sustainability,Digital,1,1,1,0,0,0,0,0,11.11,33.33,57.14,0.0,22.22,100.0,20.0,75.0,0.0
CAD-CC-00405,Ontario Mutual CU Momentum Rewards Card,Ontario Mutual CU,Credit Union,Rewards,Mastercard,2026,Active,120,29,0,635,2.0,3.0,20.12,21.48,Flexible Points,1.62,Cashback Dollars,0,0,1,1,0,0,1,1,0,0,0,0,1,0,0,0,1,0,0,0,0,0,0,0,0,0,1,0,0,0,0,0,0,0,0,0,0,0,0,1,1,0,1,0,1,0,1,0,0,0,150,150,1,9,Digital,Cashback,1,1,1,0,0,0,1,0,11.11,33.33,57.14,8.33,33.33,25.0,0.0,75.0,40.0
CAD-CC-00406,PocketCredit North Sustainability Plus Card,PocketCredit,Fintech,Sustainability,Mastercard,2020,Active,0,15,30000,632,2.5,3.0,20.1,21.67,Cashback,1.18,Flexible Points,0,1,1,0,0,0,0,0,0,0,0,0,1,0,1,0,0,0,0,0,0,0,0,0,0,0,0,0,0,0,0,0,0,0,1,0,1,0,0,1,1,1,0,1,1,0,0,0,1,0,100,100,0,6,Digital,Sustainability,0,1,1,1,0,0,0,0,11.11,0.0,71.43,0.0,11.11,50.0,40.0,75.0,0.0
CAD-CC-00407,GlobePass Canada Prime Travel Infinite Card,GlobePass Canada,Travel Partner,Travel,Visa,2019,Active,39,29,30000,687,2.5,3.5,22.83,24.87,Travel Points,2.34,Loyalty Miles,0,1,1,0,0,0,1,0,0,0,1,0,0,0,0,0,0,0,0,0,0,0,0,0,1,0,0,1,1,1,0,0,1,1,0,1,0,0,0,0,1,1,1,0,0,0,1,0,0,20000,0,191,0,0,Travel,Digital,1,1,1,1,0,0,0,0,66.67,16.67,42.86,8.33,22.22,25.0,20.0,100.0,0.0
CAD-CC-00408,PayWave Canada Momentum Student Essentials Card,PayWave Canada,Fintech,Student,Visa,2016,Active,0,0,0,656,2.5,4.0,21.37,22.83,Cashback,1.75,Flexible Points,1,0,0,0,0,0,0,1,0,0,0,0,0,0,0,1,0,0,0,0,0,0,0,0,1,0,0,1,0,0,0,0,0,0,0,0,1,0,1,1,1,1,1,1,1,0,0,1,0,0,75,75,0,3,Student,Digital,1,1,0,0,0,0,0,0,11.11,33.33,85.71,8.33,11.11,25.0,40.0,50.0,0.0
CAD-CC-00409,MapleTrust Bank North Balance Transfer Preferred Card,MapleTrust Bank,Bank,Balance Transfer,Visa,2020,Active,0,0,12000,710,2.5,1.0,19.33,22.64,Statement Credits,0.47,Cashback Dollars,0,0,0,1,0,0,0,0,1,0,0,0,0,0,0,0,0,0,0,0,0,0,0,0,0,0,0,0,0,0,1,0,0,1,1,1,0,1,1,0,0,1,1,1,0,0,0,0,1,15000,0,95,0,0,Digital,Sustainability,1,1,0,1,0,0,0,0,22.22,16.67,42.86,0.0,11.11,25.0,80.0,75.0,0.0
CAD-CC-00410,Atlantic Community CU Summit Low Interest Plus Card,Atlantic Community CU,Credit Union,Low Interest,Mastercard,2025,Active,29,10,15000,628,2.5,2.0,13.87,16.42,Statement Credits,0.25,Cashback Dollars,0,0,0,1,0,0,0,0,0,0,0,0,0,1,0,0,0,0,0,0,0,0,0,0,0,0,0,0,0,0,0,0,0,0,1,1,1,0,1,1,0,0,1,0,0,0,0,0,0,0,25,25,0,0,Digital,Lifestyle,1,1,0,1,0,0,0,0,0.0,16.67,28.57,0.0,11.11,0.0,80.0,75.0,0.0
CAD-CC-00411,Northern Dominion Bank Prime Cashback Explorer Card,Northern Dominion Bank,Bank,Cashback,Visa,2026,Retired,99,0,80000,701,2.5,3.5,20.53,23.68,Cashback,1.82,Cashback Dollars,1,0,0,1,0,0,1,1,1,0,0,0,1,1,0,0,0,1,0,0,0,0,0,0,0,0,0,0,1,0,0,0,0,0,0,0,0,1,0,1,1,0,0,1,1,0,1,0,0,0,200,200,0,0,Cashback,Lifestyle,1,1,0,1,0,0,0,0,11.11,83.33,57.14,8.33,55.56,25.0,20.0,75.0,0.0
CAD-CC-00412,Northern Lights CU Edge Low Interest Essentials Card,Northern Lights CU,Credit Union,Low Interest,American Express,2015,Active,29,10,30000,651,2.0,3.5,12.68,15.82,Statement Credits,0.58,Cashback Dollars,0,0,1,0,0,0,1,0,0,0,0,0,0,1,0,0,0,0,0,0,0,0,0,0,1,0,0,0,0,0,0,0,0,1,1,1,1,1,0,0,1,1,0,0,0,0,0,0,0,0,50,50,1,6,Cashback,Digital,1,1,0,0,0,0,0,0,11.11,33.33,28.57,8.33,22.22,0.0,80.0,50.0,0.0
CAD-CC-00413,Northern Lights CU Voyage Cashback Preferred Card,Northern Lights CU,Credit Union,Cashback,Mastercard,2022,Active,89,0,60000,694,2.5,3.0,21.01,22.93,Cashback,1.69,Cashback Dollars,1,0,1,0,0,0,1,1,0,0,0,0,0,0,0,0,0,0,0,0,0,0,0,0,0,0,0,0,0,0,0,0,0,0,0,0,0,0,0,0,1,0,0,0,1,0,0,0,0,0,150,150,0,6,Business,Cashback,1,1,0,0,0,0,0,0,0.0,50.0,28.57,0.0,22.22,0.0,0.0,50.0,0.0
CAD-CC-00414,Northern Lights CU Flex Low Interest Infinite Card,Northern Lights CU,Credit Union,Low Interest,Mastercard,2022,Active,29,10,15000,686,2.5,2.0,13.74,16.58,Cashback,1.04,Cashback Dollars,0,0,0,0,0,0,0,0,0,0,0,0,0,0,0,0,0,0,0,0,0,0,0,0,0,0,0,0,0,0,0,0,0,0,0,0,0,1,1,0,0,1,0,0,0,0,0,0,0,0,25,25,1,0,Digital,Cashback,1,1,1,0,0,0,0,0,0.0,0.0,14.29,0.0,0.0,0.0,40.0,75.0,0.0
CAD-CC-00415,Northern Dominion Bank Summit Subscription Rewards Essentials Card,Northern Dominion Bank,Bank,Subscription Rewards,Mastercard,2016,Active,49,30,30000,743,2.5,2.0,20.22,22.95,Statement Credits,0.93,Cashback Dollars,0,0,0,0,1,1,1,0,0,0,0,1,1,1,0,0,0,1,1,1,1,1,1,1,1,0,0,0,0,0,0,0,0,0,0,1,1,0,0,0,1,1,1,0,0,0,0,0,0,15000,0,110,0,6,Subscription,Lifestyle,0,1,1,0,0,0,0,0,0.0,33.33,42.86,83.33,55.56,0.0,40.0,50.0,0.0
CAD-CC-00416,NorthPay Labs Summit Lifestyle Rewards Plus Card,NorthPay Labs,Fintech,Lifestyle Rewards,Mastercard,2025,Active,99,29,15000,653,2.5,2.0,22.08,24.53,Hybrid Rewards,1.22,Cashback Dollars,1,0,0,1,0,1,1,0,0,0,1,0,1,0,1,0,0,1,0,0,1,1,0,0,0,0,0,1,0,0,0,0,0,0,0,0,0,0,0,1,1,0,1,1,1,0,0,0,0,10000,0,96,1,0,Digital,Cashback,1,1,1,0,0,0,0,0,11.11,33.33,71.43,33.33,44.44,25.0,0.0,75.0,0.0
CAD-CC-00417,TrueNorth Bank Summit Cashback Infinite Card,TrueNorth Bank,Bank,Cashback,Visa,2020,Active,89,29,60000,640,2.0,4.0,21.71,24.05,Cashback,0.98,Cashback Dollars,1,0,0,0,1,0,0,0,0,0,1,0,0,0,1,0,0,0,0,0,0,0,0,0,0,0,0,0,0,0,0,0,0,0,0,1,0,1,0,0,1,1,1,0,1,1,0,0,0,0,50,50,1,3,Digital,Sustainability,1,1,0,1,0,0,0,0,0.0,16.67,71.43,8.33,11.11,25.0,40.0,75.0,0.0
CAD-CC-00418,PocketCredit Signature Sustainability Rewards Card,PocketCredit,Fintech,Sustainability,Mastercard,2019,Active,49,0,15000,679,2.5,4.0,21.89,22.98,Flexible Points,1.27,Cashback Dollars,1,0,0,0,0,0,0,0,0,1,0,0,0,0,1,1,0,0,0,0,0,0,0,0,0,0,0,1,0,0,0,0,0,0,1,0,1,0,1,1,1,1,1,1,1,0,1,0,1,15000,0,98,1,3,Student,Digital,1,1,0,1,0,0,0,0,11.11,33.33,85.71,0.0,11.11,75.0,60.0,75.0,0.0
CAD-CC-00419,Prairie Community CU Prime Cashback Preferred Card,Prairie Community CU,Credit Union,Cashback,American Express,2016,Active,39,0,30000,702,2.5,2.0,21.49,23.81,Cashback,2.22,Cashback Dollars,1,0,0,0,0,0,1,0,0,0,0,0,0,0,0,0,0,0,0,0,0,0,0,0,0,0,0,0,0,0,0,0,0,0,0,0,1,0,0,1,1,1,0,1,0,0,0,0,0,0,150,150,0,6,Digital,Cashback,1,0,0,0,0,0,0,0,0.0,33.33,57.14,0.0,11.11,0.0,20.0,25.0,0.0
CAD-CC-00420,Harbour Financial Everyday Subscription Rewards Card,Harbour Financial,Bank,Subscription Rewards,Visa,2024,Active,89,30,15000,711,2.5,3.5,22.62,25.52,Statement Credits,1.05,Cashback Dollars,0,0,0,1,1,1,0,0,0,0,0,1,1,0,0,0,0,1,1,1,1,1,0,1,1,1,0,1,0,0,0,0,0,0,0,0,1,0,0,1,0,1,0,0,1,0,0,0,0,25000,0,204,1,0,Subscription,Digital,1,1,0,0,0,0,0,0,11.11,0.0,42.86,83.33,33.33,0.0,20.0,50.0,0.0
CAD-CC-00421,TrueNorth Bank Edge Student Infinite Card,TrueNorth Bank,Bank,Student,Mastercard,2026,Active,39,0,0,669,0.0,3.5,20.62,22.72,Hybrid Rewards,0.55,Flexible Points,0,0,1,0,0,0,0,0,0,0,0,0,0,1,0,1,0,0,0,0,0,0,0,0,0,0,0,0,0,0,0,1,0,0,1,1,0,0,1,0,0,0,1,0,1,0,0,0,0,0,25,25,0,0,Student,Digital,1,1,1,0,0,0,0,0,11.11,16.67,28.57,0.0,11.11,0.0,60.0,75.0,0.0
CAD-CC-00422,Atlantic Community CU Maple Rewards Explorer Card,Atlantic Community CU,Credit Union,Rewards,Visa,2018,Active,39,0,0,734,2.5,3.5,20.08,22.93,Hybrid Rewards,1.85,Cashback Dollars,1,0,1,1,0,0,1,1,0,0,0,0,0,1,0,0,0,0,0,0,0,0,0,0,0,0,0,0,0,0,0,0,0,0,1,0,1,0,0,1,0,1,0,0,1,0,0,0,0,10000,0,67,1,12,Cashback,Digital,0,1,1,0,0,0,0,0,0.0,66.67,42.86,0.0,33.33,0.0,40.0,50.0,0.0
CAD-CC-00423,Ontario Mutual CU Maple Cashback Advantage Card,Ontario Mutual CU,Credit Union,Cashback,Visa,2020,Active,0,29,80000,697,2.5,2.0,21.3,23.29,Cashback,1.46,Cashback Dollars,1,0,1,0,0,0,1,0,1,0,0,0,0,1,0,0,0,0,0,0,0,0,0,1,0,0,0,0,0,0,0,0,0,0,0,0,0,1,0,0,1,1,0,1,0,0,0,0,0,0,100,100,0,0,Cashback,Digital,1,1,1,1,0,0,0,0,0.0,66.67,42.86,8.33,33.33,0.0,20.0,100.0,0.0
CAD-CC-00424,BrightSpend Everyday Student Infinite Card,BrightSpend,Fintech,Student,Visa,2022,Active,0,0,5000,645,2.5,2.0,20.42,23.43,Cashback,1.81,Cashback Dollars,1,0,1,0,0,0,0,1,0,0,0,0,0,1,0,1,0,0,1,0,0,0,0,0,0,0,0,0,0,0,0,0,0,0,0,1,1,1,1,1,1,1,1,1,1,0,0,0,0,0,75,75,0,3,Student,Digital,1,1,1,0,0,0,0,0,0.0,50.0,85.71,8.33,22.22,0.0,80.0,75.0,0.0
CAD-CC-00425,Laurentian Maple Bank Prime Balance Transfer Advantage Card,Laurentian Maple Bank,Bank,Balance Transfer,American Express,2016,Active,0,10,0,720,2.5,3.0,14.61,18.03,Statement Credits,0.91,Cashback Dollars,1,0,1,0,0,0,1,0,1,0,0,0,0,1,0,0,0,0,0,0,1,0,1,0,0,0,0,0,0,0,0,0,0,1,1,1,1,0,1,1,0,0,1,1,0,0,0,0,0,0,100,100,0,9,Cashback,Digital,1,1,1,1,0,0,0,0,11.11,66.67,42.86,16.67,33.33,0.0,80.0,100.0,0.0
CAD-CC-00426,Northern Lights CU Platinum Student World Card,Northern Lights CU,Credit Union,Student,Visa,2020,Active,0,10,10000,616,2.5,3.0,22.09,24.89,Flexible Points,1.01,Flexible Points,1,0,0,1,0,1,0,0,0,0,0,0,0,0,0,1,1,1,0,0,0,0,0,0,0,0,0,0,0,0,0,0,0,0,0,0,0,0,0,1,1,0,0,0,0,0,0,0,1,0,75,75,0,9,Student,Digital,1,1,0,1,0,0,0,0,0.0,16.67,28.57,25.0,0.0,25.0,0.0,75.0,0.0
CAD-CC-00427,FlexiCard Digital Signature Subscription Rewards Advantage Card,FlexiCard Digital,Fintech,Subscription Rewards,Mastercard,2015,Active,0,0,60000,755,2.5,2.0,21.69,23.06,Statement Credits,1.27,Cashback Dollars,0,1,0,0,1,1,0,0,0,0,0,0,1,0,0,0,0,0,0,0,1,1,1,0,1,0,0,0,0,0,0,0,0,0,0,1,0,0,0,1,1,1,1,1,1,1,0,0,1,10000,0,88,0,0,Digital,Subscription,0,1,0,1,0,0,0,0,11.11,0.0,100.0,50.0,22.22,25.0,20.0,50.0,0.0
CAD-CC-00428,Coastline Credit Union Platinum Cashback Card,Coastline Credit Union,Credit Union,Cashback,Mastercard,2026,Active,99,0,30000,734,2.5,3.5,21.68,23.57,Cashback,1.1,Cashback Dollars,1,0,0,0,0,0,0,1,0,0,0,0,0,1,0,0,0,0,0,0,0,0,0,0,0,0,0,1,0,0,1,0,0,1,0,0,1,1,0,0,1,1,1,1,0,0,0,0,0,0,50,50,0,0,Cashback,Digital,1,1,0,1,0,0,0,0,33.33,50.0,57.14,0.0,22.22,0.0,40.0,75.0,0.0
CAD-CC-00429,Capital Crown Bank North Digital First Rewards Card,Capital Crown Bank,Bank,Digital First,American Express,2026,Active,0,0,15000,748,2.5,3.0,20.02,21.75,Cashback,0.74,Flexible Points,0,0,1,0,1,1,0,0,0,0,0,0,0,0,1,0,0,0,1,1,0,0,0,0,0,0,0,0,1,0,0,0,0,0,1,0,1,0,0,1,1,1,1,0,1,1,0,0,0,0,50,50,0,3,Digital,Subscription,1,1,0,1,0,0,0,0,11.11,0.0,85.71,33.33,0.0,25.0,40.0,75.0,0.0
CAD-CC-00430,Laurentian Maple Bank Select Digital First Advantage Card,Laurentian Maple Bank,Bank,Digital First,Mastercard,2015,Active,0,15,0,668,2.5,2.0,20.57,23.48,Cashback,0.85,Cashback Dollars,1,0,1,0,0,1,1,0,0,0,0,0,0,0,0,0,0,0,1,1,0,0,0,1,0,0,0,0,0,0,0,0,0,0,0,0,1,1,1,1,1,1,1,1,1,1,0,0,0,15000,0,118,1,3,Digital,Cashback,1,1,0,0,0,0,0,0,0.0,33.33,100.0,33.33,11.11,0.0,60.0,50.0,0.0
CAD-CC-00431,BrightSpend Voyage Cashback Essentials Card,BrightSpend,Fintech,Cashback,Mastercard,2015,Active,39,0,0,719,2.5,3.0,20.54,23.39,Cashback,1.31,Cashback Dollars,1,0,0,1,0,0,1,1,0,0,0,0,0,1,0,0,0,0,0,0,0,0,0,0,0,0,0,0,0,0,0,0,0,0,0,0,1,0,0,1,1,1,1,1,1,0,0,0,0,0,200,200,1,0,Digital,Cashback,0,1,0,0,0,0,0,0,0.0,66.67,85.71,0.0,33.33,0.0,20.0,25.0,0.0
CAD-CC-00432,NorthPay Labs Flex Balance Transfer World Card,NorthPay Labs,Fintech,Balance Transfer,Visa,2023,Active,0,0,15000,635,2.5,1.0,19.31,21.14,Statement Credits,1.1,Cashback Dollars,1,1,0,1,1,0,0,1,0,0,0,0,0,0,0,0,0,1,0,0,0,0,0,0,0,0,0,1,0,0,0,0,0,0,0,0,1,0,1,1,1,1,1,1,1,1,0,0,0,15000,0,104,0,0,Digital,Cashback,1,0,1,1,0,0,0,0,22.22,33.33,100.0,16.67,11.11,0.0,40.0,75.0,0.0
CAD-CC-00433,Coastline Credit Union North Balance Transfer Card,Coastline Credit Union,Credit Union,Balance Transfer,Mastercard,2016,Active,39,10,15000,623,2.0,2.0,17.25,20.21,Hybrid Rewards,1.08,Cashback Dollars,0,0,0,1,0,0,0,0,0,0,0,0,0,0,0,0,0,0,0,0,0,0,0,0,0,0,0,0,0,0,0,0,0,0,0,0,1,1,1,0,0,1,1,1,0,0,0,0,0,10000,0,81,0,9,Digital,Cashback,0,1,0,0,0,0,0,0,0.0,0.0,42.86,0.0,0.0,0.0,60.0,25.0,0.0
CAD-CC-00434,Prairie Community CU Select Sustainability Rewards Card,Prairie Community CU,Credit Union,Sustainability,Visa,2023,Active,0,15,30000,717,2.5,3.5,20.25,22.77,Flexible Points,1.82,Flexible Points,1,0,0,0,0,0,1,0,0,0,0,0,0,1,1,0,0,0,0,0,0,0,0,0,0,0,0,0,1,0,0,0,0,0,1,0,1,1,0,0,1,0,1,0,0,0,0,1,1,10000,0,60,0,0,Sustainability,Cashback,1,1,1,1,0,0,0,0,11.11,50.0,28.57,0.0,22.22,75.0,60.0,100.0,0.0
CAD-CC-00435,MapleTrust Bank Signature Lifestyle Rewards World Card,MapleTrust Bank,Bank,Lifestyle Rewards,Mastercard,2019,Active,0,0,0,681,2.5,2.0,20.76,24.04,Flexible Points,2.28,Travel Points,1,0,0,0,0,0,0,0,0,1,1,0,0,1,0,0,0,0,1,0,0,1,0,0,0,0,0,1,1,1,0,0,0,0,1,0,0,0,0,1,0,1,0,1,0,0,1,0,1,25000,0,211,0,0,Lifestyle,Sustainability,0,1,1,0,0,0,0,0,33.33,50.0,42.86,16.67,44.44,50.0,20.0,50.0,0.0
CAD-CC-00436,HotelMaple Group Summit Travel Explorer Card,HotelMaple Group,Travel Partner,Travel,American Express,2016,Active,89,75,60000,712,2.5,4.0,21.9,24.59,Travel Points,1.97,Flexible Points,0,1,1,0,1,0,1,0,0,1,1,0,0,0,0,0,0,0,0,0,0,0,0,0,0,0,0,1,0,0,0,0,0,1,0,0,1,0,0,1,1,1,0,0,0,0,0,0,1,40000,0,330,1,3,Digital,Travel,1,1,1,0,0,0,0,0,33.33,33.33,42.86,8.33,33.33,25.0,20.0,75.0,0.0
CAD-CC-00437,Maple Leaf Credit Union Edge Low Interest Card,Maple Leaf Credit Union,Credit Union,Low Interest,Visa,2024,Active,29,20,30000,669,2.5,3.0,14.5,16.22,Statement Credits,0.88,Cashback Dollars,0,0,1,0,0,0,0,0,0,0,0,0,0,0,0,0,0,0,0,0,0,0,0,0,0,0,0,0,0,0,0,0,0,0,1,0,0,1,1,1,1,0,0,0,1,0,0,0,0,0,50,50,0,0,Digital,Cashback,1,1,1,0,0,0,0,0,0.0,0.0,42.86,0.0,0.0,0.0,60.0,75.0,0.0
CAD-CC-00439,Coastline Credit Union Thrive Cashback Essentials Card,Coastline Credit Union,Credit Union,Cashback,Mastercard,2024,Active,89,0,0,730,2.5,4.0,22.24,25.37,Cashback,1.29,Cashback Dollars,1,0,0,1,1,0,1,0,1,0,0,1,0,1,0,0,0,0,0,0,0,0,0,0,0,0,0,0,0,0,0,0,0,0,0,0,0,0,0,1,1,0,1,0,0,0,0,0,0,0,100,100,1,6,Cashback,Digital,1,1,0,1,0,0,0,0,0.0,66.67,42.86,8.33,44.44,0.0,0.0,75.0,0.0
CAD-CC-00440,Laurentian Maple Bank Voyage Digital First Card,Laurentian Maple Bank,Bank,Digital First,American Express,2023,Active,49,0,30000,692,2.5,4.0,20.42,22.51,Hybrid Rewards,1.93,Flexible Points,1,0,0,1,0,0,0,0,0,0,0,0,0,0,0,0,0,0,0,0,0,0,0,1,0,0,1,1,0,0,0,0,0,0,1,1,1,0,0,1,1,1,1,1,1,1,0,0,0,15000,0,131,0,0,Digital,Cashback,1,1,1,0,0,0,0,0,22.22,16.67,100.0,8.33,0.0,0.0,60.0,75.0,20.0
CAD-CC-00441,NorthPay Labs Summit Sustainability Essentials Card,NorthPay Labs,Fintech,Sustainability,Mastercard,2017,Active,49,0,0,726,2.5,3.5,21.83,23.49,Flexible Points,1.15,Cashback Dollars,0,0,1,1,0,0,0,0,0,0,0,0,0,0,1,0,0,0,0,0,0,0,0,0,0,0,0,0,0,0,0,0,0,0,0,1,1,0,0,1,1,1,1,0,1,0,1,1,1,15000,0,105,1,3,Sustainability,Digital,1,1,0,0,0,0,0,0,0.0,0.0,71.43,0.0,0.0,100.0,40.0,50.0,0.0
CAD-CC-00442,FlexiCard Digital Summit Student Infinite Card,FlexiCard Digital,Fintech,Student,Visa,2026,Active,0,15,0,639,2.5,2.0,20.96,24.17,Cashback,0.79,Flexible Points,1,0,0,0,0,0,0,1,0,1,0,1,0,1,0,1,1,0,0,0,0,0,0,0,0,0,0,0,0,0,0,0,0,0,1,0,1,0,0,1,1,1,1,1,1,1,0,0,0,0,75,75,0,0,Digital,Student,1,1,1,0,0,0,0,0,0.0,66.67,100.0,8.33,44.44,0.0,40.0,75.0,0.0
CAD-CC-00444,Air NorthStar Voyage Privilege Travel Advantage Card,Air NorthStar,Airline Partner,Premium Travel,American Express,2021,Active,499,175,60000,801,0.0,3.5,21.16,22.42,Travel Points,1.45,Travel Points,0,1,1,0,0,0,0,0,0,0,0,0,1,0,0,0,0,0,0,0,0,0,0,0,0,0,0,1,1,1,0,1,0,1,0,0,0,0,0,1,0,1,0,1,0,0,0,1,0,70000,0,714,0,6,Travel,Digital,0,1,0,1,1,1,0,1,66.67,0.0,42.86,0.0,11.11,25.0,0.0,50.0,60.0
CAD-CC-00445,Harbour Financial Signature Travel Explorer Card,Harbour Financial,Bank,Travel,Mastercard,2026,Active,120,0,30000,702,0.0,3.5,20.13,23.58,Flexible Points,1.45,Flexible Points,0,1,1,0,0,0,0,1,0,0,0,0,0,0,0,0,0,1,0,0,0,0,0,0,0,0,0,1,1,1,1,1,0,0,0,0,0,0,0,0,1,1,1,1,1,0,0,0,0,40000,0,362,1,0,Digital,Travel,1,1,0,1,0,0,0,0,66.67,16.67,71.43,8.33,11.11,0.0,0.0,75.0,0.0
CAD-CC-00446,Prairie National Bank Select Subscription Rewards World Card,Prairie National Bank,Bank,Subscription Rewards,Visa,2025,Active,0,15,60000,756,2.5,2.0,20.7,23.68,Statement Credits,1.74,Cashback Dollars,0,0,0,0,1,1,0,1,1,0,0,0,1,1,0,0,1,1,1,1,0,1,1,1,1,1,0,0,1,0,0,0,0,0,0,0,0,1,0,1,0,1,1,1,0,0,0,0,0,25000,0,228,0,6,Subscription,Cashback,1,1,1,0,0,0,0,0,11.11,50.0,57.14,91.67,55.56,0.0,20.0,75.0,0.0
CAD-CC-00447,Atlantic Community CU Voyage Cashback Advantage Card,Atlantic Community CU,Credit Union,Cashback,Visa,2017,Active,0,0,80000,747,2.5,4.0,21.24,24.41,Cashback,1.76,Cashback Dollars,1,0,0,1,0,0,0,1,1,0,0,0,1,1,0,0,0,0,0,0,0,0,0,0,0,0,0,0,0,0,0,0,0,0,0,0,1,0,0,1,1,1,0,0,1,0,0,0,0,0,100,100,0,6,Cashback,Lifestyle,1,1,1,1,0,0,0,0,0.0,66.67,57.14,0.0,44.44,0.0,20.0,100.0,0.0
CAD-CC-00448,Northern Dominion Bank Elevate Balance Transfer Card,Northern Dominion Bank,Bank,Balance Transfer,Visa,2024,Active,39,0,12000,693,2.5,1.0,13.07,16.49,Cashback,1.09,Cashback Dollars,0,0,0,1,0,0,0,0,0,0,0,1,0,0,0,0,0,0,0,0,0,0,0,0,0,0,0,0,0,0,0,0,0,0,0,1,1,1,1,1,0,1,0,1,1,0,0,0,0,25000,0,184,0,0,Digital,Lifestyle,1,0,0,0,0,0,0,0,0.0,0.0,57.14,0.0,11.11,0.0,80.0,25.0,0.0
CAD-CC-00449,PocketCredit Elevate Lifestyle Rewards Advantage Card,PocketCredit,Fintech,Lifestyle Rewards,Visa,2021,Active,0,29,15000,644,3.0,3.0,21.99,23.93,Hybrid Rewards,2.46,Flexible Points,1,0,0,1,0,0,0,1,0,0,0,0,1,1,0,0,0,0,0,0,1,0,0,0,0,0,0,1,0,0,1,0,0,0,1,0,0,0,0,1,0,1,1,1,1,0,0,0,0,25000,0,167,0,0,Digital,Cashback,0,0,0,1,0,0,0,0,22.22,50.0,71.43,8.33,33.33,0.0,20.0,25.0,0.0
CAD-CC-00450,Capital Crown Bank Prime Student Card,Capital Crown Bank,Bank,Student,Mastercard,2021,Active,0,10,0,642,2.5,4.0,20.56,21.62,Cashback,1.4,Cashback Dollars,1,0,0,0,1,1,1,1,1,0,0,0,0,0,0,1,0,0,1,0,0,0,0,0,0,0,0,1,1,0,0,0,0,0,1,1,0,1,0,0,1,1,1,1,0,0,0,0,0,0,25,25,0,9,Student,Cashback,1,0,0,0,0,0,0,0,22.22,66.67,57.14,25.0,33.33,0.0,60.0,25.0,0.0
CAD-CC-00451,BrightSpend Prime Subscription Rewards Essentials Card,BrightSpend,Fintech,Subscription Rewards,Visa,2024,Active,49,0,0,702,3.0,2.0,21.19,23.59,Statement Credits,0.9,Cashback Dollars,0,0,0,1,1,1,0,0,0,0,0,1,0,0,0,0,0,1,1,1,1,1,1,1,1,1,0,0,0,0,0,0,0,0,0,0,0,0,0,1,1,1,1,1,1,0,0,0,0,0,150,150,1,6,Subscription,Digital,1,1,1,0,0,0,0,0,0.0,0.0,85.71,91.67,22.22,0.0,0.0,75.0,0.0
CAD-CC-00452,Polar Wings Platinum Travel World Card,Polar Wings,Airline Partner,Travel,Visa,2026,Active,89,75,60000,706,2.5,2.0,22.03,24.68,Travel Points,2.18,Flexible Points,1,1,1,0,0,0,0,0,0,0,0,0,0,0,0,1,0,0,0,0,0,0,0,0,0,0,0,1,0,1,0,0,0,0,0,0,0,0,0,0,1,0,0,0,1,0,0,0,0,15000,0,95,0,0,Student,Business,0,1,0,1,0,0,0,0,33.33,16.67,28.57,0.0,0.0,0.0,0.0,50.0,0.0
CAD-CC-00453,Prairie National Bank Momentum Low Interest Advantage Card,Prairie National Bank,Bank,Low Interest,Visa,2019,Active,59,0,12000,729,2.0,3.0,14.16,15.52,Statement Credits,0.51,Cashback Dollars,1,1,0,0,0,0,0,0,0,0,0,0,1,1,0,0,0,0,0,0,0,0,0,0,0,0,0,0,0,0,0,0,0,0,0,0,1,1,0,1,1,1,0,1,0,1,0,0,0,0,0,0,1,0,Digital,Lifestyle,0,1,0,1,0,0,0,0,11.11,33.33,71.43,0.0,22.22,0.0,40.0,50.0,0.0
CAD-CC-00454,HomeBase Canada Signature Subscription Rewards Explorer Card,HomeBase Canada,Retail Partner,Subscription Rewards,Mastercard,2025,Active,0,15,15000,642,3.0,2.0,21.22,23.58,Statement Credits,1.74,Cashback Dollars,1,0,0,0,1,1,0,0,0,0,0,1,0,0,0,0,0,1,1,0,1,1,1,0,1,1,0,0,0,0,0,0,1,1,0,0,0,0,0,1,1,1,1,1,0,0,0,0,0,25000,0,203,0,6,Subscription,Digital,1,1,0,0,0,0,0,0,22.22,16.67,71.43,75.0,22.22,0.0,0.0,50.0,0.0
CAD-CC-00455,Harbour Financial Signature Balance Transfer World Card,Harbour Financial,Bank,Balance Transfer,Visa,2020,Active,59,20,15000,660,2.5,3.0,18.43,21.43,Statement Credits,0.22,Cashback Dollars,0,0,0,1,0,0,0,1,0,0,0,0,0,0,0,0,0,0,0,0,0,0,0,0,0,0,0,0,0,0,0,0,0,0,1,0,1,0,1,1,1,1,1,1,0,0,0,0,0,0,150,150,0,9,Digital,Cashback,0,1,0,1,0,0,0,0,0.0,16.67,71.43,0.0,11.11,0.0,60.0,50.0,0.0
CAD-CC-00456,Northern Lights CU Everyday Low Interest Preferred Card,Northern Lights CU,Credit Union,Low Interest,Mastercard,2018,Active,29,0,30000,702,2.5,3.0,11.8,14.2,Statement Credits,0.41,Cashback Dollars,0,0,0,0,0,0,0,0,1,0,0,0,1,1,0,0,0,0,0,0,0,0,0,0,0,0,0,0,0,0,0,0,0,0,1,0,1,0,0,1,1,1,0,0,0,0,0,0,0,0,0,0,0,12,Digital,Lifestyle,1,1,0,1,0,0,0,0,0.0,33.33,42.86,0.0,33.33,0.0,40.0,75.0,0.0
CAD-CC-00457,Prairie National Bank Everyday Low Interest Rewards Card,Prairie National Bank,Bank,Low Interest,Mastercard,2026,Active,39,10,15000,728,0.0,3.5,10.66,12.06,Statement Credits,0.9,Cashback Dollars,1,0,0,1,0,0,0,0,1,1,0,0,0,0,0,0,0,0,0,0,0,0,0,0,0,0,0,0,0,0,0,1,1,0,1,0,0,0,0,1,1,0,0,0,0,0,0,0,0,0,0,0,1,3,Cashback,Digital,0,0,0,0,0,0,0,0,22.22,50.0,28.57,0.0,22.22,0.0,20.0,0.0,0.0
CAD-CC-00458,Ontario Mutual CU North Cashback World Card,Ontario Mutual CU,Credit Union,Cashback,Visa,2016,Active,0,29,60000,670,2.0,4.0,20.28,22.81,Cashback,1.51,Cashback Dollars,1,0,0,0,0,0,0,1,1,0,0,0,0,1,0,0,0,0,0,0,0,0,0,0,0,0,0,0,0,0,0,0,0,0,0,1,1,0,0,1,0,1,0,1,0,0,0,0,0,0,150,150,1,0,Cashback,Digital,1,1,0,1,0,0,0,0,0.0,66.67,42.86,0.0,33.33,0.0,40.0,75.0,0.0
CAD-CC-00459,Coastline Credit Union Flex Rewards Plus Card,Coastline Credit Union,Credit Union,Rewards,Visa,2021,Active,120,29,80000,646,2.5,3.0,22.66,25.56,Hybrid Rewards,2.46,Flexible Points,0,0,1,1,0,0,0,0,0,0,1,0,0,0,0,0,0,0,0,0,0,0,1,0,0,0,0,0,0,0,0,0,0,0,0,0,0,1,0,1,1,1,1,0,1,0,0,0,0,15000,0,140,0,0,Digital,Lifestyle,1,1,0,1,0,0,0,0,0.0,0.0,71.43,8.33,11.11,0.0,20.0,75.0,0.0
CAD-CC-00460,VoyagePlus Everyday Travel Explorer Card,VoyagePlus,Travel Partner,Travel,Visa,2016,Active,120,0,30000,683,2.5,3.5,22.78,24.69,Flexible Points,1.93,Loyalty Miles,0,1,1,1,0,1,0,1,0,1,0,0,0,0,0,0,0,0,0,0,0,0,0,0,0,0,1,0,1,0,0,0,0,1,0,0,0,0,0,1,0,1,1,0,1,0,1,0,0,30000,0,249,0,0,Digital,Travel,1,1,0,0,0,0,0,1,44.44,33.33,57.14,8.33,22.22,25.0,0.0,50.0,40.0
CAD-CC-00461,Atlantic Community CU Platinum Low Interest World Card,Atlantic Community CU,Credit Union,Low Interest,Visa,2021,Active,29,10,12000,621,2.0,3.0,9.69,10.93,Statement Credits,0.3,Cashback Dollars,0,0,0,0,0,0,0,0,0,0,0,0,0,0,0,0,0,0,0,0,0,0,0,0,0,0,0,0,0,1,0,0,0,0,0,1,0,1,0,0,1,0,0,0,0,0,0,0,0,0,0,0,1,0,Digital,Travel,0,1,0,1,0,0,0,0,11.11,0.0,14.29,0.0,0.0,0.0,40.0,50.0,0.0
CAD-CC-00462,Prairie National Bank Platinum Digital First Explorer Card,Prairie National Bank,Bank,Digital First,Mastercard,2018,Active,120,0,30000,752,2.5,4.0,20.95,23.71,Flexible Points,0.73,Flexible Points,0,0,1,0,0,0,0,1,0,0,0,0,0,0,1,0,0,0,0,0,0,0,0,1,0,0,0,0,0,1,0,0,0,0,1,1,1,0,1,1,1,1,1,1,1,1,0,0,1,15000,0,103,1,9,Digital,Sustainability,1,1,1,0,0,1,0,0,11.11,16.67,100.0,8.33,11.11,50.0,80.0,75.0,20.0
CAD-CC-00463,ShopNorth Edge Rewards Preferred Card,ShopNorth,Retail Partner,Rewards,Mastercard,2022,Active,89,29,80000,737,2.5,2.0,22.11,25.36,Cashback,2.42,Travel Points,0,0,0,0,0,0,1,1,0,0,0,0,1,0,0,0,0,0,0,1,1,0,0,0,0,0,0,0,0,0,0,0,0,0,0,1,1,0,0,0,1,1,0,1,0,0,1,0,0,10000,0,69,0,12,Cashback,Digital,1,1,1,1,0,0,0,0,0.0,33.33,42.86,16.67,33.33,25.0,40.0,100.0,0.0
CAD-CC-00464,PocketCredit Edge Cashback Advantage Card,PocketCredit,Fintech,Cashback,Mastercard,2023,Active,0,29,60000,753,2.5,2.0,20.29,23.28,Cashback,2.07,Cashback Dollars,1,1,0,1,0,0,0,0,0,0,0,0,0,0,0,0,0,0,0,0,0,0,0,0,0,0,0,0,0,0,0,0,0,0,0,1,0,0,0,1,0,1,1,1,1,0,0,0,0,0,50,50,0,12,Digital,Cashback,1,1,0,0,0,0,0,0,11.11,16.67,71.43,0.0,0.0,0.0,20.0,50.0,0.0
CAD-CC-00465,Prairie National Bank Edge Privilege Travel Explorer Card,Prairie National Bank,Bank,Premium Travel,Visa,2018,Active,599,99,60000,766,0.0,2.0,22.54,24.04,Flexible Points,1.51,Travel Points,1,1,1,0,0,0,0,1,0,0,1,0,1,1,0,0,0,0,0,0,0,0,0,0,0,0,1,1,1,1,1,1,1,1,1,0,1,1,1,0,0,0,1,1,0,0,0,0,0,90000,0,863,0,9,Travel,Lifestyle,1,1,1,0,1,0,0,0,100.0,50.0,28.57,0.0,44.44,0.0,80.0,75.0,40.0
CAD-CC-00466,NeoMaple Financial Maple Cashback Explorer Card,NeoMaple Financial,Fintech,Cashback,Visa,2018,Active,99,0,60000,651,2.0,3.0,22.78,24.3,Cashback,2.37,Cashback Dollars,1,1,0,0,0,0,1,1,1,1,0,0,0,1,0,0,0,0,0,0,0,0,0,0,0,0,0,1,0,0,0,0,1,0,0,1,1,0,0,1,1,1,1,1,1,1,0,0,1,0,100,100,0,9,Digital,Cashback,1,1,0,1,0,0,0,0,33.33,100.0,100.0,0.0,55.56,25.0,40.0,75.0,0.0
CAD-CC-00469,NorthPay Labs Elevate Cashback Rewards Card,NorthPay Labs,Fintech,Cashback,Mastercard,2017,Active,0,0,60000,632,2.5,2.0,22.25,23.3,Cashback,2.87,Cashback Dollars,1,0,0,1,0,0,1,1,0,1,0,0,0,1,0,0,0,0,0,0,0,0,0,0,1,0,0,0,0,0,0,0,0,0,0,0,0,0,0,1,1,1,1,1,1,1,0,0,0,0,150,150,0,12,Digital,Cashback,0,1,0,1,0,0,0,0,0.0,83.33,100.0,8.33,44.44,0.0,0.0,50.0,0.0
CAD-CC-00470,Prairie Community CU Voyage Low Interest Preferred Card,Prairie Community CU,Credit Union,Low Interest,Visa,2016,Active,29,20,30000,679,3.0,3.0,12.59,15.93,Hybrid Rewards,0.56,Cashback Dollars,0,0,1,0,0,0,0,0,0,0,0,0,0,0,0,0,0,0,0,0,0,0,0,0,0,0,0,0,0,0,0,0,0,0,1,0,1,1,0,0,0,0,0,1,0,0,0,1,0,0,75,75,1,0,Sustainability,Digital,1,1,1,1,0,0,0,0,0.0,0.0,14.29,0.0,0.0,25.0,60.0,100.0,0.0
CAD-CC-00471,TrueNorth Bank Everyday Sustainability Infinite Card,TrueNorth Bank,Bank,Sustainability,Mastercard,2015,Active,49,0,30000,677,2.5,2.0,20.96,24.02,Cashback,1.4,Flexible Points,0,0,0,0,0,0,0,0,0,1,0,0,0,1,1,0,0,0,0,0,0,0,0,0,0,0,0,1,0,0,0,0,0,0,0,1,0,0,0,0,0,0,0,1,0,0,1,1,1,0,150,150,1,6,Sustainability,Lifestyle,1,1,1,1,0,0,0,0,11.11,33.33,14.29,0.0,22.22,100.0,20.0,100.0,0.0
CAD-CC-00472,Capital Crown Bank Prime Privilege Travel Rewards Card,Capital Crown Bank,Bank,Premium Travel,Mastercard,2024,Active,499,149,80000,722,0.0,2.0,22.39,25.57,Flexible Points,1.84,Loyalty Miles,0,1,1,0,0,0,0,1,1,1,0,1,0,0,1,0,0,0,0,0,0,0,0,0,0,0,1,1,1,1,1,1,1,1,0,0,1,1,0,1,0,1,0,0,0,0,0,0,0,60000,0,698,0,6,Travel,Lifestyle,1,1,1,0,1,1,1,0,100.0,50.0,28.57,0.0,44.44,25.0,40.0,75.0,80.0
CAD-CC-00473,FlexiCard Digital Platinum Balance Transfer Essentials Card,FlexiCard Digital,Fintech,Balance Transfer,American Express,2021,Active,20,20,0,708,2.5,3.0,17.45,20.83,Cashback,0.34,Cashback Dollars,1,0,0,0,0,0,1,0,0,0,0,0,0,0,0,0,0,0,0,0,0,0,0,0,0,0,0,0,0,0,0,0,0,0,0,0,0,0,0,1,1,1,0,0,1,1,0,0,0,10000,0,66,0,0,Digital,Cashback,1,1,0,0,0,0,0,0,0.0,33.33,71.43,0.0,11.11,0.0,0.0,50.0,0.0
CAD-CC-00474,Harbour Financial North Balance Transfer Infinite Card,Harbour Financial,Bank,Balance Transfer,Mastercard,2025,Active,20,20,15000,641,0.0,1.0,19.83,21.42,Hybrid Rewards,0.68,Cashback Dollars,0,1,0,0,0,0,1,0,0,0,0,0,0,0,0,0,0,0,0,0,0,0,0,0,0,0,0,1,0,0,0,1,0,0,0,1,1,0,1,1,1,1,1,0,0,0,0,0,0,10000,0,61,0,6,Digital,Travel,1,1,1,0,0,0,0,0,33.33,16.67,57.14,0.0,11.11,0.0,60.0,75.0,0.0
CAD-CC-00475,BrightSpend Signature Cashback Plus Card,BrightSpend,Fintech,Cashback,Mastercard,2026,Active,0,29,30000,741,2.0,3.0,20.23,23.73,Cashback,2.74,Cashback Dollars,1,0,0,0,0,0,1,0,0,0,0,0,0,1,0,0,0,0,0,0,1,0,0,0,0,0,0,0,0,0,0,0,0,0,0,0,1,1,0,1,1,1,1,1,1,0,0,0,0,0,200,200,0,3,Digital,Cashback,1,1,0,0,0,0,0,0,0.0,50.0,85.71,8.33,22.22,0.0,40.0,50.0,0.0
CAD-CC-00476,Ontario Mutual CU Summit Student Infinite Card,Ontario Mutual CU,Credit Union,Student,Visa,2026,Active,0,0,0,596,2.5,4.0,22.56,25.72,Hybrid Rewards,0.79,Flexible Points,1,0,0,1,0,1,0,1,0,0,0,0,0,0,0,1,0,0,0,0,1,1,0,0,0,0,0,0,0,0,1,0,0,0,0,1,1,0,0,0,1,1,1,1,0,0,0,0,0,0,75,75,0,6,Student,Digital,1,1,0,0,0,0,0,0,11.11,33.33,57.14,25.0,22.22,0.0,40.0,50.0,0.0
CAD-CC-00477,Ontario Mutual CU Elevate Rewards Essentials Card,Ontario Mutual CU,Credit Union,Rewards,Visa,2016,Active,89,50,15000,678,2.0,2.0,22.98,24.11,Flexible Points,1.16,Flexible Points,0,0,1,0,0,0,1,1,1,0,0,0,0,0,0,0,0,0,0,0,0,0,0,0,0,0,0,0,0,0,0,0,0,0,1,1,1,1,0,1,1,1,0,1,0,0,0,0,0,25000,0,177,0,6,Cashback,Digital,0,1,0,1,0,0,0,0,0.0,50.0,57.14,0.0,33.33,0.0,80.0,50.0,0.0
CAD-CC-00478,Prairie National Bank North Lifestyle Rewards Plus Card,Prairie National Bank,Bank,Lifestyle Rewards,Mastercard,2015,Active,99,0,15000,734,2.5,3.5,22.47,24.12,Hybrid Rewards,1.08,Flexible Points,0,0,0,0,0,1,0,1,0,0,1,0,1,0,0,0,0,0,0,0,0,0,1,0,0,0,0,0,0,0,0,0,0,1,0,0,1,0,0,1,1,1,1,0,0,1,1,1,0,15000,0,123,1,0,Digital,Lifestyle,1,1,1,1,0,0,0,0,11.11,16.67,71.43,16.67,33.33,50.0,20.0,100.0,0.0
CAD-CC-00479,Prairie Community CU Thrive Travel Essentials Card,Prairie Community CU,Credit Union,Travel,Mastercard,2024,Active,120,29,30000,730,2.0,4.0,22.5,25.45,Travel Points,1.66,Loyalty Miles,1,1,1,0,0,0,0,1,0,0,0,0,0,0,0,0,0,0,0,0,0,0,0,0,0,0,0,0,1,0,1,0,0,0,1,0,0,0,0,0,0,1,1,1,0,0,0,0,0,15000,0,100,0,0,Digital,Cashback,1,1,0,0,0,0,0,0,33.33,33.33,42.86,0.0,11.11,0.0,20.0,50.0,0.0
CAD-CC-00480,TrueNorth Bank Flex Cashback World Card,TrueNorth Bank,Bank,Cashback,Mastercard,2021,Active,0,29,80000,731,2.5,4.0,20.46,21.78,Cashback,1.33,Cashback Dollars,1,1,0,0,1,0,1,0,0,0,0,0,0,0,1,0,0,0,0,0,0,0,0,0,0,0,0,0,0,0,0,0,0,0,1,0,1,0,0,1,1,0,0,0,0,1,0,1,0,0,150,150,0,9,Sustainability,Digital,0,1,1,0,0,0,0,0,11.11,33.33,42.86,8.33,11.11,50.0,40.0,50.0,0.0
CAD-CC-00481,FreshBasket Momentum Cashback Preferred Card,FreshBasket,Retail Partner,Cashback,American Express,2024,Active,0,0,60000,669,3.0,3.5,20.35,23.08,Cashback,2.96,Cashback Dollars,1,0,0,0,0,0,1,1,1,0,0,0,0,0,0,1,0,0,0,1,0,0,0,0,0,0,0,0,0,0,0,0,0,0,0,0,1,0,0,1,0,1,1,1,0,0,0,1,0,0,200,200,0,12,Student,Cashback,1,1,0,1,0,0,0,0,0.0,66.67,57.14,8.33,33.33,25.0,20.0,75.0,0.0
CAD-CC-00482,Ontario Mutual CU Aurora Cashback Advantage Card,Ontario Mutual CU,Credit Union,Cashback,Mastercard,2015,Active,89,0,30000,699,2.5,3.0,22.19,24.78,Cashback,1.98,Cashback Dollars,1,1,1,0,0,0,1,1,0,0,0,0,0,1,0,0,0,0,0,0,0,0,0,0,0,0,0,1,0,0,0,0,0,0,0,0,1,0,0,1,0,1,0,1,1,0,0,0,0,0,100,100,0,0,Cashback,Digital,1,1,1,0,0,0,0,0,22.22,66.67,57.14,0.0,33.33,0.0,20.0,75.0,0.0
CAD-CC-00483,Prairie Community CU Voyage Balance Transfer Explorer Card,Prairie Community CU,Credit Union,Balance Transfer,Mastercard,2015,Active,29,20,15000,636,2.5,4.0,18.71,21.75,Hybrid Rewards,1.07,Cashback Dollars,0,0,0,1,0,0,1,1,0,0,0,0,0,0,0,0,0,0,0,0,0,0,0,0,0,1,0,0,0,0,0,0,0,0,1,1,1,1,0,0,1,0,1,1,0,0,0,0,0,15000,0,146,0,9,Digital,Cashback,0,1,1,0,0,0,0,0,0.0,33.33,42.86,8.33,22.22,0.0,80.0,50.0,0.0
CAD-CC-00484,Coastline Credit Union Platinum Student Plus Card,Coastline Credit Union,Credit Union,Student,Visa,2015,Active,0,0,10000,626,2.5,2.0,20.05,22.54,Flexible Points,1.17,Cashback Dollars,1,0,0,0,0,1,0,1,0,0,0,0,0,0,0,1,1,0,0,0,1,0,0,0,0,0,0,0,0,0,0,0,0,0,1,0,1,0,0,1,0,1,0,1,1,0,0,1,0,0,50,50,0,0,Student,Digital,1,1,1,0,0,0,0,0,0.0,33.33,57.14,25.0,11.11,25.0,40.0,75.0,0.0
CAD-CC-00486,Ontario Mutual CU Summit Student World Card,Ontario Mutual CU,Credit Union,Student,Mastercard,2016,Active,0,0,10000,679,2.0,3.5,22.25,24.5,Cashback,1.78,Cashback Dollars,1,0,0,0,0,0,1,1,0,0,0,0,0,1,0,1,0,0,0,0,1,0,0,1,1,0,0,0,0,0,0,0,0,0,0,1,1,0,1,1,1,1,1,0,0,0,0,0,0,0,25,25,0,6,Student,Cashback,1,1,0,0,0,0,0,0,0.0,66.67,57.14,25.0,33.33,0.0,60.0,50.0,0.0
CAD-CC-00488,Prairie National Bank Summit Lifestyle Rewards Preferred Card,Prairie National Bank,Bank,Lifestyle Rewards,Mastercard,2024,Active,0,0,30000,644,2.5,3.0,22.11,25.06,Cashback,1.77,Travel Points,0,0,0,1,0,0,0,0,0,1,1,0,1,1,0,0,0,1,0,0,1,0,0,0,0,0,0,0,0,0,0,0,0,1,0,0,0,0,0,1,1,1,0,1,0,0,0,0,1,0,50,50,0,6,Lifestyle,Digital,1,1,0,0,0,0,0,0,11.11,33.33,57.14,16.67,44.44,25.0,0.0,50.0,0.0
CAD-CC-00489,MapleMart Edge Cashback Advantage Card,MapleMart,Retail Partner,Cashback,American Express,2021,Active,0,50,0,752,2.5,4.0,22.56,25.52,Cashback,1.58,Cashback Dollars,1,0,0,0,0,0,1,1,0,0,0,1,0,0,0,0,0,0,0,0,0,0,0,0,0,0,0,0,0,0,0,0,0,0,1,0,0,0,0,1,0,0,0,1,0,0,0,0,0,0,200,200,0,12,Cashback,Lifestyle,1,0,0,1,0,0,0,0,0.0,50.0,28.57,0.0,33.33,0.0,20.0,50.0,0.0
CAD-CC-00490,Ontario Mutual CU Platinum Cashback Essentials Card,Ontario Mutual CU,Credit Union,Cashback,Mastercard,2023,Active,39,0,0,750,2.5,3.5,22.38,23.66,Cashback,0.95,Cashback Dollars,1,0,0,0,0,0,0,1,1,0,1,0,0,0,0,0,0,0,0,0,0,0,0,1,0,0,0,0,0,0,0,0,0,1,0,0,0,1,0,0,0,0,0,0,0,0,1,0,0,0,100,100,0,0,Cashback,Lifestyle,1,1,0,0,0,0,0,0,11.11,50.0,0.0,8.33,33.33,25.0,20.0,50.0,0.0
CAD-CC-00491,ShopNorth North Cashback World Card,ShopNorth,Retail Partner,Cashback,Visa,2017,Active,39,0,80000,716,2.5,2.0,20.41,22.05,Cashback,1.66,Cashback Dollars,1,0,0,0,0,0,1,1,1,0,0,0,0,1,0,1,0,0,0,0,0,0,1,0,0,0,0,0,0,0,0,0,0,0,0,1,0,0,0,0,1,0,1,0,1,0,0,0,0,0,50,50,1,6,Student,Cashback,1,1,0,1,0,0,0,0,0.0,83.33,42.86,8.33,44.44,0.0,20.0,75.0,0.0
CAD-CC-00492,Harbour Financial Voyage Low Interest Preferred Card,Harbour Financial,Bank,Low Interest,Mastercard,2018,Active,29,0,30000,664,3.0,3.5,13.38,15.5,Statement Credits,1.04,Cashback Dollars,0,0,0,0,0,0,0,0,0,0,0,0,0,0,0,0,0,0,1,0,0,0,0,0,0,0,1,0,0,0,0,0,0,0,0,1,1,1,0,0,0,1,1,0,0,0,0,0,0,0,25,25,0,6,Digital,Travel,0,1,0,0,0,0,0,0,11.11,0.0,28.57,8.33,0.0,0.0,60.0,25.0,20.0
CAD-CC-00493,Northern Dominion Bank North Cashback Advantage Card,Northern Dominion Bank,Bank,Cashback,Mastercard,2016,Retired,0,50,15000,739,3.0,3.5,22.87,25.38,Cashback,2.96,Cashback Dollars,1,0,0,0,0,0,1,1,0,0,0,0,0,0,0,0,1,0,0,0,0,0,0,0,0,0,0,1,0,0,0,0,0,0,0,0,1,0,0,1,1,1,0,1,0,0,0,0,0,0,50,50,1,0,Cashback,Digital,1,1,0,1,0,0,0,0,11.11,50.0,57.14,8.33,22.22,0.0,20.0,75.0,0.0
CAD-CC-00494,Laurentian Maple Bank Thrive Student Explorer Card,Laurentian Maple Bank,Bank,Student,Mastercard,2015,Active,0,0,10000,585,2.0,3.5,22.51,25.68,Flexible Points,1.51,Cashback Dollars,1,1,0,0,0,0,1,0,0,0,0,0,0,0,0,1,0,0,0,0,0,0,1,0,0,1,0,0,0,0,0,0,0,0,1,1,0,0,0,1,0,0,1,0,0,0,0,0,0,0,25,25,0,12,Student,Cashback,1,1,0,0,0,0,0,0,11.11,33.33,28.57,16.67,11.11,0.0,40.0,50.0,0.0
CAD-CC-00496,Maple Leaf Credit Union Select Travel Explorer Card,Maple Leaf Credit Union,Credit Union,Travel,Mastercard,2022,Active,120,50,30000,727,0.0,4.0,22.16,23.78,Travel Points,2.04,Travel Points,0,1,1,0,0,0,0,1,0,0,0,0,0,0,0,0,0,0,0,0,0,0,0,0,0,0,1,1,1,0,1,1,0,0,1,0,1,0,0,1,0,0,1,0,1,0,0,0,0,40000,0,391,0,0,Travel,Digital,1,1,0,0,0,0,0,0,66.67,16.67,42.86,0.0,11.11,0.0,40.0,50.0,20.0
CAD-CC-00497,Coastline Credit Union Platinum Rewards Infinite Card,Coastline Credit Union,Credit Union,Rewards,Visa,2016,Active,0,29,60000,665,2.5,4.0,21.73,24.48,Flexible Points,1.75,Flexible Points,0,0,1,1,0,0,0,0,0,0,0,0,0,1,0,0,1,0,0,0,0,0,0,0,0,0,0,1,0,0,0,0,0,0,1,1,0,0,0,1,0,1,0,0,0,0,0,0,0,0,150,150,0,0,Digital,Cashback,1,1,1,0,0,0,0,0,11.11,16.67,28.57,8.33,11.11,0.0,40.0,75.0,0.0
CAD-CC-00498,ShopNorth Edge Cashback Plus Card,ShopNorth,Retail Partner,Cashback,Visa,2025,Active,99,0,0,691,2.5,2.0,20.39,22.81,Cashback,1.3,Cashback Dollars,1,0,0,0,0,0,1,1,0,0,0,0,0,1,0,0,0,0,0,0,0,0,0,0,0,0,0,0,0,1,1,0,0,0,0,0,0,0,0,1,0,1,0,0,1,0,0,1,0,0,50,50,0,0,Cashback,Digital,1,1,0,0,0,0,0,0,22.22,66.67,42.86,0.0,33.33,25.0,0.0,50.0,0.0
CAD-CC-00499,NeoMaple Financial Prime Subscription Rewards World Card,NeoMaple Financial,Fintech,Subscription Rewards,American Express,2017,Active,89,0,30000,749,2.0,3.0,22.03,24.23,Statement Credits,0.84,Cashback Dollars,0,0,1,0,1,1,0,0,0,1,0,0,1,1,0,0,1,1,1,1,1,1,1,1,0,0,0,0,0,0,0,0,1,0,0,1,1,0,1,1,1,1,1,1,1,0,0,0,0,15000,0,146,0,0,Digital,Subscription,0,1,1,0,0,0,0,0,11.11,33.33,85.71,83.33,44.44,0.0,60.0,50.0,0.0
CAD-CC-00500,HomeBase Canada Aurora Rewards World Card,HomeBase Canada,Retail Partner,Rewards,Visa,2023,Active,99,29,30000,715,2.5,2.0,20.51,22.39,Flexible Points,2.16,Flexible Points,0,0,1,0,0,0,1,0,0,0,0,0,1,0,0,0,0,0,0,0,0,0,0,0,0,0,0,0,0,0,0,0,0,0,1,1,1,0,0,1,1,1,1,1,0,0,0,0,0,25000,0,190,0,0,Digital,Cashback,1,1,1,1,0,0,0,0,0.0,16.67,71.43,0.0,22.22,0.0,60.0,100.0,0.0
CAD-CC-00501,TrueNorth Bank Elevate Travel Rewards Card,TrueNorth Bank,Bank,Travel,Mastercard,2021,Active,89,75,0,707,2.5,3.5,21.85,24.48,Travel Points,1.61,Travel Points,0,1,1,0,0,0,0,0,0,1,0,0,0,0,0,0,0,0,0,0,0,0,0,0,0,0,0,0,0,0,1,0,1,0,1,0,1,0,0,1,0,1,0,0,1,0,0,0,0,10000,0,93,0,3,Digital,Travel,1,1,0,0,1,0,0,0,33.33,16.67,42.86,0.0,11.11,0.0,40.0,50.0,20.0
CAD-CC-00502,Harbour Financial Prime Cashback Preferred Card,Harbour Financial,Bank,Cashback,Mastercard,2016,Active,99,0,30000,650,2.5,4.0,21.8,23.1,Cashback,0.85,Cashback Dollars,1,0,0,1,0,0,1,0,0,0,0,0,0,1,0,0,0,0,0,0,0,0,1,0,0,0,0,0,0,0,0,0,0,1,1,0,0,0,0,0,1,0,1,0,0,0,0,0,0,0,150,150,0,0,Business,Cashback,1,1,1,0,0,0,0,0,11.11,50.0,28.57,8.33,22.22,0.0,20.0,75.0,0.0
CAD-CC-00503,NorthPay Labs Aurora Digital First Card,NorthPay Labs,Fintech,Digital First,Mastercard,2025,Active,89,0,0,743,2.5,4.0,20.98,22.61,Hybrid Rewards,0.6,Flexible Points,1,0,1,0,0,0,0,0,0,1,0,0,0,0,0,0,1,0,0,0,0,0,1,0,1,0,0,0,0,0,0,0,0,0,0,1,1,1,0,1,1,1,1,1,0,1,0,0,0,0,100,100,1,0,Digital,Subscription,1,1,0,0,0,0,0,0,0.0,33.33,85.71,25.0,11.11,0.0,60.0,50.0,0.0
CAD-CC-00504,Ontario Mutual CU Signature Cashback Essentials Card,Ontario Mutual CU,Credit Union,Cashback,American Express,2023,Active,0,0,15000,641,3.0,4.0,20.2,23.02,Cashback,1.34,Cashback Dollars,1,0,0,0,0,0,1,1,0,0,0,0,0,0,0,0,0,0,0,0,0,0,0,1,1,0,0,0,0,0,0,0,0,0,0,0,1,0,0,1,0,1,0,0,0,0,0,0,0,0,150,150,1,6,Cashback,Digital,0,1,1,1,0,0,0,0,0.0,50.0,28.57,16.67,22.22,0.0,20.0,75.0,0.0
CAD-CC-00505,NorthPay Labs Thrive Cashback Rewards Card,NorthPay Labs,Fintech,Cashback,Visa,2024,Active,0,50,0,688,2.5,2.0,21.82,23.95,Cashback,1.65,Cashback Dollars,1,0,1,0,0,0,0,1,1,0,1,0,0,1,0,0,0,0,0,0,0,0,0,0,0,0,0,0,0,0,0,0,0,0,0,0,1,1,0,1,1,1,0,1,1,1,0,0,0,0,50,50,0,0,Digital,Cashback,1,1,0,1,0,0,0,0,0.0,66.67,85.71,0.0,44.44,0.0,40.0,75.0,0.0
CAD-CC-00506,HomeBase Canada Signature Cashback Card,HomeBase Canada,Retail Partner,Cashback,Visa,2015,Active,39,29,15000,746,2.5,3.0,22.58,24.83,Cashback,1.73,Cashback Dollars,1,0,1,0,0,1,0,0,0,0,0,0,0,0,0,0,0,0,0,0,0,0,0,0,0,0,0,0,0,0,0,0,0,0,1,0,0,0,0,1,0,1,1,0,0,0,0,0,0,0,50,50,1,9,Digital,Cashback,1,1,0,1,0,0,0,0,0.0,16.67,42.86,8.33,0.0,0.0,20.0,75.0,0.0
CAD-CC-00507,Harbour Financial Signature Low Interest Infinite Card,Harbour Financial,Bank,Low Interest,Visa,2026,Active,59,20,12000,717,2.5,3.0,10.54,12.73,Statement Credits,0.91,Cashback Dollars,0,0,1,0,0,0,0,0,0,0,0,0,1,0,0,0,0,0,0,0,0,0,0,0,0,0,0,0,0,0,0,0,0,0,0,1,1,1,1,0,0,1,0,1,1,0,0,0,0,0,0,0,1,9,Digital,Lifestyle,1,1,0,1,0,0,0,0,0.0,0.0,42.86,0.0,11.11,0.0,80.0,75.0,0.0
CAD-CC-00508,FlexiCard Digital Elevate Lifestyle Rewards Explorer Card,FlexiCard Digital,Fintech,Lifestyle Rewards,Mastercard,2017,Active,0,29,80000,633,3.0,2.0,21.92,23.97,Hybrid Rewards,1.55,Travel Points,0,1,1,0,0,0,0,1,0,0,0,0,1,1,0,0,0,0,0,0,0,0,0,0,1,0,0,0,0,0,0,0,0,0,0,0,0,0,0,1,1,1,0,1,1,0,0,0,0,25000,0,176,1,12,Digital,Lifestyle,1,1,0,1,0,0,0,0,11.11,33.33,71.43,8.33,33.33,0.0,0.0,75.0,0.0
CAD-CC-00509,PayWave Canada Elevate Lifestyle Rewards Advantage Card,PayWave Canada,Fintech,Lifestyle Rewards,Visa,2016,Active,120,29,80000,695,0.0,4.0,20.77,22.14,Flexible Points,1.06,Travel Points,0,0,0,0,0,0,0,0,0,0,0,0,1,1,0,0,1,0,0,0,1,0,0,1,1,0,0,0,0,0,0,1,0,0,0,0,1,0,0,1,0,1,1,0,1,0,1,0,0,15000,0,117,0,0,Digital,Lifestyle,0,1,1,1,1,0,0,0,11.11,16.67,57.14,33.33,22.22,25.0,20.0,75.0,20.0
CAD-CC-00510,HomeBase Canada Elevate Rewards Infinite Card,HomeBase Canada,Retail Partner,Rewards,American Express,2025,Active,0,0,30000,725,2.5,2.0,20.36,21.95,Cashback,1.42,Flexible Points,0,0,1,1,0,0,1,0,0,0,0,0,0,0,0,0,0,0,0,0,0,0,0,0,0,0,0,0,0,0,0,0,0,0,1,0,1,0,0,1,1,1,1,1,0,0,0,0,0,10000,0,99,1,6,Digital,Cashback,1,1,1,0,0,0,0,0,0.0,16.67,71.43,0.0,11.11,0.0,40.0,75.0,0.0
CAD-CC-00511,CanadaJet Rewards Edge Travel Plus Card,CanadaJet Rewards,Airline Partner,Travel,Mastercard,2017,Active,89,0,60000,706,0.0,3.0,21.09,22.14,Travel Points,1.25,Travel Points,0,1,1,0,1,0,0,0,1,0,0,0,0,0,0,0,0,0,0,0,0,0,0,1,0,0,0,1,0,1,0,1,0,1,0,0,0,0,0,1,1,0,1,0,1,0,0,0,0,15000,0,130,0,9,Business,Digital,1,1,1,1,0,0,0,0,55.56,16.67,57.14,16.67,11.11,0.0,0.0,100.0,0.0
CAD-CC-00512,BrightSpend Maple Lifestyle Rewards Plus Card,BrightSpend,Fintech,Lifestyle Rewards,Mastercard,2019,Active,89,50,80000,747,2.5,4.0,22.97,24.07,Cashback,2.11,Travel Points,0,0,0,0,0,1,0,0,0,0,1,0,1,0,0,0,0,0,0,0,0,0,0,0,1,0,0,0,0,0,0,0,0,1,1,1,0,1,0,1,1,1,0,1,1,0,1,0,0,15000,0,99,0,6,Digital,Lifestyle,1,1,1,1,0,0,0,0,11.11,0.0,71.43,16.67,22.22,25.0,60.0,100.0,0.0
CAD-CC-00514,Northern Dominion Bank Everyday Low Interest Essentials Card,Northern Dominion Bank,Bank,Low Interest,Visa,2017,Active,29,0,0,727,2.0,2.0,14.11,15.45,Statement Credits,0.97,Cashback Dollars,0,0,1,0,0,0,0,0,0,0,0,0,0,0,0,1,0,0,0,0,0,0,0,0,0,0,0,0,0,0,0,0,0,0,0,1,1,1,0,1,1,1,1,1,0,0,0,0,0,0,50,50,1,0,Student,Digital,1,1,1,0,0,0,0,0,0.0,0.0,71.43,0.0,0.0,0.0,60.0,75.0,0.0
CAD-CC-00515,PocketCredit Prime Cashback Explorer Card,PocketCredit,Fintech,Cashback,Visa,2020,Active,99,0,30000,667,2.5,4.0,20.3,23.21,Cashback,1.95,Cashback Dollars,1,0,0,1,0,0,1,0,0,0,0,0,0,0,0,0,0,0,0,0,0,0,0,0,0,0,0,0,0,0,0,0,1,0,0,1,0,0,0,1,1,1,0,1,1,0,0,0,0,0,150,150,0,6,Digital,Cashback,1,1,0,1,0,0,0,0,11.11,33.33,71.43,0.0,11.11,0.0,20.0,75.0,0.0
CAD-CC-00516,PocketCredit Maple Cashback Plus Card,PocketCredit,Fintech,Cashback,American Express,2016,Active,0,0,60000,679,2.5,4.0,21.47,24.02,Cashback,0.98,Cashback Dollars,1,1,0,0,0,0,1,1,0,0,1,0,0,1,0,0,0,0,0,0,0,0,0,0,1,0,0,0,0,0,1,0,0,0,1,0,1,1,0,1,1,1,1,1,1,0,0,1,0,0,50,50,1,0,Digital,Cashback,0,1,1,0,0,0,0,0,22.22,66.67,85.71,8.33,44.44,25.0,60.0,50.0,0.0
CAD-CC-00517,TrueNorth Bank Maple Privilege Travel Card,TrueNorth Bank,Bank,Premium Travel,Visa,2026,Active,499,99,60000,762,0.0,3.5,22.5,25.93,Flexible Points,2.05,Travel Points,0,1,1,1,0,0,0,0,0,0,0,0,1,0,0,0,0,0,0,0,0,1,0,0,0,0,1,1,1,1,1,1,1,1,0,0,1,0,0,0,1,0,0,0,0,0,0,0,0,90000,0,1172,0,0,Travel,Lifestyle,1,0,0,0,1,1,1,0,100.0,0.0,14.29,8.33,22.22,0.0,20.0,25.0,80.0
CAD-CC-00518,Capital Crown Bank North Cashback Advantage Card,Capital Crown Bank,Bank,Cashback,Mastercard,2025,Active,89,0,60000,632,2.0,2.0,21.93,23.84,Cashback,2.45,Cashback Dollars,1,0,0,1,0,0,1,1,0,0,0,0,0,1,0,0,0,0,0,0,0,0,0,0,0,0,0,0,0,0,0,0,0,0,0,0,0,0,0,1,1,1,0,0,0,0,0,0,0,0,50,50,1,6,Cashback,Digital,1,1,0,0,0,0,0,0,0.0,66.67,42.86,0.0,33.33,0.0,0.0,50.0,0.0
CAD-CC-00519,BrightSpend Momentum Cashback World Card,BrightSpend,Fintech,Cashback,Visa,2015,Active,120,0,0,641,2.5,4.0,22.36,24.48,Cashback,1.83,Cashback Dollars,1,1,0,0,0,0,1,0,0,0,1,0,0,0,0,0,0,0,0,0,0,0,0,0,0,0,0,1,0,0,0,0,0,0,0,1,0,0,0,1,1,1,1,1,1,1,0,0,0,0,50,50,0,0,Digital,Cashback,1,1,0,1,0,0,0,0,22.22,33.33,100.0,0.0,22.22,0.0,20.0,75.0,0.0
CAD-CC-00520,Ontario Mutual CU Maple Balance Transfer Explorer Card,Ontario Mutual CU,Credit Union,Balance Transfer,Mastercard,2018,Active,39,0,12000,671,2.5,4.0,13.07,15.44,Statement Credits,0.89,Cashback Dollars,0,0,0,0,0,0,0,0,0,0,0,0,0,0,0,0,0,0,0,0,0,1,0,0,0,0,0,0,0,0,0,0,0,0,1,1,1,1,1,0,1,1,1,1,1,0,0,0,0,10000,0,88,0,0,Digital,Subscription,1,1,1,1,0,0,0,0,0.0,0.0,71.43,8.33,11.11,0.0,100.0,100.0,0.0
CAD-CC-00521,Prairie National Bank Prime Digital First Rewards Card,Prairie National Bank,Bank,Digital First,Visa,2018,Active,0,0,0,725,3.0,3.0,21.23,22.66,Flexible Points,0.62,Flexible Points,0,0,1,0,0,0,0,0,0,0,0,0,0,1,0,0,1,0,0,0,0,0,0,1,1,0,0,0,0,0,0,0,0,0,1,0,0,1,1,1,1,1,0,1,1,1,0,0,0,25000,0,222,0,0,Digital,Subscription,0,1,0,0,0,0,0,0,0.0,16.67,85.71,25.0,11.11,0.0,60.0,25.0,0.0
CAD-CC-00522,UrbanCart Flex Cashback World Card,UrbanCart,Retail Partner,Cashback,Visa,2025,Active,89,0,60000,634,2.5,2.0,20.93,23.29,Cashback,2.02,Cashback Dollars,1,0,0,0,0,0,1,1,0,0,0,0,0,1,0,0,1,0,0,0,0,0,0,0,0,0,0,0,1,0,0,0,0,1,0,0,1,0,0,1,0,1,1,1,0,0,0,0,0,0,100,100,1,6,Cashback,Digital,1,1,0,0,0,0,0,0,22.22,66.67,57.14,8.33,33.33,0.0,20.0,50.0,0.0
CAD-CC-00523,MapleMart Prime Rewards Rewards Card,MapleMart,Retail Partner,Rewards,Mastercard,2020,Active,89,29,15000,644,2.5,3.0,21.71,23.58,Flexible Points,0.85,Cashback Dollars,0,1,1,0,0,0,0,0,0,0,0,0,1,0,0,0,0,0,0,0,0,0,0,0,0,0,0,0,0,0,0,0,0,0,0,1,1,0,0,0,1,1,1,1,1,0,0,0,0,10000,0,77,1,6,Digital,Lifestyle,1,1,0,0,0,0,0,0,11.11,0.0,71.43,0.0,11.11,0.0,40.0,50.0,0.0
CAD-CC-00524,Coastline Credit Union Thrive Cashback Card,Coastline Credit Union,Credit Union,Cashback,American Express,2023,Active,89,29,15000,638,3.0,2.0,20.42,23.42,Cashback,1.15,Cashback Dollars,1,1,0,0,0,0,1,1,0,0,1,0,0,0,0,0,0,0,0,0,0,0,0,0,0,0,0,0,1,1,0,0,0,0,0,0,0,0,0,1,0,0,0,0,0,0,0,0,0,0,50,50,0,0,Cashback,Travel,1,1,0,0,0,0,0,0,33.33,50.0,14.29,0.0,33.33,0.0,0.0,50.0,0.0
CAD-CC-00526,Capital Crown Bank Aurora Privilege Travel Plus Card,Capital Crown Bank,Bank,Premium Travel,Mastercard,2022,Active,599,199,80000,810,0.0,3.0,22.49,24.49,Flexible Points,2.63,Travel Points,0,1,1,0,0,0,0,0,0,0,0,0,1,1,0,0,0,0,0,0,0,0,0,0,0,0,1,1,1,1,1,1,1,1,0,0,1,0,0,0,1,0,0,1,0,0,0,1,0,90000,0,1088,0,12,Travel,Lifestyle,1,0,0,1,1,0,1,1,100.0,16.67,28.57,0.0,22.22,25.0,20.0,50.0,80.0
CAD-CC-00527,MapleMart Prime Subscription Rewards Preferred Card,MapleMart,Retail Partner,Subscription Rewards,Visa,2025,Active,89,0,30000,669,3.0,4.0,21.33,22.81,Statement Credits,1.07,Cashback Dollars,0,0,0,1,1,1,1,1,0,0,0,0,1,0,0,0,0,0,1,0,0,1,0,0,1,1,0,0,0,0,1,0,0,0,1,0,1,0,0,1,1,1,1,1,0,1,1,0,0,0,100,100,0,0,Digital,Subscription,1,1,1,0,0,0,0,0,11.11,33.33,85.71,50.0,44.44,25.0,40.0,75.0,0.0
CAD-CC-00529,NeoMaple Financial Elevate Student Plus Card,NeoMaple Financial,Fintech,Student,Visa,2015,Active,0,10,0,630,0.0,3.0,20.69,23.96,Hybrid Rewards,1.34,Cashback Dollars,1,0,1,1,0,0,0,0,0,0,0,0,1,0,0,1,0,0,0,0,1,0,0,0,1,0,0,0,0,0,1,1,0,0,0,1,1,1,1,1,1,1,1,1,1,1,0,0,0,0,0,0,0,0,Digital,Student,1,1,1,0,0,0,0,0,22.22,16.67,100.0,16.67,11.11,0.0,80.0,75.0,0.0
CAD-CC-00530,CanadaJet Rewards Edge Travel Plus Card,CanadaJet Rewards,Airline Partner,Travel,Visa,2023,Active,39,0,80000,748,2.5,3.5,21.8,24.84,Travel Points,1.39,Travel Points,0,1,1,0,0,0,0,0,0,1,1,0,0,0,0,0,0,0,0,0,0,1,0,0,0,0,0,0,0,0,1,0,0,0,0,1,0,0,0,1,1,0,1,1,0,0,0,0,0,10000,0,99,0,6,Digital,Lifestyle,1,0,0,0,0,0,0,0,22.22,16.67,57.14,8.33,33.33,0.0,20.0,25.0,0.0
CAD-CC-00531,PayWave Canada Summit Digital First Preferred Card,PayWave Canada,Fintech,Digital First,Visa,2022,Retired,49,0,30000,687,2.5,4.0,20.24,22.19,Hybrid Rewards,0.83,Cashback Dollars,0,0,1,0,0,0,0,0,0,0,0,0,0,1,0,0,0,0,1,0,1,1,0,0,0,0,0,0,0,0,0,0,0,0,1,0,1,0,0,1,1,1,1,1,0,1,1,0,0,15000,0,144,1,0,Digital,Subscription,1,1,0,1,0,0,0,0,0.0,16.67,85.71,25.0,22.22,25.0,40.0,75.0,0.0
CAD-CC-00532,FreshBasket Maple Rewards Explorer Card,FreshBasket,Retail Partner,Rewards,American Express,2019,Active,0,0,30000,620,2.5,3.5,20.19,23.27,Cashback,2.57,Flexible Points,0,0,1,0,0,0,0,0,0,0,1,0,0,1,0,0,0,1,0,0,0,0,0,0,0,0,0,1,0,0,0,0,0,0,0,0,1,0,0,0,1,1,0,0,0,0,0,0,0,0,150,150,0,6,Lifestyle,Digital,1,1,0,0,0,0,0,0,11.11,16.67,28.57,8.33,22.22,0.0,20.0,50.0,0.0
CAD-CC-00533,MapleTrust Bank Signature Digital First Essentials Card,MapleTrust Bank,Bank,Digital First,Mastercard,2016,Active,120,0,60000,745,3.0,3.5,21.33,23.25,Hybrid Rewards,0.67,Cashback Dollars,0,0,1,0,0,0,0,0,0,0,0,0,0,0,0,0,0,0,0,0,1,1,1,1,1,1,0,0,0,0,1,0,0,0,0,1,1,1,1,1,1,1,1,1,1,1,0,0,0,25000,0,222,0,9,Digital,Subscription,1,1,0,1,0,0,0,0,11.11,0.0,100.0,50.0,11.11,0.0,80.0,75.0,0.0
CAD-CC-00534,Prairie Community CU Elevate Travel Preferred Card,Prairie Community CU,Credit Union,Travel,Mastercard,2016,Active,150,29,15000,697,2.5,4.0,22.47,24.3,Flexible Points,2.22,Travel Points,0,1,1,0,0,0,0,1,0,0,0,0,0,1,0,0,0,0,0,0,0,0,0,0,0,0,1,1,1,1,0,0,0,0,0,1,0,0,1,0,0,1,1,1,0,0,0,0,0,30000,0,252,0,0,Travel,Cashback,1,1,0,0,0,0,0,0,55.56,33.33,42.86,0.0,22.22,0.0,40.0,50.0,20.0
CAD-CC-00536,PocketCredit Thrive Student Essentials Card,PocketCredit,Fintech,Student,Visa,2025,Active,0,0,10000,632,2.5,3.5,22.1,25.37,Flexible Points,1.58,Flexible Points,1,0,0,0,0,0,0,1,0,0,0,0,0,1,0,1,0,0,0,0,0,1,0,1,0,0,0,0,0,0,0,0,0,1,0,0,1,0,1,1,1,1,1,1,0,0,1,0,0,0,75,75,0,0,Student,Digital,1,1,1,0,0,0,0,0,11.11,50.0,71.43,16.67,33.33,25.0,40.0,75.0,0.0
CAD-CC-00537,Prairie National Bank Momentum Rewards Essentials Card,Prairie National Bank,Bank,Rewards,Mastercard,2026,Active,89,29,60000,717,0.0,4.0,21.57,24.39,Flexible Points,1.29,Flexible Points,0,0,1,0,0,0,1,1,0,0,0,0,0,0,0,0,0,0,0,0,1,0,0,0,0,0,0,0,0,0,0,1,0,0,0,0,1,0,0,0,0,1,0,0,0,0,0,0,0,0,50,50,0,0,Cashback,Lifestyle,1,1,1,1,0,0,0,0,11.11,33.33,14.29,8.33,22.22,0.0,20.0,100.0,0.0
CAD-CC-00538,UrbanCart Platinum Subscription Rewards Essentials Card,UrbanCart,Retail Partner,Subscription Rewards,Mastercard,2023,Active,0,0,0,693,2.5,4.0,21.12,23.04,Statement Credits,1.15,Cashback Dollars,0,0,1,1,1,1,0,0,0,0,0,1,1,0,0,0,1,0,1,0,1,0,1,1,0,0,0,0,0,0,0,0,1,0,1,0,0,1,0,0,1,1,0,0,0,0,0,1,0,25000,0,214,0,0,Subscription,Lifestyle,1,1,0,0,0,0,0,0,11.11,0.0,28.57,58.33,22.22,25.0,40.0,50.0,0.0
CAD-CC-00540,Ontario Mutual CU Thrive Cashback Plus Card,Ontario Mutual CU,Credit Union,Cashback,Visa,2016,Active,0,0,15000,674,2.5,3.5,20.61,21.82,Cashback,2.3,Cashback Dollars,1,0,0,1,0,0,1,0,0,0,0,0,0,1,0,0,1,0,0,0,0,0,0,1,0,0,0,0,0,0,0,0,0,0,0,0,0,0,0,0,0,0,1,1,0,0,0,0,0,0,200,200,0,0,Cashback,Digital,1,1,0,1,0,0,0,0,0.0,50.0,28.57,16.67,22.22,0.0,0.0,75.0,0.0
CAD-CC-00541,Ontario Mutual CU Maple Balance Transfer Essentials Card,Ontario Mutual CU,Credit Union,Balance Transfer,American Express,2017,Active,39,10,12000,643,2.0,1.0,15.58,19.01,Statement Credits,0.4,Cashback Dollars,0,0,1,0,0,0,0,0,0,0,0,0,0,0,0,0,0,0,0,0,0,0,0,0,0,0,0,0,1,0,1,0,0,0,0,0,0,0,0,1,1,1,1,0,1,0,0,0,0,0,100,100,0,9,Digital,Travel,1,1,0,0,0,0,0,0,22.22,0.0,71.43,0.0,0.0,0.0,0.0,50.0,0.0
CAD-CC-00542,Atlantic Community CU Aurora Balance Transfer Infinite Card,Atlantic Community CU,Credit Union,Balance Transfer,American Express,2023,Active,20,0,30000,718,2.5,3.0,15.47,17.79,Statement Credits,0.35,Cashback Dollars,0,0,1,1,0,0,0,0,0,0,0,0,0,0,0,0,0,0,0,0,0,0,0,0,0,0,0,0,0,0,0,0,0,0,0,1,1,0,0,1,1,1,0,1,0,0,0,0,0,0,50,50,1,0,Digital,Cashback,1,1,0,1,0,0,0,0,0.0,0.0,57.14,0.0,0.0,0.0,40.0,75.0,0.0
CAD-CC-00543,TrueNorth Bank North Digital First Rewards Card,TrueNorth Bank,Bank,Digital First,Visa,2020,Pilot,0,0,0,704,2.5,3.5,20.74,23.97,Hybrid Rewards,0.86,Cashback Dollars,0,0,1,0,1,0,1,0,0,0,0,0,0,0,0,0,0,0,1,0,0,0,0,0,0,1,0,0,0,0,0,0,0,0,0,0,1,1,1,1,1,1,1,1,0,1,0,0,0,15000,0,125,0,0,Digital,Subscription,1,1,1,1,0,0,0,0,0.0,16.67,85.71,25.0,11.11,0.0,60.0,100.0,0.0
CAD-CC-00544,Harbour Financial Edge Digital First Explorer Card,Harbour Financial,Bank,Digital First,Visa,2026,Active,89,0,0,664,2.5,3.5,21.16,23.36,Hybrid Rewards,1.92,Cashback Dollars,1,0,1,0,0,0,0,0,0,0,0,0,0,1,0,0,0,0,0,0,0,1,0,0,0,1,0,1,0,0,0,0,0,0,0,1,1,1,0,1,1,1,0,1,1,1,0,0,0,0,100,100,0,0,Digital,Cashback,1,0,1,1,0,0,0,0,11.11,33.33,85.71,16.67,22.22,0.0,60.0,75.0,0.0
CAD-CC-00545,Harbour Financial Everyday Cashback Infinite Card,Harbour Financial,Bank,Cashback,Visa,2025,Active,99,0,30000,733,2.5,3.0,21.99,23.51,Cashback,2.47,Cashback Dollars,1,0,0,0,0,0,0,0,0,0,1,0,1,1,0,0,0,0,0,0,0,0,0,0,0,0,0,0,0,0,0,0,0,0,1,1,1,0,0,1,1,1,1,1,1,0,0,0,0,0,100,100,0,0,Digital,Lifestyle,1,1,1,0,0,0,0,0,0.0,33.33,85.71,0.0,33.33,0.0,60.0,75.0,0.0
CAD-CC-00546,Atlantic Community CU Maple Student Infinite Card,Atlantic Community CU,Credit Union,Student,Visa,2020,Active,0,0,0,596,2.5,2.0,20.55,22.04,Cashback,1.89,Cashback Dollars,0,0,1,0,0,1,1,0,0,0,0,0,0,0,0,1,0,0,0,0,0,0,1,0,0,0,0,0,0,0,0,0,0,0,0,0,1,1,0,1,1,1,0,1,0,0,0,1,0,0,50,50,1,3,Student,Digital,1,1,1,1,0,0,0,0,0.0,16.67,57.14,16.67,11.11,25.0,40.0,100.0,0.0
CAD-CC-00547,TrailStay Rewards Signature Travel Essentials Card,TrailStay Rewards,Travel Partner,Travel,Mastercard,2023,Active,120,29,30000,732,1.5,2.0,21.89,23.86,Travel Points,1.76,Flexible Points,0,1,1,0,0,0,0,1,1,1,1,0,0,0,0,0,0,1,0,0,1,0,0,0,0,0,1,1,0,1,1,0,0,1,0,0,0,0,0,1,0,1,0,1,1,0,1,0,0,10000,0,98,0,9,Travel,Digital,1,1,1,1,0,0,0,0,66.67,50.0,57.14,16.67,44.44,25.0,0.0,100.0,20.0
CAD-CC-00550,TrueNorth Bank Momentum Balance Transfer Card,TrueNorth Bank,Bank,Balance Transfer,Mastercard,2025,Active,0,0,0,657,2.5,4.0,13.0,14.93,Statement Credits,0.78,Cashback Dollars,0,0,0,0,0,0,0,0,1,0,0,0,0,0,0,0,0,0,1,0,1,0,0,0,0,0,0,0,0,0,0,0,0,0,1,0,0,0,0,0,1,0,1,0,0,0,0,1,0,15000,0,134,0,0,Business,Digital,1,1,1,0,0,0,0,0,0.0,16.67,28.57,16.67,11.11,25.0,20.0,75.0,0.0
CAD-CC-00551,UrbanCart Momentum Rewards Rewards Card,UrbanCart,Retail Partner,Rewards,American Express,2026,Active,0,29,30000,657,2.5,4.0,20.93,22.38,Flexible Points,1.07,Flexible Points,0,1,1,0,0,0,1,0,1,0,0,0,0,0,0,0,0,1,0,0,0,0,0,0,0,0,0,0,0,0,0,0,0,0,1,0,0,0,0,0,0,1,0,0,1,0,1,0,0,25000,0,235,0,0,Cashback,Digital,1,1,0,0,0,0,0,0,11.11,33.33,28.57,8.33,22.22,25.0,20.0,50.0,0.0
CAD-CC-00552,TrueNorth Bank Everyday Subscription Rewards Rewards Card,TrueNorth Bank,Bank,Subscription Rewards,American Express,2016,Active,49,0,15000,675,2.0,2.0,22.61,23.78,Statement Credits,1.11,Cashback Dollars,1,0,0,1,1,1,0,1,0,0,0,1,0,0,0,0,0,0,1,0,1,0,1,0,0,1,0,0,0,0,1,0,0,0,0,0,0,0,0,1,0,1,1,1,0,1,0,0,0,10000,0,81,0,0,Digital,Subscription,1,1,0,1,0,0,0,0,11.11,33.33,71.43,50.0,22.22,0.0,0.0,75.0,0.0
CAD-CC-00553,Northern Lights CU North Cashback World Card,Northern Lights CU,Credit Union,Cashback,American Express,2016,Active,0,29,60000,718,2.5,2.0,22.33,25.81,Cashback,2.07,Cashback Dollars,1,0,0,1,0,0,0,0,0,1,0,0,0,1,0,0,1,0,0,0,0,0,0,0,0,0,0,0,0,0,0,0,0,0,1,0,0,1,1,1,1,0,1,0,1,0,0,0,0,0,150,150,0,9,Digital,Cashback,1,1,0,0,0,0,0,0,0.0,50.0,57.14,8.33,22.22,0.0,60.0,50.0,0.0
CAD-CC-00554,MapleTrust Bank Elevate Digital First Plus Card,MapleTrust Bank,Bank,Digital First,Visa,2020,Active,0,0,0,756,2.5,3.0,21.51,24.53,Cashback,1.52,Flexible Points,0,0,0,0,1,0,0,0,0,0,0,0,0,1,0,0,0,1,0,1,0,1,0,1,0,0,1,1,0,0,0,0,0,0,0,1,1,0,1,1,1,1,1,1,1,1,0,0,0,0,100,100,0,0,Digital,Subscription,1,0,0,1,0,0,0,0,22.22,16.67,100.0,41.67,22.22,0.0,60.0,50.0,20.0
CAD-CC-00555,Ontario Mutual CU Prime Sustainability Preferred Card,Ontario Mutual CU,Credit Union,Sustainability,Visa,2020,Retired,0,0,0,718,2.5,4.0,21.6,25.09,Cashback,1.65,Flexible Points,0,0,1,1,0,0,0,0,0,0,0,0,0,1,1,0,0,0,0,0,0,0,0,1,0,0,0,1,0,0,0,0,0,0,1,0,0,0,0,1,0,1,0,1,1,0,1,1,1,25000,0,206,0,0,Sustainability,Digital,1,1,0,1,0,0,0,0,11.11,16.67,57.14,8.33,11.11,100.0,20.0,75.0,0.0
CAD-CC-00556,BrightSpend Momentum Subscription Rewards Advantage Card,BrightSpend,Fintech,Subscription Rewards,Visa,2015,Active,120,30,30000,646,2.5,4.0,21.86,24.09,Statement Credits,1.44,Cashback Dollars,0,0,0,0,1,1,0,0,0,0,0,1,0,0,0,0,0,0,0,0,0,1,1,1,1,0,0,0,0,0,0,0,0,0,1,0,0,0,0,1,1,1,1,1,1,0,0,0,0,25000,0,206,0,6,Digital,Subscription,1,1,0,0,0,0,0,0,0.0,0.0,85.71,50.0,22.22,0.0,20.0,50.0,0.0
CAD-CC-00557,ShopNorth Elevate Rewards World Card,ShopNorth,Retail Partner,Rewards,Visa,2016,Active,39,29,30000,741,2.5,3.0,22.18,23.4,Flexible Points,2.19,Travel Points,1,0,1,0,0,0,1,0,0,0,0,0,1,1,0,0,0,0,0,0,0,0,0,0,0,0,0,1,0,0,0,0,0,1,0,0,1,0,0,0,1,1,0,0,1,0,0,0,0,15000,0,128,0,9,Cashback,Digital,1,1,1,1,0,0,0,0,22.22,50.0,42.86,0.0,33.33,0.0,20.0,100.0,0.0
CAD-CC-00558,Capital Crown Bank Platinum Student Preferred Card,Capital Crown Bank,Bank,Student,American Express,2020,Active,0,15,0,651,2.0,3.5,21.22,24.22,Cashback,1.03,Flexible Points,1,0,1,0,0,0,1,0,0,0,0,0,0,1,0,1,0,0,0,0,0,1,0,0,0,0,0,1,0,0,0,0,0,0,0,0,1,1,1,1,1,0,1,0,1,0,0,0,0,0,0,0,0,3,Student,Cashback,1,0,1,1,0,0,0,0,11.11,50.0,57.14,8.33,33.33,0.0,60.0,75.0,0.0
CAD-CC-00559,BrightSpend Thrive Lifestyle Rewards Plus Card,BrightSpend,Fintech,Lifestyle Rewards,Visa,2017,Active,39,29,30000,624,2.5,4.0,20.86,22.1,Flexible Points,2.44,Cashback Dollars,1,0,1,0,0,0,0,0,0,0,0,0,1,1,0,0,0,0,0,0,0,0,0,0,1,1,0,0,1,0,0,0,1,0,0,0,1,1,0,1,1,1,1,0,1,1,0,0,0,0,50,50,0,9,Digital,Cashback,1,1,0,0,0,0,0,0,22.22,33.33,85.71,16.67,22.22,0.0,40.0,50.0,0.0
CAD-CC-00560,Laurentian Maple Bank Select Cashback Plus Card,Laurentian Maple Bank,Bank,Cashback,Mastercard,2017,Active,89,29,60000,741,3.0,3.0,22.8,24.37,Cashback,2.2,Cashback Dollars,1,0,0,0,0,1,1,0,1,0,0,0,0,0,0,0,0,0,0,0,0,1,0,0,0,0,0,0,0,0,0,0,0,0,1,0,1,0,0,1,0,1,0,0,0,0,0,0,0,0,50,50,1,3,Cashback,Digital,1,1,0,1,0,0,0,0,0.0,50.0,28.57,16.67,33.33,0.0,40.0,75.0,0.0
CAD-CC-00561,TrueNorth Bank Flex Sustainability Explorer Card,TrueNorth Bank,Bank,Sustainability,Visa,2022,Active,49,50,0,630,2.5,4.0,21.56,23.38,Flexible Points,1.57,Cashback Dollars,0,0,0,0,0,0,0,0,0,0,0,0,0,0,1,0,0,0,0,0,0,0,0,0,0,0,0,0,0,0,0,0,0,1,1,0,1,0,0,0,0,1,0,1,0,0,1,0,1,15000,0,116,0,3,Sustainability,Digital,0,1,1,0,0,0,0,0,11.11,0.0,28.57,0.0,0.0,75.0,40.0,50.0,0.0
CAD-CC-00562,CanStyle Retail Everyday Rewards Preferred Card,CanStyle Retail,Retail Partner,Rewards,Visa,2022,Active,120,29,60000,730,0.0,3.5,20.1,21.95,Hybrid Rewards,0.85,Cashback Dollars,0,0,1,0,0,1,0,0,0,0,0,0,0,0,0,0,0,0,0,0,0,0,0,0,0,0,0,0,1,0,0,1,0,0,0,0,1,0,0,1,1,0,1,1,0,1,1,0,0,15000,0,105,1,0,Digital,Sustainability,0,1,0,0,0,0,0,0,22.22,0.0,71.43,8.33,0.0,25.0,20.0,25.0,0.0
CAD-CC-00563,GlobePass Canada Momentum Privilege Travel Explorer Card,GlobePass Canada,Travel Partner,Premium Travel,American Express,2019,Active,499,99,60000,783,2.5,2.0,20.47,22.18,Travel Points,3.39,Travel Points,1,1,1,0,0,0,0,0,0,0,1,0,1,1,0,0,0,0,0,0,0,0,0,0,0,0,1,1,1,1,1,0,1,1,1,0,0,1,0,0,1,1,0,1,0,0,1,0,0,90000,0,1043,1,0,Travel,Lifestyle,1,1,0,1,1,1,0,0,88.89,33.33,42.86,0.0,33.33,25.0,40.0,75.0,60.0
CAD-CC-00564,TrueNorth Bank Momentum Privilege Travel World Card,TrueNorth Bank,Bank,Premium Travel,Mastercard,2017,Active,499,149,100000,763,2.5,2.0,21.27,24.54,Travel Points,1.79,Loyalty Miles,0,1,1,0,0,0,0,1,0,1,0,0,1,0,0,0,0,0,0,0,0,0,0,0,0,1,1,1,1,0,0,0,0,1,0,0,1,0,0,1,0,0,0,0,0,0,0,0,0,60000,0,755,0,0,Travel,Lifestyle,1,0,0,0,1,0,0,1,55.56,33.33,14.29,8.33,33.33,0.0,20.0,25.0,60.0
CAD-CC-00565,Atlantic Community CU Platinum Student Essentials Card,Atlantic Community CU,Credit Union,Student,Visa,2021,Active,39,10,0,685,2.5,3.0,20.44,22.07,Cashback,0.54,Cashback Dollars,1,0,0,0,0,1,1,1,0,0,0,0,1,0,0,1,0,0,0,0,0,0,0,0,0,0,0,0,0,0,1,0,1,0,0,1,1,1,1,0,0,1,0,1,1,0,0,0,0,0,75,75,1,0,Student,Cashback,1,0,0,1,0,0,0,0,22.22,50.0,42.86,8.33,33.33,0.0,80.0,50.0,0.0
CAD-CC-00566,Prairie Community CU Thrive Cashback Essentials Card,Prairie Community CU,Credit Union,Cashback,American Express,2019,Active,0,29,80000,629,2.5,4.0,20.9,23.5,Cashback,1.6,Cashback Dollars,1,0,1,0,0,0,1,1,1,1,0,0,0,0,1,0,0,0,0,0,0,0,0,0,0,0,0,0,0,0,1,0,0,0,1,0,1,0,0,0,1,1,0,0,0,0,0,0,0,0,100,100,0,0,Cashback,Lifestyle,1,1,0,0,0,0,0,0,11.11,83.33,28.57,0.0,44.44,25.0,40.0,50.0,0.0
CAD-CC-00567,Laurentian Maple Bank Aurora Cashback Rewards Card,Laurentian Maple Bank,Bank,Cashback,Mastercard,2025,Active,99,0,80000,682,2.5,2.0,21.26,22.84,Cashback,1.56,Cashback Dollars,1,0,0,0,1,0,1,0,1,0,0,0,0,0,0,0,0,0,0,0,0,0,0,0,0,0,0,0,0,0,0,0,0,0,0,0,1,0,0,1,1,1,1,1,1,0,0,0,0,0,50,50,1,0,Digital,Cashback,0,1,1,0,0,0,0,0,0.0,50.0,85.71,8.33,22.22,0.0,20.0,50.0,0.0
CAD-CC-00569,FlexiCard Digital Select Digital First Essentials Card,FlexiCard Digital,Fintech,Digital First,Mastercard,2017,Active,0,0,30000,736,2.5,4.0,22.31,24.52,Cashback,1.25,Flexible Points,0,0,0,0,0,0,1,0,0,0,0,1,0,0,0,0,0,0,0,1,0,0,0,0,0,1,0,0,1,0,0,0,0,0,1,0,1,1,0,1,1,1,1,1,1,1,0,0,0,10000,0,60,1,0,Digital,Cashback,1,1,1,0,0,0,0,0,11.11,16.67,100.0,16.67,22.22,0.0,60.0,75.0,0.0
CAD-CC-00570,Capital Crown Bank Select Cashback Plus Card,Capital Crown Bank,Bank,Cashback,Mastercard,2020,Active,89,0,60000,631,0.0,4.0,20.05,22.07,Cashback,1.15,Cashback Dollars,1,0,0,1,0,0,1,1,0,0,0,0,0,0,0,0,0,0,0,0,0,0,0,0,0,0,0,1,0,0,0,1,0,0,0,0,0,0,0,1,0,0,0,1,0,0,0,0,0,0,150,150,0,0,Cashback,Digital,1,0,1,1,0,0,0,0,22.22,50.0,28.57,0.0,22.22,0.0,0.0,75.0,0.0
CAD-CC-00572,Prairie Community CU Prime Rewards Card,Prairie Community CU,Credit Union,Rewards,Mastercard,2019,Active,120,0,60000,679,2.5,3.0,22.26,23.6,Cashback,2.05,Travel Points,0,0,0,1,0,0,1,1,0,1,0,0,1,0,0,0,0,0,0,0,0,0,0,0,0,0,0,0,0,0,0,0,0,0,1,0,0,0,1,0,1,1,1,0,0,0,0,0,0,0,150,150,0,0,Lifestyle,Cashback,1,1,0,1,0,0,0,0,0.0,50.0,42.86,0.0,44.44,0.0,40.0,75.0,0.0
CAD-CC-00573,Harbour Financial Prime Balance Transfer Infinite Card,Harbour Financial,Bank,Balance Transfer,Mastercard,2024,Active,39,0,30000,701,2.5,1.0,14.56,15.73,Cashback,1.13,Cashback Dollars,0,0,0,1,1,0,0,0,1,0,0,0,0,0,0,0,0,0,0,0,0,0,0,0,0,0,0,0,0,0,0,0,0,0,0,0,1,0,0,0,1,1,0,0,0,0,0,0,0,25000,0,181,0,6,Digital,Cashback,0,1,1,1,0,0,0,0,0.0,16.67,28.57,8.33,11.11,0.0,20.0,75.0,0.0
CAD-CC-00574,NeoMaple Financial Edge Sustainability Preferred Card,NeoMaple Financial,Fintech,Sustainability,American Express,2021,Active,0,30,0,669,2.5,3.0,21.26,23.82,Flexible Points,1.16,Cashback Dollars,1,0,0,0,0,0,1,0,0,0,0,0,0,0,1,0,0,0,0,0,0,0,0,0,0,0,0,0,0,0,0,0,0,0,0,0,1,0,0,1,1,1,1,1,1,0,1,1,0,25000,0,219,0,0,Digital,Sustainability,1,1,1,1,0,0,0,0,0.0,33.33,85.71,0.0,11.11,75.0,20.0,100.0,0.0
CAD-CC-00575,Capital Crown Bank Prime Student Rewards Card,Capital Crown Bank,Bank,Student,Mastercard,2025,Active,39,15,0,594,0.0,3.5,22.74,26.17,Flexible Points,1.73,Cashback Dollars,0,0,0,0,0,1,0,0,0,0,0,0,0,0,0,1,0,0,0,1,0,0,0,0,0,0,0,0,0,0,0,1,0,1,0,0,1,1,0,0,0,1,1,0,1,0,0,0,0,0,0,0,1,0,Student,Digital,1,1,0,1,0,0,0,0,22.22,0.0,42.86,16.67,0.0,0.0,40.0,75.0,0.0
CAD-CC-00576,Laurentian Maple Bank Elevate Low Interest Rewards Card,Laurentian Maple Bank,Bank,Low Interest,Visa,2025,Active,29,0,15000,713,2.5,4.0,13.01,15.39,Cashback,0.7,Cashback Dollars,0,0,0,0,0,0,0,0,0,0,0,0,0,0,0,0,0,0,0,0,0,0,0,0,0,0,0,0,0,0,1,0,1,0,0,1,1,0,1,0,0,1,1,1,0,0,0,0,0,0,50,50,0,0,Digital,Travel,1,1,1,1,0,0,0,0,22.22,0.0,42.86,0.0,0.0,0.0,60.0,100.0,0.0
CAD-CC-00577,Harbour Financial Signature Digital First Rewards Card,Harbour Financial,Bank,Digital First,Visa,2019,Active,49,0,0,724,2.5,3.5,22.85,24.78,Hybrid Rewards,1.27,Cashback Dollars,1,0,1,0,0,1,1,0,0,1,0,0,0,1,0,0,0,0,0,0,0,0,0,1,1,0,0,0,0,0,0,0,0,0,1,1,1,1,0,1,1,1,1,1,1,1,0,0,0,25000,0,171,1,0,Digital,Cashback,1,0,0,0,0,0,0,0,0.0,66.67,100.0,25.0,33.33,0.0,80.0,25.0,0.0
CAD-CC-00578,NorthPay Labs Select Cashback Preferred Card,NorthPay Labs,Fintech,Cashback,Mastercard,2025,Active,0,0,15000,758,0.0,3.0,21.61,24.41,Cashback,1.03,Cashback Dollars,1,0,1,1,1,0,1,1,1,0,0,0,0,1,0,0,0,0,0,0,1,0,0,0,0,0,0,0,0,0,0,1,0,0,0,0,0,0,0,1,1,1,1,1,0,0,1,0,0,0,200,200,0,0,Cashback,Digital,1,0,0,1,0,0,0,0,11.11,83.33,71.43,16.67,44.44,25.0,0.0,50.0,0.0
CAD-CC-00579,Maple Leaf Credit Union Maple Sustainability Essentials Card,Maple Leaf Credit Union,Credit Union,Sustainability,Visa,2021,Active,89,0,15000,751,2.5,2.0,20.26,22.62,Cashback,0.91,Cashback Dollars,0,0,0,0,0,0,0,0,1,0,0,0,0,0,1,0,0,0,0,0,0,0,0,0,0,0,0,0,0,0,0,0,0,1,0,0,0,0,0,0,0,0,1,1,0,0,0,1,1,10000,0,73,1,0,Sustainability,Digital,1,0,0,1,0,0,0,0,11.11,16.67,28.57,0.0,11.11,75.0,0.0,50.0,0.0
CAD-CC-00580,Coastline Credit Union Flex Low Interest Plus Card,Coastline Credit Union,Credit Union,Low Interest,Visa,2018,Active,59,10,15000,637,2.5,2.0,13.63,14.73,Cashback,0.72,Cashback Dollars,0,0,0,0,0,0,0,0,0,0,1,0,1,0,0,0,0,0,0,0,0,0,0,0,0,0,0,0,0,0,0,0,0,0,0,0,0,1,0,1,1,0,0,1,0,0,0,0,0,0,50,50,0,3,Digital,Lifestyle,1,1,0,1,0,0,0,0,0.0,0.0,42.86,0.0,22.22,0.0,20.0,75.0,0.0
CAD-CC-00581,PocketCredit Platinum Digital First Infinite Card,PocketCredit,Fintech,Digital First,Mastercard,2017,Pilot,0,15,30000,632,2.5,2.0,21.85,23.1,Hybrid Rewards,1.12,Flexible Points,0,0,1,1,0,0,0,1,0,0,0,0,0,0,0,0,0,0,0,0,0,0,0,1,0,1,0,0,0,0,0,0,1,0,1,0,1,0,1,1,1,1,1,1,0,1,0,0,0,15000,0,100,0,6,Digital,Cashback,0,1,0,0,0,0,0,0,11.11,16.67,85.71,16.67,11.11,0.0,60.0,25.0,0.0
CAD-CC-00582,HomeBase Canada North Rewards Rewards Card,HomeBase Canada,Retail Partner,Rewards,Visa,2015,Active,120,29,80000,663,2.5,2.0,21.43,22.9,Hybrid Rewards,1.67,Cashback Dollars,1,0,0,0,0,0,0,0,0,0,0,0,0,1,0,0,0,0,0,0,1,0,0,0,0,0,0,0,0,0,0,0,0,0,0,0,0,0,0,1,1,1,1,0,0,0,0,0,0,10000,0,71,0,6,Digital,Cashback,0,1,0,0,0,0,0,0,0.0,33.33,57.14,8.33,11.11,0.0,0.0,25.0,0.0
CAD-CC-00583,Northern Lights CU Summit Sustainability Rewards Card,Northern Lights CU,Credit Union,Sustainability,Mastercard,2016,Active,120,0,0,667,2.5,3.5,21.67,23.36,Cashback,1.28,Flexible Points,0,0,0,0,0,0,0,0,0,1,0,0,0,0,1,0,0,0,0,0,0,0,0,0,0,0,0,0,0,0,0,0,0,0,1,0,1,0,0,1,1,1,0,1,0,0,1,1,1,10000,0,67,1,0,Sustainability,Digital,1,1,0,1,0,0,0,1,0.0,16.67,57.14,0.0,11.11,100.0,40.0,75.0,20.0
CAD-CC-00584,Northern Dominion Bank Select Rewards Preferred Card,Northern Dominion Bank,Bank,Rewards,American Express,2016,Active,39,0,30000,699,2.5,2.0,20.79,22.1,Flexible Points,1.16,Cashback Dollars,0,0,1,0,0,0,0,1,0,0,0,0,0,0,0,0,0,0,0,0,0,0,0,0,0,0,0,0,0,0,0,0,0,0,0,0,0,0,0,0,0,0,1,0,0,0,0,0,0,10000,0,68,0,0,Cashback,Lifestyle,1,1,1,0,0,0,0,0,0.0,16.67,14.29,0.0,11.11,0.0,0.0,75.0,0.0
CAD-CC-00585,Ontario Mutual CU Aurora Low Interest Advantage Card,Ontario Mutual CU,Credit Union,Low Interest,Mastercard,2016,Active,20,0,15000,665,2.0,3.0,10.46,12.54,Statement Credits,1.08,Cashback Dollars,1,0,1,0,0,0,0,0,1,1,0,0,0,0,0,0,1,0,0,0,1,0,0,0,0,0,0,0,0,0,0,0,0,1,1,1,0,1,0,1,0,1,1,1,0,1,0,0,0,0,75,75,0,0,Digital,Cashback,1,1,0,0,0,0,0,0,11.11,50.0,71.43,16.67,22.22,0.0,60.0,50.0,0.0
CAD-CC-00586,PocketCredit Momentum Cashback Advantage Card,PocketCredit,Fintech,Cashback,Mastercard,2025,Active,99,29,80000,685,0.0,3.0,22.86,24.96,Cashback,1.26,Cashback Dollars,1,0,0,1,0,0,1,0,0,0,0,0,0,1,0,1,0,0,0,0,0,0,0,0,0,0,0,0,0,0,0,1,0,0,1,0,1,0,0,1,1,1,1,1,1,0,0,0,0,0,150,150,0,0,Student,Digital,1,1,0,1,0,0,0,0,11.11,50.0,85.71,0.0,22.22,0.0,40.0,75.0,0.0
CAD-CC-00587,Laurentian Maple Bank Signature Cashback World Card,Laurentian Maple Bank,Bank,Cashback,Mastercard,2016,Active,39,0,15000,705,2.0,3.0,21.19,23.58,Cashback,1.91,Cashback Dollars,1,0,1,1,0,0,1,1,1,0,0,0,0,1,0,0,0,0,0,0,0,0,0,0,0,0,0,0,0,0,0,0,0,1,1,0,1,0,0,0,1,0,1,1,1,0,0,0,0,0,150,150,1,0,Cashback,Digital,1,1,0,0,0,0,0,0,11.11,83.33,57.14,0.0,44.44,0.0,40.0,50.0,0.0
CAD-CC-00588,Prairie Community CU Edge Cashback Infinite Card,Prairie Community CU,Credit Union,Cashback,Visa,2020,Active,0,0,80000,650,2.5,2.0,20.89,22.48,Cashback,2.14,Cashback Dollars,1,0,1,1,0,0,0,1,0,0,0,0,0,0,0,0,0,0,0,0,0,0,0,0,0,0,0,0,0,0,0,0,0,0,0,0,0,1,0,1,1,1,1,0,0,0,0,0,0,0,150,150,0,3,Digital,Cashback,0,1,1,0,0,0,0,0,0.0,33.33,57.14,0.0,11.11,0.0,20.0,50.0,0.0
CAD-CC-00589,Harbour Financial Momentum Subscription Rewards Plus Card,Harbour Financial,Bank,Subscription Rewards,Visa,2015,Active,0,0,60000,741,3.0,2.0,22.87,25.69,Statement Credits,1.15,Cashback Dollars,1,0,1,1,1,1,0,1,0,0,0,0,1,0,0,0,0,1,0,1,1,1,1,0,1,0,0,1,0,0,0,0,0,0,0,0,0,0,0,1,0,1,0,1,0,0,0,0,0,25000,0,216,0,6,Subscription,Digital,0,1,0,0,0,0,0,0,11.11,33.33,42.86,66.67,33.33,0.0,0.0,25.0,0.0
CAD-CC-00590,GlobePass Canada Flex Privilege Travel Rewards Card,GlobePass Canada,Travel Partner,Premium Travel,Visa,2026,Active,499,149,80000,771,0.0,3.0,21.22,24.38,Travel Points,1.88,Flexible Points,0,1,1,0,0,0,0,1,0,0,1,0,0,0,0,0,0,0,0,0,0,0,0,0,0,0,1,1,1,1,1,1,0,1,0,0,0,0,0,1,0,1,0,0,1,0,0,0,0,70000,0,732,0,0,Travel,Digital,1,1,1,0,1,0,1,1,88.89,16.67,42.86,0.0,22.22,0.0,0.0,75.0,80.0
CAD-CC-00591,Laurentian Maple Bank Summit Low Interest Essentials Card,Laurentian Maple Bank,Bank,Low Interest,Mastercard,2016,Active,0,0,15000,625,2.5,2.0,12.86,16.05,Cashback,0.75,Cashback Dollars,0,0,0,0,0,0,0,1,0,0,0,0,0,1,0,0,0,0,0,0,0,0,0,0,0,0,0,0,0,0,0,0,0,1,1,0,0,0,1,1,0,1,0,1,1,0,0,0,0,0,75,75,0,6,Digital,Cashback,1,1,0,1,0,0,0,0,11.11,33.33,57.14,0.0,22.22,0.0,40.0,75.0,0.0
CAD-CC-00592,PayWave Canada Momentum Digital First Explorer Card,PayWave Canada,Fintech,Digital First,Mastercard,2019,Active,0,0,30000,699,0.0,3.0,20.26,22.95,Cashback,1.44,Flexible Points,0,1,1,1,0,0,0,0,0,0,0,0,0,0,0,0,1,0,0,0,0,0,0,1,1,0,0,0,1,0,0,1,0,0,0,1,1,1,0,1,1,1,1,1,1,1,0,0,0,15000,0,93,0,0,Digital,Travel,1,1,0,1,0,0,0,0,33.33,0.0,100.0,25.0,0.0,0.0,60.0,75.0,0.0
CAD-CC-00594,ShopNorth Elevate Subscription Rewards Card,ShopNorth,Retail Partner,Subscription Rewards,Mastercard,2023,Active,0,0,30000,707,2.5,3.5,22.87,24.62,Statement Credits,1.55,Cashback Dollars,0,1,0,0,1,1,1,0,0,0,0,0,1,1,0,0,1,1,1,0,1,1,0,1,1,0,0,0,0,0,0,0,0,0,0,0,1,0,0,1,1,0,0,0,0,0,0,0,0,25000,0,248,0,6,Subscription,Cashback,1,1,0,1,0,0,0,0,11.11,33.33,28.57,75.0,44.44,0.0,20.0,75.0,0.0
CAD-CC-00595,PayWave Canada Elevate Sustainability Infinite Card,PayWave Canada,Fintech,Sustainability,Visa,2023,Active,89,15,15000,721,2.5,3.5,20.14,23.01,Hybrid Rewards,0.81,Flexible Points,0,0,0,0,0,0,1,0,0,1,0,0,0,1,1,0,0,0,0,1,0,0,0,0,0,0,0,0,0,0,0,0,0,0,0,0,1,0,1,1,1,1,1,1,1,0,1,0,1,15000,0,142,1,0,Digital,Sustainability,1,1,0,1,0,0,0,0,0.0,50.0,85.71,8.33,33.33,75.0,40.0,75.0,0.0
CAD-CC-00596,Air NorthStar Voyage Travel Essentials Card,Air NorthStar,Airline Partner,Travel,Visa,2020,Active,120,29,60000,764,0.0,3.5,22.36,25.21,Travel Points,1.1,Travel Points,0,1,1,0,0,0,0,0,0,0,0,0,0,1,0,0,0,0,0,0,0,0,0,0,0,0,0,0,1,1,1,1,0,1,0,0,1,0,0,1,1,1,1,0,0,0,0,0,0,10000,0,74,0,9,Travel,Digital,1,1,1,1,0,0,0,0,66.67,16.67,57.14,0.0,11.11,0.0,20.0,100.0,0.0
CAD-CC-00597,Atlantic Community CU Flex Student Infinite Card,Atlantic Community CU,Credit Union,Student,Visa,2018,Active,25,15,0,649,2.5,3.5,22.66,25.77,Cashback,0.62,Flexible Points,0,1,1,1,0,0,0,1,0,1,0,0,0,0,0,1,1,0,0,0,0,0,0,0,0,0,0,0,0,0,1,0,0,0,0,0,1,0,1,1,1,1,1,0,1,0,0,0,1,0,25,25,0,9,Student,Digital,1,1,1,0,0,0,0,0,22.22,33.33,71.43,8.33,22.22,25.0,40.0,75.0,0.0
CAD-CC-00598,Capital Crown Bank Momentum Sustainability Rewards Card,Capital Crown Bank,Bank,Sustainability,Visa,2022,Active,49,0,30000,710,2.5,3.0,21.99,24.32,Cashback,1.4,Flexible Points,0,0,1,1,0,0,0,1,0,1,0,0,1,1,1,0,0,0,1,0,0,0,0,0,0,0,0,0,0,0,1,0,0,0,1,0,0,0,0,1,1,0,1,0,0,0,1,1,1,10000,0,77,1,0,Sustainability,Lifestyle,1,1,0,1,0,0,0,0,11.11,50.0,42.86,8.33,44.44,100.0,20.0,75.0,0.0
CAD-CC-00600,Maple Leaf Credit Union Aurora Balance Transfer Rewards Card,Maple Leaf Credit Union,Credit Union,Balance Transfer,Visa,2021,Active,0,0,30000,646,2.5,2.0,15.23,18.09,Hybrid Rewards,0.99,Cashback Dollars,1,0,1,1,0,0,1,0,0,0,0,0,0,0,0,0,0,0,0,0,0,0,0,0,0,0,0,0,0,0,1,0,1,0,1,0,1,0,0,1,1,1,0,0,1,0,0,1,0,25000,0,197,0,9,Digital,Cashback,1,1,1,0,0,0,0,0,22.22,33.33,57.14,0.0,11.11,25.0,40.0,75.0,0.0
CAD-CC-00601,PocketCredit Momentum Digital First Essentials Card,PocketCredit,Fintech,Digital First,Mastercard,2022,Active,49,0,30000,659,2.5,3.5,20.96,23.07,Flexible Points,1.4,Cashback Dollars,1,0,0,0,1,1,0,0,0,0,0,0,0,1,0,0,1,1,0,0,1,0,0,0,1,1,0,0,0,0,0,0,0,0,1,1,1,0,0,1,1,1,1,1,1,1,1,0,0,25000,0,185,0,0,Digital,Subscription,1,1,0,0,0,0,0,0,0.0,33.33,100.0,58.33,11.11,25.0,60.0,50.0,0.0
CAD-CC-00602,Harbour Financial Momentum Low Interest Advantage Card,Harbour Financial,Bank,Low Interest,Mastercard,2024,Active,39,10,15000,702,2.5,2.0,14.21,15.9,Cashback,1.2,Cashback Dollars,1,0,0,1,0,0,0,0,0,0,0,0,0,0,0,0,0,0,0,0,0,0,0,0,0,0,0,0,0,0,0,0,0,0,1,1,1,1,1,1,1,0,1,1,0,0,1,0,0,0,0,0,0,12,Digital,Sustainability,1,1,0,1,0,0,0,0,0.0,16.67,57.14,0.0,0.0,25.0,100.0,75.0,0.0
CAD-CC-00603,CanadaJet Rewards Thrive Travel Preferred Card,CanadaJet Rewards,Airline Partner,Travel,Mastercard,2022,Active,0,75,60000,759,2.5,3.5,20.87,23.6,Travel Points,2.13,Loyalty Miles,0,1,1,0,0,0,0,1,0,0,0,1,0,1,0,0,0,0,0,0,0,0,0,0,1,0,0,0,1,1,1,0,1,1,1,0,1,1,1,1,1,1,1,0,1,0,0,0,0,15000,0,110,0,0,Digital,Travel,0,1,0,1,0,0,0,0,66.67,33.33,71.43,8.33,33.33,0.0,80.0,50.0,0.0
CAD-CC-00604,MapleTrust Bank Platinum Subscription Rewards Advantage Card,MapleTrust Bank,Bank,Subscription Rewards,American Express,2020,Active,89,0,30000,744,2.5,3.0,22.83,25.9,Statement Credits,0.8,Cashback Dollars,0,1,0,1,1,1,0,0,0,0,0,0,1,0,0,0,1,1,1,0,1,1,1,1,0,1,0,1,0,0,0,0,0,0,0,0,0,1,0,1,1,0,0,0,0,0,0,0,0,25000,0,210,0,3,Subscription,Digital,0,1,0,0,0,0,0,0,22.22,0.0,28.57,83.33,22.22,0.0,20.0,25.0,0.0
CAD-CC-00605,Maple Leaf Credit Union Everyday Travel Infinite Card,Maple Leaf Credit Union,Credit Union,Travel,Mastercard,2022,Active,120,0,60000,715,2.5,2.0,21.55,22.58,Flexible Points,2.4,Flexible Points,0,1,1,0,0,0,0,1,0,1,0,1,0,0,0,0,0,0,0,0,0,0,0,0,0,0,0,1,1,0,0,0,1,0,0,0,0,0,0,0,0,1,0,0,0,0,0,0,0,30000,0,279,1,12,Lifestyle,Travel,1,1,1,1,1,0,0,0,44.44,33.33,14.29,0.0,33.33,0.0,0.0,100.0,20.0
CAD-CC-00606,BrightSpend North Sustainability Advantage Card,BrightSpend,Fintech,Sustainability,Mastercard,2019,Retired,0,30,15000,696,0.0,4.0,22.08,24.04,Cashback,1.26,Cashback Dollars,0,0,0,0,0,0,0,0,0,1,0,0,0,1,1,0,0,0,0,0,0,0,0,0,0,0,0,0,0,0,0,1,0,0,0,0,0,0,0,1,1,1,1,1,1,0,1,1,1,15000,0,114,0,0,Sustainability,Digital,0,1,0,0,0,0,0,0,11.11,33.33,85.71,0.0,22.22,100.0,0.0,25.0,0.0
CAD-CC-00607,NorthPay Labs Elevate Student World Card,NorthPay Labs,Fintech,Student,Mastercard,2015,Active,39,15,10000,613,2.5,3.0,22.27,23.72,Flexible Points,1.77,Flexible Points,0,0,0,0,0,1,0,0,0,0,0,0,0,0,0,1,0,0,1,0,0,1,1,0,0,0,0,0,0,0,0,0,0,0,0,0,0,1,1,1,1,1,1,1,1,0,0,0,0,0,25,25,1,12,Student,Digital,0,1,0,0,0,0,0,0,0.0,0.0,85.71,33.33,11.11,0.0,40.0,25.0,0.0
CAD-CC-00608,HomeBase Canada Prime Rewards World Card,HomeBase Canada,Retail Partner,Rewards,Visa,2017,Active,39,29,15000,665,2.5,3.5,21.15,23.0,Hybrid Rewards,0.94,Travel Points,1,1,1,0,0,0,0,0,0,0,0,0,0,0,0,0,0,0,0,0,0,0,0,0,0,0,0,0,0,0,0,0,0,0,0,0,0,1,0,0,1,0,1,0,1,0,0,0,0,25000,0,154,1,3,Digital,Cashback,1,1,0,0,0,0,0,0,11.11,16.67,42.86,0.0,0.0,0.0,20.0,50.0,0.0
CAD-CC-00609,NeoMaple Financial Thrive Student Preferred Card,NeoMaple Financial,Fintech,Student,Mastercard,2016,Active,0,15,5000,580,2.5,2.0,20.55,21.81,Flexible Points,1.86,Cashback Dollars,1,1,0,0,0,0,1,0,0,0,0,0,0,0,0,1,0,0,0,0,0,0,0,0,0,0,0,0,0,0,1,0,0,0,0,0,1,0,1,0,1,0,0,0,1,0,0,0,0,0,25,25,0,6,Student,Cashback,1,1,0,0,0,0,0,0,22.22,33.33,28.57,0.0,11.11,0.0,40.0,50.0,0.0
CAD-CC-00610,Northern Lights CU Select Student Infinite Card,Northern Lights CU,Credit Union,Student,American Express,2015,Active,25,0,10000,590,2.5,3.0,20.64,22.08,Flexible Points,1.86,Cashback Dollars,1,0,0,0,0,0,0,1,0,0,1,0,0,0,0,1,0,0,0,0,0,0,0,0,0,1,0,0,0,0,0,0,0,0,0,1,0,0,1,1,0,0,1,1,1,0,0,0,0,0,25,25,1,3,Student,Digital,1,1,0,1,0,0,0,0,0.0,33.33,57.14,8.33,22.22,0.0,40.0,75.0,0.0
CAD-CC-00611,Atlantic Community CU North Rewards Infinite Card,Atlantic Community CU,Credit Union,Rewards,Mastercard,2021,Pilot,0,0,80000,641,2.5,4.0,20.09,21.85,Cashback,1.7,Flexible Points,0,0,1,1,0,0,1,1,0,0,0,0,0,0,0,0,0,0,0,0,0,0,1,0,0,0,0,0,0,0,0,0,0,0,1,1,0,1,0,1,1,1,0,0,0,0,0,0,0,25000,0,230,0,6,Digital,Cashback,1,1,1,0,0,0,0,0,0.0,33.33,42.86,8.33,22.22,0.0,60.0,75.0,0.0
CAD-CC-00613,TrailStay Rewards Thrive Privilege Travel Preferred Card,TrailStay Rewards,Travel Partner,Premium Travel,Visa,2021,Active,699,199,60000,814,2.5,4.0,22.4,24.61,Travel Points,1.23,Loyalty Miles,0,1,1,1,0,0,0,0,0,0,0,0,1,0,0,0,0,0,0,0,0,0,0,0,0,0,1,1,1,1,1,0,1,0,1,0,1,0,1,1,0,1,0,0,0,0,0,1,0,80000,0,672,0,0,Travel,Digital,1,1,0,0,1,1,1,0,77.78,0.0,28.57,0.0,11.11,25.0,60.0,50.0,80.0
CAD-CC-00615,CanStyle Retail Signature Subscription Rewards Infinite Card,CanStyle Retail,Retail Partner,Subscription Rewards,Mastercard,2024,Active,0,0,0,709,0.0,3.5,20.15,21.77,Statement Credits,1.66,Cashback Dollars,0,1,1,0,1,1,0,0,0,1,0,0,0,0,0,0,0,0,0,1,0,1,1,1,0,1,0,0,0,0,0,1,0,0,1,0,0,0,0,0,1,0,0,0,0,0,0,0,0,0,100,100,1,0,Subscription,Travel,1,1,0,0,0,0,0,0,22.22,16.67,14.29,58.33,22.22,0.0,20.0,50.0,0.0
CAD-CC-00616,Harbour Financial Flex Lifestyle Rewards Infinite Card,Harbour Financial,Bank,Lifestyle Rewards,Visa,2017,Retired,99,0,80000,677,2.5,4.0,21.5,24.54,Cashback,1.12,Cashback Dollars,0,0,0,0,0,0,0,1,0,0,0,0,1,1,0,0,0,0,0,0,0,0,1,0,1,0,0,0,0,0,0,0,0,0,1,0,1,0,0,1,1,1,1,0,1,0,0,0,0,10000,0,82,0,6,Digital,Lifestyle,1,1,0,1,0,0,0,0,0.0,33.33,71.43,16.67,33.33,0.0,40.0,75.0,0.0
CAD-CC-00617,Coastline Credit Union Platinum Travel Card,Coastline Credit Union,Credit Union,Travel,Mastercard,2019,Active,89,75,15000,738,0.0,3.0,21.15,24.03,Travel Points,1.5,Travel Points,0,1,1,0,1,0,0,1,0,0,0,0,0,1,0,0,0,0,0,0,0,0,0,0,0,0,0,1,0,0,0,1,0,1,0,1,1,0,0,1,1,1,0,0,0,0,0,0,0,30000,0,211,0,0,Travel,Digital,1,1,0,1,0,0,0,0,44.44,33.33,42.86,8.33,22.22,0.0,40.0,75.0,0.0
CAD-CC-00618,CanStyle Retail Platinum Lifestyle Rewards Advantage Card,CanStyle Retail,Retail Partner,Lifestyle Rewards,Visa,2016,Active,89,29,30000,713,2.5,4.0,22.92,24.13,Flexible Points,2.49,Cashback Dollars,0,0,0,0,0,0,0,1,1,0,1,0,0,1,0,0,0,0,0,0,0,0,0,0,0,0,0,0,0,0,1,0,0,0,0,0,0,0,0,1,0,0,1,0,0,0,0,0,1,0,50,50,0,3,Cashback,Lifestyle,1,1,0,1,0,0,0,0,11.11,50.0,28.57,0.0,44.44,25.0,0.0,75.0,0.0
CAD-CC-00619,MapleMart Edge Rewards Plus Card,MapleMart,Retail Partner,Rewards,Visa,2020,Active,99,0,80000,685,2.5,3.5,22.75,26.06,Hybrid Rewards,1.37,Cashback Dollars,1,0,1,0,1,0,0,1,0,0,0,0,1,0,0,0,0,0,0,0,0,0,0,1,0,0,0,0,0,0,0,0,0,0,1,1,1,0,1,0,0,0,0,1,0,0,0,0,0,10000,0,91,1,6,Cashback,Lifestyle,0,1,1,0,0,0,0,0,0.0,33.33,14.29,16.67,22.22,0.0,80.0,50.0,0.0
CAD-CC-00620,Prairie Community CU Thrive Travel Rewards Card,Prairie Community CU,Credit Union,Travel,Visa,2016,Active,89,0,60000,663,2.5,3.5,21.33,23.48,Travel Points,1.05,Loyalty Miles,0,1,1,0,0,0,0,0,0,0,0,0,1,1,0,0,0,0,0,0,0,0,0,0,0,0,0,0,0,0,1,0,0,0,0,0,1,0,0,1,1,1,0,0,0,0,0,0,0,10000,0,82,1,9,Digital,Lifestyle,1,1,1,1,0,0,1,0,22.22,16.67,42.86,0.0,22.22,0.0,20.0,100.0,20.0
CAD-CC-00621,Northern Lights CU Elevate Balance Transfer Plus Card,Northern Lights CU,Credit Union,Balance Transfer,Visa,2018,Active,29,10,12000,636,2.5,3.0,19.41,22.53,Cashback,0.64,Cashback Dollars,0,0,0,1,1,0,0,0,0,0,0,0,0,0,0,0,0,0,0,0,0,0,0,0,0,0,0,0,0,0,0,0,0,0,1,0,1,0,1,1,1,1,1,0,0,0,0,0,0,25000,0,163,1,12,Digital,Subscription,1,0,0,1,0,0,0,0,0.0,0.0,57.14,8.33,0.0,0.0,60.0,50.0,0.0
CAD-CC-00622,MapleAir Aurora Privilege Travel Essentials Card,MapleAir,Airline Partner,Premium Travel,Visa,2026,Active,599,175,100000,727,0.0,4.0,20.49,23.45,Travel Points,1.6,Travel Points,0,1,1,0,0,0,0,0,0,1,1,0,1,0,0,0,0,0,0,0,0,0,0,0,0,0,1,1,1,1,1,1,1,1,0,0,0,0,0,0,1,1,1,1,1,1,0,0,0,80000,0,811,0,9,Travel,Digital,1,1,1,0,0,1,0,0,100.0,16.67,85.71,0.0,33.33,0.0,0.0,75.0,40.0
CAD-CC-00623,Northern Dominion Bank North Low Interest Explorer Card,Northern Dominion Bank,Bank,Low Interest,American Express,2015,Active,20,0,12000,708,2.5,3.0,9.29,11.62,Hybrid Rewards,0.6,Cashback Dollars,0,0,0,0,0,0,0,0,0,0,0,0,0,0,0,0,0,0,0,0,0,0,0,0,0,0,0,0,0,0,0,0,0,0,1,0,1,0,0,1,0,0,0,0,0,0,0,0,0,0,0,0,0,3,Digital,Cashback,1,1,0,0,0,0,0,0,0.0,0.0,14.29,0.0,0.0,0.0,40.0,50.0,0.0
CAD-CC-00624,Northern Lights CU North Sustainability Advantage Card,Northern Lights CU,Credit Union,Sustainability,Mastercard,2020,Active,49,0,30000,649,2.5,3.0,21.81,25.28,Hybrid Rewards,1.92,Flexible Points,0,1,0,0,0,0,1,0,0,1,0,0,0,1,1,0,0,0,0,1,0,0,0,0,0,0,0,0,0,0,0,0,0,0,0,0,0,0,0,0,0,0,0,0,1,0,1,1,1,10000,0,67,0,0,Sustainability,Cashback,1,1,1,0,0,0,0,0,11.11,50.0,14.29,8.33,33.33,100.0,0.0,75.0,0.0
CAD-CC-00625,FlexiCard Digital Signature Cashback Rewards Card,FlexiCard Digital,Fintech,Cashback,Mastercard,2022,Active,0,29,60000,701,2.5,4.0,20.17,22.39,Cashback,1.74,Cashback Dollars,1,0,0,1,0,0,1,1,0,0,0,0,0,0,1,0,0,0,0,0,0,0,0,0,0,0,0,0,0,0,0,0,0,0,0,0,0,0,0,1,1,1,1,1,1,0,0,0,0,0,150,150,0,3,Digital,Cashback,1,1,1,0,0,0,0,0,0.0,50.0,85.71,0.0,22.22,25.0,0.0,75.0,0.0
CAD-CC-00626,Prairie National Bank Select Rewards Essentials Card,Prairie National Bank,Bank,Rewards,Visa,2021,Active,89,0,30000,719,2.5,2.0,22.5,25.56,Hybrid Rewards,1.39,Flexible Points,0,0,1,0,0,0,0,0,0,0,0,0,0,1,0,0,0,0,1,0,0,0,0,0,0,0,0,1,0,0,0,0,0,0,0,0,0,0,0,1,1,1,1,0,0,0,0,0,0,10000,0,75,1,9,Digital,Cashback,1,1,1,0,0,0,0,0,11.11,16.67,57.14,8.33,11.11,0.0,0.0,75.0,0.0
CAD-CC-00627,Northern Dominion Bank Signature Rewards Explorer Card,Northern Dominion Bank,Bank,Rewards,Mastercard,2019,Active,99,0,60000,653,2.5,3.0,21.57,22.94,Flexible Points,0.9,Cashback Dollars,0,0,1,0,0,0,1,0,0,0,0,0,1,0,0,0,0,0,0,0,0,0,0,0,0,0,0,0,0,0,0,0,0,0,0,1,0,0,0,0,1,1,1,0,1,0,1,0,0,25000,0,215,0,3,Digital,Sustainability,1,1,1,0,0,0,0,0,0.0,16.67,57.14,0.0,22.22,25.0,20.0,75.0,0.0
CAD-CC-00628,ShopNorth Thrive Rewards World Card,ShopNorth,Retail Partner,Rewards,American Express,2022,Active,0,0,60000,717,2.0,4.0,22.28,24.38,Hybrid Rewards,1.14,Flexible Points,0,0,1,0,0,0,1,1,0,1,0,0,0,1,0,0,0,0,0,0,0,0,0,0,0,0,0,0,0,0,1,0,0,0,1,1,1,0,0,1,0,0,1,0,1,0,0,0,0,10000,0,65,0,12,Cashback,Lifestyle,0,0,0,0,0,0,0,0,11.11,66.67,42.86,0.0,44.44,0.0,60.0,0.0,0.0
CAD-CC-00629,Capital Crown Bank Momentum Rewards Explorer Card,Capital Crown Bank,Bank,Rewards,American Express,2026,Active,0,0,0,687,2.0,2.0,22.64,24.79,Cashback,2.13,Flexible Points,0,0,1,0,0,0,1,0,0,0,0,0,0,1,0,0,0,0,0,0,0,0,0,0,0,0,0,0,0,0,0,0,0,0,0,0,0,0,0,1,0,1,0,1,0,0,0,0,0,0,150,150,0,0,Cashback,Digital,1,1,0,1,0,0,0,0,0.0,33.33,42.86,0.0,22.22,0.0,0.0,75.0,0.0
CAD-CC-00630,MapleTrust Bank Aurora Rewards Infinite Card,MapleTrust Bank,Bank,Rewards,American Express,2015,Active,99,50,30000,675,3.0,3.5,20.32,22.86,Hybrid Rewards,1.27,Flexible Points,1,0,1,0,0,0,0,1,0,0,0,0,1,1,0,0,0,0,0,0,0,0,0,0,0,0,0,0,0,0,0,0,0,0,0,0,0,1,0,0,0,0,0,0,1,0,0,0,0,25000,0,212,0,6,Cashback,Lifestyle,1,1,0,0,0,0,0,0,0.0,50.0,14.29,0.0,33.33,0.0,20.0,50.0,0.0
CAD-CC-00631,Capital Crown Bank Maple Low Interest Explorer Card,Capital Crown Bank,Bank,Low Interest,Mastercard,2025,Active,59,0,12000,730,2.5,4.0,10.52,12.21,Statement Credits,0.39,Cashback Dollars,1,1,0,0,1,0,0,0,0,0,0,0,0,0,0,0,0,0,1,0,0,0,0,0,0,0,0,0,0,1,0,0,0,0,1,0,1,0,0,1,1,0,0,0,1,1,0,0,0,0,75,75,0,0,Digital,Travel,1,1,0,0,0,0,0,0,22.22,16.67,57.14,16.67,0.0,0.0,40.0,50.0,0.0
CAD-CC-00632,Harbour Financial Flex Cashback Essentials Card,Harbour Financial,Bank,Cashback,Visa,2024,Active,0,0,80000,644,2.0,3.0,22.49,24.95,Cashback,1.99,Cashback Dollars,1,0,0,1,0,1,0,1,0,0,0,0,0,1,0,0,0,0,0,0,0,0,0,0,0,0,0,0,0,0,0,0,0,0,0,0,0,0,0,0,0,1,1,1,0,0,0,0,0,0,150,150,0,0,Cashback,Digital,1,1,1,1,0,0,0,0,0.0,50.0,42.86,8.33,22.22,0.0,0.0,100.0,0.0
CAD-CC-00633,Northern Dominion Bank Prime Low Interest Card,Northern Dominion Bank,Bank,Low Interest,Visa,2026,Active,0,20,30000,662,2.5,4.0,13.01,15.74,Statement Credits,0.7,Cashback Dollars,1,0,0,1,0,0,0,0,0,1,0,0,0,1,0,0,0,0,0,0,0,0,0,0,0,0,0,0,0,0,0,0,0,0,1,0,0,0,0,1,1,1,1,1,1,0,0,0,0,0,25,25,1,6,Digital,Cashback,1,1,0,0,0,0,0,0,0.0,50.0,85.71,0.0,22.22,0.0,20.0,50.0,0.0
CAD-CC-00634,MapleAir Select Travel Advantage Card,MapleAir,Airline Partner,Travel,Visa,2019,Active,120,50,80000,693,0.0,3.5,22.16,24.64,Travel Points,2.39,Travel Points,0,1,1,0,0,0,0,0,0,1,0,0,0,0,0,0,0,0,0,0,0,0,0,0,0,0,0,0,1,0,0,1,0,0,0,0,0,0,0,1,0,1,1,0,0,0,0,0,0,15000,0,102,0,0,Digital,Travel,1,1,0,0,0,1,0,0,33.33,16.67,42.86,0.0,11.11,0.0,0.0,50.0,20.0
CAD-CC-00635,Laurentian Maple Bank Aurora Privilege Travel Preferred Card,Laurentian Maple Bank,Bank,Premium Travel,Mastercard,2026,Active,599,149,100000,766,0.0,4.0,20.49,22.16,Travel Points,2.64,Loyalty Miles,0,1,1,1,0,0,0,1,0,0,0,0,0,0,0,0,0,0,1,0,1,0,0,0,1,0,1,1,1,1,1,1,1,1,0,0,1,0,0,1,1,1,0,0,0,0,0,0,0,70000,0,831,0,9,Travel,Digital,1,1,0,0,0,1,0,1,100.0,16.67,42.86,25.0,11.11,0.0,20.0,50.0,60.0
CAD-CC-00637,UrbanCart Platinum Lifestyle Rewards Preferred Card,UrbanCart,Retail Partner,Lifestyle Rewards,American Express,2022,Active,39,29,60000,680,2.5,3.5,22.02,23.37,Hybrid Rewards,2.45,Travel Points,0,0,0,0,0,1,0,0,0,0,1,0,1,1,0,0,0,0,0,1,0,0,1,0,0,0,0,1,0,0,0,0,0,0,1,1,0,0,0,0,1,1,0,0,1,0,0,0,0,10000,0,78,0,0,Lifestyle,Digital,1,1,0,0,0,0,0,0,11.11,16.67,42.86,25.0,33.33,0.0,40.0,50.0,0.0
CAD-CC-00638,MapleMart Edge Cashback Plus Card,MapleMart,Retail Partner,Cashback,American Express,2018,Retired,99,29,80000,719,2.5,2.0,22.95,24.42,Cashback,1.46,Cashback Dollars,1,0,0,0,0,0,1,1,0,1,0,0,0,0,0,0,0,0,0,0,0,0,0,0,0,0,0,0,0,0,0,0,0,0,0,1,1,0,0,1,1,0,0,1,0,0,1,0,0,0,150,150,0,6,Cashback,Digital,0,1,0,0,0,0,0,0,0.0,66.67,42.86,0.0,33.33,25.0,40.0,25.0,0.0
CAD-CC-00639,HotelMaple Group Platinum Privilege Travel Plus Card,HotelMaple Group,Travel Partner,Premium Travel,Mastercard,2017,Active,499,149,80000,722,2.5,3.5,20.57,23.34,Travel Points,2.93,Travel Points,0,1,1,0,1,0,0,1,0,0,0,0,1,1,0,0,0,0,1,0,0,0,0,0,0,0,1,1,1,1,0,0,0,1,1,0,0,0,0,1,1,0,0,0,0,0,0,0,0,80000,0,874,0,3,Travel,Lifestyle,1,1,0,0,1,1,1,0,66.67,33.33,28.57,16.67,33.33,0.0,20.0,50.0,80.0
CAD-CC-00640,Harbour Financial Prime Sustainability Rewards Card,Harbour Financial,Bank,Sustainability,Mastercard,2021,Active,0,0,0,748,2.5,3.5,21.42,23.68,Flexible Points,1.02,Flexible Points,1,0,1,0,0,0,0,0,0,1,0,0,0,1,1,0,0,0,0,0,0,0,0,0,0,0,0,0,0,0,1,0,0,1,0,0,0,0,0,0,1,0,0,1,0,0,1,0,1,15000,0,97,0,9,Business,Sustainability,1,1,0,0,0,0,0,0,22.22,50.0,28.57,0.0,22.22,75.0,0.0,50.0,0.0
CAD-CC-00641,Northern Lights CU Voyage Student Essentials Card,Northern Lights CU,Credit Union,Student,American Express,2015,Active,0,10,0,589,2.0,2.0,22.33,25.59,Hybrid Rewards,1.21,Flexible Points,1,0,1,0,1,0,1,0,0,0,1,0,0,0,0,1,0,1,0,0,1,0,0,0,0,1,0,0,0,0,0,0,0,0,1,1,1,0,1,0,0,1,0,0,1,0,0,0,0,0,75,75,0,6,Student,Business,0,1,0,1,0,0,0,0,0.0,33.33,28.57,33.33,22.22,0.0,80.0,50.0,0.0
CAD-CC-00642,Capital Crown Bank Maple Student Explorer Card,Capital Crown Bank,Bank,Student,Visa,2016,Active,25,10,5000,607,3.0,4.0,22.06,25.44,Flexible Points,1.88,Cashback Dollars,0,0,0,0,0,0,1,0,0,0,0,0,0,1,0,1,0,1,1,0,0,0,0,0,0,0,0,0,0,0,0,0,0,0,1,0,0,0,1,0,1,1,0,0,1,1,0,0,0,0,50,50,0,0,Student,Digital,1,1,0,1,0,0,0,0,0.0,33.33,57.14,16.67,22.22,0.0,40.0,75.0,0.0
CAD-CC-00643,TrailStay Rewards Thrive Privilege Travel Rewards Card,TrailStay Rewards,Travel Partner,Premium Travel,Visa,2025,Active,499,149,100000,737,0.0,2.0,21.99,23.68,Flexible Points,2.01,Travel Points,1,1,1,0,1,0,0,0,0,1,1,0,0,0,0,0,0,0,0,0,0,0,0,0,0,0,1,1,0,1,1,1,1,0,0,0,0,0,0,0,1,1,1,1,0,0,1,0,0,60000,0,846,0,9,Travel,Digital,0,1,0,0,1,1,0,1,77.78,33.33,57.14,8.33,22.22,25.0,0.0,25.0,80.0
CAD-CC-00645,Atlantic Community CU Momentum Low Interest Plus Card,Atlantic Community CU,Credit Union,Low Interest,Mastercard,2024,Active,59,20,12000,686,2.5,4.0,10.08,13.3,Cashback,0.31,Cashback Dollars,1,0,1,0,0,0,0,0,0,0,0,0,0,0,0,0,0,0,0,0,0,0,1,0,0,0,0,0,0,0,0,0,0,0,1,1,1,0,1,1,1,0,1,1,0,0,1,0,0,0,50,50,1,0,Digital,Sustainability,1,1,1,0,0,0,0,0,0.0,16.67,57.14,8.33,0.0,25.0,80.0,75.0,0.0
CAD-CC-00646,Laurentian Maple Bank Elevate Low Interest Advantage Card,Laurentian Maple Bank,Bank,Low Interest,American Express,2020,Active,20,20,30000,718,2.5,3.0,12.49,13.91,Cashback,0.33,Cashback Dollars,0,0,0,1,0,0,0,0,0,0,0,0,0,0,0,0,0,0,0,0,0,0,0,0,0,0,0,0,1,0,0,0,0,0,0,0,1,0,0,0,0,1,0,0,1,0,0,0,0,0,50,50,0,6,Digital,Travel,0,1,0,0,0,0,0,0,11.11,0.0,28.57,0.0,0.0,0.0,20.0,25.0,0.0
CAD-CC-00647,MapleAir Elevate Privilege Travel Card,MapleAir,Airline Partner,Premium Travel,Visa,2022,Active,499,149,80000,799,0.0,3.0,22.64,24.93,Travel Points,2.01,Travel Points,0,1,1,0,0,0,0,1,0,1,1,0,1,0,0,0,0,0,0,0,0,0,1,0,0,0,1,1,1,1,1,1,1,1,0,0,1,1,1,1,0,1,1,1,0,0,1,0,0,70000,0,781,0,0,Travel,Lifestyle,1,1,0,1,1,0,1,1,100.0,33.33,57.14,8.33,44.44,25.0,60.0,75.0,80.0
CAD-CC-00648,MapleTrust Bank Signature Travel Card,MapleTrust Bank,Bank,Travel,Mastercard,2025,Active,89,0,15000,725,2.5,2.0,22.56,24.88,Travel Points,2.09,Travel Points,0,1,1,0,0,0,0,1,0,1,1,0,0,0,0,0,0,0,0,0,0,0,0,0,0,0,0,0,1,1,1,0,1,1,1,0,1,1,0,0,0,0,1,0,0,0,0,0,0,30000,0,193,0,12,Travel,Lifestyle,1,1,0,1,1,0,0,0,66.67,33.33,14.29,0.0,33.33,0.0,60.0,75.0,20.0
CAD-CC-00649,Capital Crown Bank Select Digital First Infinite Card,Capital Crown Bank,Bank,Digital First,Mastercard,2021,Active,0,15,0,645,2.5,4.0,22.16,24.7,Cashback,1.37,Flexible Points,1,1,0,0,0,1,0,0,0,1,0,0,0,0,0,0,1,1,0,1,0,1,0,0,1,0,0,0,0,1,0,0,0,0,1,0,0,0,0,1,1,1,1,1,1,1,0,0,0,0,50,50,0,12,Digital,Subscription,1,1,1,0,0,0,0,0,22.22,33.33,100.0,50.0,22.22,0.0,20.0,75.0,0.0
CAD-CC-00651,ShopNorth Maple Rewards Preferred Card,ShopNorth,Retail Partner,Rewards,Mastercard,2025,Active,0,0,0,687,0.0,3.5,21.11,22.67,Flexible Points,2.3,Flexible Points,1,0,1,0,0,0,0,0,0,0,0,0,0,1,0,0,0,0,0,0,0,0,0,0,0,0,0,0,0,0,0,1,0,0,0,0,1,0,0,1,1,1,1,1,0,0,0,0,0,15000,0,118,0,0,Digital,Cashback,1,1,1,0,0,0,0,0,11.11,33.33,71.43,0.0,11.11,0.0,20.0,75.0,0.0
CAD-CC-00652,NeoMaple Financial Momentum Cashback Card,NeoMaple Financial,Fintech,Cashback,Mastercard,2022,Active,89,0,30000,623,2.5,3.0,22.04,24.3,Cashback,1.84,Cashback Dollars,1,0,1,0,0,0,1,1,1,0,0,0,0,0,0,0,0,0,0,1,0,0,0,0,0,0,0,0,0,0,0,0,0,0,1,1,1,0,0,1,1,1,1,1,1,1,0,1,0,0,200,200,0,6,Digital,Cashback,1,1,0,0,0,0,0,0,0.0,66.67,100.0,8.33,33.33,25.0,60.0,50.0,0.0
CAD-CC-00653,MapleMart Signature Rewards World Card,MapleMart,Retail Partner,Rewards,Mastercard,2021,Active,89,29,60000,634,2.0,4.0,20.11,21.76,Flexible Points,2.25,Cashback Dollars,1,0,1,0,0,0,1,0,0,0,0,0,0,0,0,0,0,0,0,0,0,0,0,0,0,0,0,0,1,0,0,0,0,1,0,1,1,0,0,1,0,0,0,0,1,0,0,0,0,15000,0,124,1,0,Cashback,Digital,0,1,0,1,0,0,0,0,22.22,33.33,28.57,0.0,11.11,0.0,40.0,50.0,0.0
CAD-CC-00654,Laurentian Maple Bank Edge Digital First Infinite Card,Laurentian Maple Bank,Bank,Digital First,Visa,2018,Active,0,0,0,681,0.0,3.0,21.89,23.45,Flexible Points,1.23,Cashback Dollars,0,1,0,0,1,1,0,0,1,0,0,0,1,1,0,0,0,0,0,0,1,0,0,0,0,0,1,0,0,0,0,1,0,0,1,1,1,1,1,1,1,1,1,0,1,1,0,0,0,15000,0,112,0,0,Digital,Lifestyle,1,1,0,1,0,0,0,0,33.33,33.33,85.71,25.0,33.33,0.0,100.0,75.0,20.0
CAD-CC-00655,Laurentian Maple Bank Summit Student Plus Card,Laurentian Maple Bank,Bank,Student,Mastercard,2016,Active,0,15,0,672,2.5,4.0,20.61,21.99,Flexible Points,1.43,Flexible Points,1,0,0,0,0,0,1,0,0,0,0,0,0,0,0,1,0,0,0,0,0,0,0,0,0,0,0,1,0,0,0,0,0,0,0,0,1,1,1,0,1,0,1,1,0,0,0,0,0,0,25,25,1,0,Student,Digital,1,1,1,0,0,0,0,0,11.11,33.33,42.86,0.0,11.11,0.0,60.0,75.0,0.0
CAD-CC-00656,Maple Leaf Credit Union Thrive Cashback World Card,Maple Leaf Credit Union,Credit Union,Cashback,Visa,2021,Active,120,0,15000,698,2.0,3.0,21.72,24.96,Cashback,2.7,Cashback Dollars,1,0,0,1,1,0,1,1,1,0,0,0,0,1,0,0,0,0,0,0,0,0,0,0,0,0,0,1,0,0,0,0,0,1,0,0,1,0,0,1,0,1,0,0,0,0,0,0,0,0,200,200,1,0,Cashback,Lifestyle,1,1,0,1,1,1,0,0,22.22,83.33,28.57,8.33,44.44,0.0,20.0,75.0,40.0
CAD-CC-00657,Prairie National Bank Select Low Interest Infinite Card,Prairie National Bank,Bank,Low Interest,Visa,2023,Active,59,10,15000,620,2.5,4.0,11.02,13.09,Statement Credits,1.14,Cashback Dollars,1,0,0,0,0,0,1,1,0,0,0,0,0,0,0,0,0,0,0,0,0,0,0,0,0,1,0,0,0,0,0,0,0,0,0,0,1,0,1,1,0,1,0,0,0,0,0,0,0,0,75,75,0,0,Business,Cashback,1,0,0,0,0,0,0,0,0.0,50.0,28.57,8.33,22.22,0.0,40.0,25.0,0.0
CAD-CC-00658,TrueNorth Bank Everyday Rewards Infinite Card,TrueNorth Bank,Bank,Rewards,Mastercard,2015,Active,0,0,60000,623,0.0,3.5,22.66,24.28,Hybrid Rewards,1.72,Cashback Dollars,0,0,1,0,0,1,1,0,0,0,0,0,0,0,0,0,0,0,0,0,0,0,0,0,0,0,0,0,0,0,0,1,0,1,1,1,1,0,0,1,1,1,1,1,0,0,0,0,0,15000,0,105,0,3,Digital,Cashback,1,1,1,1,0,0,0,0,22.22,16.67,71.43,8.33,11.11,0.0,60.0,100.0,0.0
CAD-CC-00659,HomeBase Canada Aurora Cashback Rewards Card,HomeBase Canada,Retail Partner,Cashback,Mastercard,2017,Active,39,29,30000,648,0.0,4.0,21.65,23.38,Cashback,1.99,Cashback Dollars,1,0,0,0,0,0,0,1,1,0,0,0,0,0,0,0,0,0,0,0,0,0,0,0,0,0,0,0,0,0,0,1,0,0,0,0,0,0,0,1,1,0,0,0,1,0,0,0,0,0,150,150,1,0,Cashback,Digital,0,0,1,1,0,0,0,0,11.11,50.0,42.86,0.0,22.22,0.0,0.0,50.0,0.0
CAD-CC-00660,VoyagePlus Platinum Privilege Travel Explorer Card,VoyagePlus,Travel Partner,Premium Travel,Visa,2026,Active,499,199,100000,809,0.0,3.5,21.87,24.48,Flexible Points,1.0,Travel Points,0,1,1,0,0,0,0,1,0,1,0,0,1,0,1,0,0,0,0,0,0,0,0,0,1,0,1,1,1,1,1,1,1,1,0,0,1,0,0,0,1,0,1,0,1,0,0,0,0,80000,0,872,0,0,Travel,Lifestyle,1,1,0,0,1,1,1,1,100.0,33.33,42.86,8.33,33.33,25.0,20.0,50.0,100.0
CAD-CC-00661,TrueNorth Bank Thrive Low Interest World Card,TrueNorth Bank,Bank,Low Interest,Mastercard,2016,Active,29,0,15000,701,2.5,3.0,9.02,12.43,Hybrid Rewards,0.95,Cashback Dollars,0,0,1,0,0,0,1,0,1,0,0,0,0,0,0,0,0,0,0,0,0,0,0,0,0,0,0,0,0,0,0,0,1,0,0,1,1,1,0,1,1,1,0,0,0,0,0,0,0,0,0,0,0,12,Digital,Cashback,1,0,0,0,0,0,0,0,11.11,33.33,42.86,0.0,22.22,0.0,60.0,25.0,0.0
CAD-CC-00662,PayWave Canada Prime Subscription Rewards Advantage Card,PayWave Canada,Fintech,Subscription Rewards,American Express,2016,Active,0,30,15000,734,2.5,3.0,21.43,23.95,Statement Credits,1.58,Cashback Dollars,0,1,0,0,1,1,0,0,0,0,0,0,0,1,0,0,0,1,0,1,0,1,1,0,0,1,0,0,0,1,0,0,0,0,0,0,1,0,0,1,1,1,0,1,1,0,1,1,0,10000,0,72,1,12,Digital,Subscription,1,0,0,1,0,0,0,0,22.22,16.67,71.43,58.33,22.22,50.0,20.0,50.0,0.0
CAD-CC-00663,PayWave Canada Maple Cashback World Card,PayWave Canada,Fintech,Cashback,American Express,2017,Active,99,29,30000,737,2.5,2.0,22.9,25.25,Cashback,0.87,Cashback Dollars,1,0,0,0,0,0,1,0,1,0,0,0,0,0,0,0,0,0,0,0,0,0,0,0,0,0,0,0,0,0,0,0,0,0,1,0,1,0,0,1,1,1,1,1,1,0,1,0,0,0,150,150,1,0,Digital,Cashback,1,1,0,0,0,0,0,0,0.0,50.0,85.71,0.0,22.22,25.0,40.0,50.0,0.0
CAD-CC-00664,GlobePass Canada Thrive Travel Advantage Card,GlobePass Canada,Travel Partner,Travel,Mastercard,2026,Active,0,50,60000,669,2.0,3.5,22.72,24.65,Flexible Points,1.83,Travel Points,0,1,1,0,0,0,0,0,0,0,0,0,0,0,1,0,0,0,0,0,0,0,0,0,0,0,0,1,1,1,0,0,0,0,1,0,1,1,0,1,1,0,0,1,0,0,0,0,0,40000,0,348,0,3,Travel,Digital,1,1,0,1,0,0,1,0,44.44,0.0,42.86,0.0,0.0,25.0,60.0,75.0,20.0
CAD-CC-00665,BrightSpend North Digital First Plus Card,BrightSpend,Fintech,Digital First,Mastercard,2015,Active,0,0,60000,744,2.5,3.5,20.32,21.66,Flexible Points,1.92,Cashback Dollars,0,0,0,0,1,1,0,0,0,1,0,0,0,1,0,0,0,0,0,0,0,1,1,1,1,0,0,0,0,0,0,0,0,0,0,0,0,1,0,1,1,1,1,0,1,1,0,1,0,15000,0,94,1,9,Digital,Subscription,1,0,1,0,0,0,0,0,0.0,33.33,85.71,50.0,33.33,25.0,20.0,50.0,0.0
CAD-CC-00666,CanadaJet Rewards Select Privilege Travel Preferred Card,CanadaJet Rewards,Airline Partner,Premium Travel,Visa,2022,Active,699,149,150000,753,0.0,3.5,22.48,24.66,Travel Points,2.42,Travel Points,0,1,1,0,0,0,0,1,0,0,0,0,1,1,0,0,0,0,0,0,0,0,0,0,0,0,1,1,1,1,0,1,1,1,0,0,0,0,0,0,1,0,1,0,0,0,0,0,0,60000,0,760,0,9,Travel,Lifestyle,1,0,1,1,1,1,0,1,88.89,33.33,28.57,0.0,33.33,0.0,0.0,75.0,80.0
CAD-CC-00667,TrueNorth Bank Maple Low Interest Rewards Card,TrueNorth Bank,Bank,Low Interest,Mastercard,2018,Active,20,0,15000,674,2.5,2.0,13.74,16.97,Hybrid Rewards,0.51,Cashback Dollars,0,0,0,0,0,0,1,0,0,0,0,0,0,0,0,0,0,0,0,0,0,0,0,0,0,0,0,0,0,0,1,0,0,0,1,1,1,0,1,0,0,0,1,1,0,0,0,0,1,0,25,25,0,6,Digital,Sustainability,0,0,0,0,0,0,0,0,11.11,16.67,28.57,0.0,11.11,25.0,80.0,0.0,0.0
CAD-CC-00668,TrueNorth Bank Select Cashback Essentials Card,TrueNorth Bank,Bank,Cashback,Visa,2023,Active,99,0,0,749,2.5,3.0,21.37,23.79,Cashback,0.89,Cashback Dollars,1,1,1,0,0,0,0,0,1,0,0,0,0,0,0,0,0,0,0,0,0,0,0,0,0,0,0,0,0,0,0,0,0,0,0,1,0,0,0,0,1,0,0,0,1,0,0,0,0,0,100,100,1,0,Cashback,Digital,1,1,0,0,0,0,0,0,11.11,33.33,28.57,0.0,11.11,0.0,20.0,50.0,0.0
CAD-CC-00669,Laurentian Maple Bank North Privilege Travel Rewards Card,Laurentian Maple Bank,Bank,Premium Travel,Mastercard,2019,Active,599,199,150000,809,2.5,3.0,20.77,23.79,Travel Points,2.88,Travel Points,1,1,1,0,0,0,1,0,0,1,1,0,1,1,0,0,0,0,0,0,0,0,0,0,0,1,1,1,0,1,1,0,1,1,1,1,1,0,0,1,0,1,1,0,0,0,0,1,0,60000,0,600,0,9,Travel,Lifestyle,1,1,0,0,0,1,1,0,77.78,66.67,42.86,8.33,55.56,25.0,60.0,50.0,60.0
CAD-CC-00670,CanadaJet Rewards Signature Travel Explorer Card,CanadaJet Rewards,Airline Partner,Travel,Mastercard,2019,Active,89,0,30000,692,0.0,3.0,20.36,23.51,Travel Points,1.73,Travel Points,0,1,1,0,0,0,0,0,1,0,0,0,0,1,0,0,0,0,0,0,0,0,0,0,0,0,0,1,1,0,1,1,0,1,1,0,0,0,0,1,0,1,1,1,1,0,0,0,0,15000,0,141,0,9,Digital,Travel,1,1,0,0,0,0,0,0,66.67,33.33,71.43,0.0,22.22,0.0,20.0,50.0,0.0
CAD-CC-00671,MapleTrust Bank Platinum Digital First Plus Card,MapleTrust Bank,Bank,Digital First,American Express,2021,Active,49,15,30000,655,2.5,4.0,21.8,22.81,Hybrid Rewards,0.9,Flexible Points,1,1,0,0,0,0,0,0,0,0,0,0,0,1,0,0,0,0,0,1,0,0,0,0,0,1,0,0,1,0,0,0,1,0,1,0,1,0,1,1,1,1,1,1,1,1,0,0,0,25000,0,158,0,9,Business,Digital,0,1,1,0,0,0,0,0,33.33,33.33,100.0,16.67,11.11,0.0,60.0,50.0,0.0
CAD-CC-00672,Atlantic Community CU Momentum Rewards Essentials Card,Atlantic Community CU,Credit Union,Rewards,Mastercard,2020,Active,120,29,15000,754,2.5,2.0,21.43,22.82,Flexible Points,0.84,Cashback Dollars,1,0,1,0,0,0,0,1,0,0,0,0,1,1,0,0,0,0,0,0,0,0,0,0,0,0,0,0,0,0,0,0,0,0,0,0,1,0,0,0,1,1,0,0,0,0,0,0,0,0,50,50,1,12,Cashback,Lifestyle,1,1,0,1,0,0,0,0,0.0,50.0,28.57,0.0,33.33,0.0,20.0,75.0,0.0
CAD-CC-00673,MapleTrust Bank Edge Privilege Travel Explorer Card,MapleTrust Bank,Bank,Premium Travel,Mastercard,2023,Retired,399,149,80000,780,0.0,4.0,20.97,22.67,Flexible Points,1.7,Travel Points,0,1,1,0,0,0,1,0,0,1,0,0,0,0,0,0,0,0,0,0,0,0,0,0,0,0,0,1,1,1,1,1,1,1,1,1,0,0,0,0,0,0,1,1,0,0,1,0,0,80000,0,693,0,0,Travel,Digital,0,1,0,0,1,1,1,0,88.89,33.33,28.57,0.0,22.22,25.0,40.0,25.0,60.0
CAD-CC-00674,Northern Dominion Bank Momentum Privilege Travel Plus Card,Northern Dominion Bank,Bank,Premium Travel,Visa,2017,Active,399,99,80000,733,0.0,3.0,20.67,23.86,Travel Points,2.74,Loyalty Miles,0,1,1,0,0,0,0,0,0,0,1,0,0,0,0,0,0,0,0,0,0,0,0,0,0,0,1,1,1,1,1,1,1,1,0,0,0,0,0,0,1,0,0,0,0,0,0,0,0,70000,0,820,0,0,Travel,Lifestyle,1,1,0,0,1,1,0,0,100.0,0.0,14.29,0.0,11.11,0.0,0.0,50.0,60.0
CAD-CC-00675,PayWave Canada Everyday Student Advantage Card,PayWave Canada,Fintech,Student,American Express,2026,Active,0,15,5000,586,2.5,2.0,20.81,22.73,Hybrid Rewards,1.02,Flexible Points,0,1,0,0,0,0,0,1,0,0,0,0,0,0,0,1,0,0,0,0,0,0,1,1,0,1,0,1,0,0,0,0,0,0,1,1,1,1,0,0,1,1,0,1,1,1,0,0,1,0,0,0,0,9,Student,Digital,0,1,0,0,0,0,0,0,22.22,16.67,71.43,25.0,11.11,25.0,80.0,25.0,0.0
CAD-CC-00676,CanadaJet Rewards Summit Privilege Travel Card,CanadaJet Rewards,Airline Partner,Premium Travel,Mastercard,2026,Active,499,175,60000,778,0.0,4.0,22.35,23.97,Travel Points,2.57,Loyalty Miles,0,1,1,0,0,0,0,0,0,0,0,0,1,0,0,0,0,0,0,1,1,0,0,0,0,1,1,1,1,1,0,1,1,1,0,0,0,0,0,0,1,1,0,0,0,0,0,0,0,70000,0,766,0,0,Travel,Digital,1,1,0,0,1,0,0,1,88.89,0.0,28.57,25.0,11.11,0.0,0.0,50.0,60.0
CAD-CC-00677,MapleMart Summit Cashback Infinite Card,MapleMart,Retail Partner,Cashback,Visa,2017,Active,89,50,60000,665,3.0,4.0,20.67,23.44,Cashback,1.06,Cashback Dollars,1,0,0,1,0,0,1,1,1,0,0,0,0,0,0,0,0,0,0,0,0,0,0,0,0,0,0,0,0,0,0,0,0,0,1,1,1,1,0,0,0,0,1,0,0,0,0,0,0,0,50,50,1,0,Cashback,Lifestyle,1,1,1,1,0,0,0,0,0.0,66.67,14.29,0.0,33.33,0.0,80.0,100.0,0.0
CAD-CC-00678,FlexiCard Digital Flex Cashback Essentials Card,FlexiCard Digital,Fintech,Cashback,Visa,2020,Active,120,0,30000,737,2.5,4.0,20.77,22.13,Cashback,2.96,Cashback Dollars,1,0,0,1,1,0,1,1,1,1,1,0,0,0,0,0,0,0,0,0,0,0,0,0,0,0,0,0,0,0,0,0,0,0,0,0,0,1,0,1,1,1,1,1,1,1,0,0,0,0,100,100,0,0,Digital,Cashback,1,1,1,1,0,0,0,0,0.0,83.33,100.0,8.33,55.56,0.0,20.0,100.0,0.0
CAD-CC-00679,Atlantic Community CU Summit Cashback Advantage Card,Atlantic Community CU,Credit Union,Cashback,Mastercard,2016,Active,39,29,30000,647,2.5,3.5,22.24,24.53,Cashback,2.51,Cashback Dollars,1,0,0,1,0,0,0,1,0,0,0,0,0,1,0,0,0,0,0,0,0,0,0,0,0,0,0,0,0,0,0,0,0,0,0,0,1,0,0,1,0,1,0,1,1,0,0,0,0,0,50,50,1,9,Cashback,Digital,1,1,0,0,0,0,0,0,0.0,50.0,57.14,0.0,22.22,0.0,20.0,50.0,0.0
CAD-CC-00680,Laurentian Maple Bank Flex Balance Transfer World Card,Laurentian Maple Bank,Bank,Balance Transfer,Visa,2025,Active,29,0,15000,718,2.5,3.0,14.12,15.68,Cashback,1.19,Cashback Dollars,1,0,0,0,0,0,1,0,0,0,0,1,0,0,0,0,0,0,0,0,0,0,0,0,0,0,0,0,0,0,0,0,0,0,1,0,0,1,0,0,1,0,1,1,0,0,0,0,0,15000,0,108,0,0,Digital,Cashback,1,1,1,1,0,0,0,0,0.0,33.33,42.86,0.0,22.22,0.0,40.0,100.0,0.0
CAD-CC-00681,Northern Lights CU Prime Balance Transfer Preferred Card,Northern Lights CU,Credit Union,Balance Transfer,American Express,2015,Active,59,0,30000,666,2.5,1.0,16.03,17.13,Statement Credits,1.19,Cashback Dollars,0,0,0,0,0,0,0,0,0,0,0,0,0,0,1,0,1,0,0,0,0,0,0,0,0,0,0,0,1,0,1,0,0,0,1,1,0,1,1,1,1,0,1,0,0,0,0,0,0,25000,0,197,1,0,Digital,Sustainability,0,1,0,1,0,0,0,0,22.22,0.0,42.86,8.33,0.0,25.0,80.0,50.0,0.0
CAD-CC-00682,PayWave Canada North Lifestyle Rewards Plus Card,PayWave Canada,Fintech,Lifestyle Rewards,Visa,2015,Active,89,0,15000,744,2.0,3.5,20.86,23.78,Hybrid Rewards,1.56,Flexible Points,0,0,1,0,0,0,0,1,0,0,1,0,1,1,0,0,0,0,1,0,0,0,0,1,0,1,0,0,0,1,0,0,0,0,0,1,0,0,0,1,1,1,1,1,1,1,0,1,0,10000,0,69,0,0,Digital,Lifestyle,0,1,1,1,0,0,0,0,11.11,33.33,100.0,25.0,44.44,25.0,20.0,75.0,0.0
CAD-CC-00683,Northern Lights CU Prime Balance Transfer Preferred Card,Northern Lights CU,Credit Union,Balance Transfer,American Express,2020,Active,29,20,30000,725,2.5,1.0,17.59,19.46,Cashback,0.65,Cashback Dollars,0,0,0,1,0,0,0,0,0,0,0,0,0,0,0,0,0,0,0,0,0,0,0,0,0,0,0,0,0,0,0,0,0,0,0,0,0,0,0,0,1,1,1,1,0,0,0,0,0,0,50,50,0,0,Digital,Cashback,1,0,0,0,0,0,0,0,0.0,0.0,57.14,0.0,0.0,0.0,0.0,25.0,0.0
CAD-CC-00684,NorthPay Labs Summit Digital First Preferred Card,NorthPay Labs,Fintech,Digital First,Visa,2020,Active,120,0,0,760,2.5,4.0,20.29,22.07,Flexible Points,1.11,Cashback Dollars,0,0,1,0,1,0,0,0,0,0,0,0,0,0,0,0,0,0,0,0,0,0,0,0,0,0,0,0,0,0,0,0,0,1,0,1,1,1,0,1,1,1,1,1,1,1,0,1,0,25000,0,185,1,0,Digital,Sustainability,1,1,0,0,1,0,0,0,11.11,0.0,100.0,8.33,0.0,25.0,60.0,50.0,20.0
CAD-CC-00686,UrbanCart Elevate Cashback Essentials Card,UrbanCart,Retail Partner,Cashback,Mastercard,2019,Active,89,0,60000,752,2.5,4.0,20.89,23.75,Cashback,1.17,Cashback Dollars,1,0,0,0,0,0,0,1,1,0,0,0,1,1,0,0,0,0,0,0,0,0,0,0,0,0,0,0,0,0,0,0,0,0,0,0,1,0,0,1,1,1,0,0,1,1,0,0,0,0,200,200,1,3,Cashback,Digital,1,1,1,0,0,0,0,0,0.0,66.67,71.43,0.0,44.44,0.0,20.0,75.0,0.0
CAD-CC-00687,Coastline Credit Union Signature Rewards Plus Card,Coastline Credit Union,Credit Union,Rewards,Visa,2026,Active,89,29,0,685,3.0,3.0,21.05,23.64,Flexible Points,2.22,Flexible Points,0,0,0,0,0,0,1,0,0,0,1,0,0,1,0,0,0,0,0,0,0,0,0,0,0,0,0,0,1,0,0,0,0,0,1,0,1,1,0,0,0,0,1,1,1,0,0,0,0,0,50,50,1,0,Cashback,Digital,1,1,0,1,0,0,0,0,11.11,33.33,42.86,0.0,33.33,0.0,60.0,75.0,0.0
CAD-CC-00688,Coastline Credit Union Edge Balance Transfer Explorer Card,Coastline Credit Union,Credit Union,Balance Transfer,Mastercard,2024,Active,0,0,12000,668,2.5,3.0,14.76,16.3,Statement Credits,0.33,Cashback Dollars,0,0,0,1,0,0,0,0,0,1,0,0,1,0,0,0,0,0,0,0,0,0,0,0,0,0,0,0,0,0,0,0,0,0,1,1,1,1,1,1,1,1,0,1,0,0,0,0,0,15000,0,105,1,3,Digital,Lifestyle,1,1,0,1,0,0,0,0,0.0,16.67,57.14,0.0,22.22,0.0,100.0,75.0,0.0
CAD-CC-00689,Maple Leaf Credit Union Everyday Cashback Infinite Card,Maple Leaf Credit Union,Credit Union,Cashback,Visa,2016,Active,39,0,15000,727,2.5,3.5,21.16,22.94,Cashback,1.68,Cashback Dollars,1,0,1,0,0,0,0,0,0,0,0,0,0,1,0,0,0,0,0,0,0,0,0,0,0,0,0,0,0,0,0,0,0,0,1,0,1,0,0,0,1,0,1,0,1,0,0,0,0,0,50,50,0,0,Digital,Cashback,1,1,0,0,0,0,0,0,0.0,33.33,42.86,0.0,11.11,0.0,40.0,50.0,0.0
CAD-CC-00690,Maple Leaf Credit Union Aurora Rewards Rewards Card,Maple Leaf Credit Union,Credit Union,Rewards,Mastercard,2023,Active,99,29,80000,711,2.5,3.0,22.64,23.7,Flexible Points,1.4,Flexible Points,0,0,0,0,0,0,0,0,0,1,0,0,0,1,0,0,0,0,0,0,0,0,0,0,1,0,0,0,0,0,0,0,0,0,0,0,0,0,0,1,1,1,1,1,1,0,0,0,1,25000,0,194,1,0,Digital,Lifestyle,1,0,0,0,0,0,0,0,0.0,33.33,85.71,8.33,22.22,25.0,0.0,25.0,0.0
CAD-CC-00691,HomeBase Canada Platinum Cashback Infinite Card,HomeBase Canada,Retail Partner,Cashback,Visa,2023,Active,39,0,60000,709,0.0,2.0,22.81,24.89,Cashback,1.68,Cashback Dollars,1,0,0,0,0,0,0,1,1,0,0,0,0,0,1,0,0,0,0,0,0,0,0,0,0,0,0,0,0,0,0,1,0,0,0,0,0,0,0,1,1,0,1,1,0,0,0,0,0,0,200,200,1,6,Cashback,Digital,1,1,0,1,0,0,0,0,11.11,50.0,57.14,0.0,22.22,25.0,0.0,75.0,0.0
CAD-CC-00692,MapleTrust Bank Flex Digital First Preferred Card,MapleTrust Bank,Bank,Digital First,Mastercard,2022,Active,0,0,15000,655,2.5,2.0,22.98,24.2,Cashback,1.24,Cashback Dollars,0,0,0,0,0,0,0,0,0,0,0,0,0,0,0,0,1,0,0,0,0,1,0,0,1,0,1,0,0,0,0,0,0,0,1,1,0,0,1,1,1,1,1,1,1,1,0,0,0,10000,0,80,0,6,Digital,Subscription,0,1,0,1,0,0,0,0,11.11,0.0,100.0,25.0,11.11,0.0,60.0,50.0,20.0
CAD-CC-00693,Harbour Financial Prime Cashback World Card,Harbour Financial,Bank,Cashback,American Express,2019,Active,0,50,0,732,2.5,3.5,21.96,23.53,Cashback,2.27,Cashback Dollars,1,0,0,0,0,0,0,1,0,0,0,0,0,0,0,0,0,0,0,0,1,0,0,0,0,0,0,0,0,1,0,0,0,0,1,0,1,0,1,1,0,1,1,0,1,0,0,0,0,0,50,50,0,0,Digital,Cashback,1,1,1,0,0,0,0,0,11.11,33.33,57.14,8.33,11.11,0.0,60.0,75.0,0.0
CAD-CC-00695,Polar Wings Voyage Travel Infinite Card,Polar Wings,Airline Partner,Travel,Mastercard,2022,Active,120,0,0,700,2.5,3.0,22.89,24.54,Travel Points,2.18,Travel Points,1,1,1,0,0,0,0,1,0,0,0,0,1,0,0,0,0,0,0,0,1,0,0,0,0,0,0,1,0,1,0,0,0,0,1,0,1,0,1,0,0,1,0,1,1,0,0,0,0,20000,0,135,0,9,Cashback,Digital,0,1,0,1,0,1,0,0,33.33,33.33,42.86,8.33,22.22,0.0,60.0,50.0,20.0
CAD-CC-00696,HotelMaple Group Aurora Travel Plus Card,HotelMaple Group,Travel Partner,Travel,Visa,2026,Active,89,0,60000,738,2.5,3.0,22.35,24.39,Travel Points,2.22,Loyalty Miles,0,1,1,0,0,1,0,1,0,0,1,0,1,0,1,0,0,0,0,0,0,0,0,1,0,0,0,0,1,1,0,0,1,0,0,0,0,0,0,1,1,1,1,0,0,0,0,0,0,20000,0,154,0,0,Digital,Lifestyle,1,1,0,0,0,0,0,0,44.44,16.67,57.14,16.67,33.33,25.0,0.0,50.0,0.0
CAD-CC-00697,NorthPay Labs Momentum Cashback Preferred Card,NorthPay Labs,Fintech,Cashback,Mastercard,2025,Active,99,0,60000,749,2.5,3.5,22.79,24.09,Cashback,2.03,Cashback Dollars,1,0,0,0,0,0,0,0,0,0,0,0,0,0,0,1,0,1,0,0,0,0,0,0,0,0,0,0,0,0,1,0,0,0,0,0,1,0,0,1,1,1,1,1,1,0,0,0,0,0,150,150,1,3,Student,Digital,1,1,0,0,0,0,0,0,11.11,16.67,85.71,8.33,0.0,0.0,20.0,50.0,0.0
CAD-CC-00698,TrueNorth Bank Flex Sustainability Plus Card,TrueNorth Bank,Bank,Sustainability,American Express,2022,Active,0,0,30000,670,2.5,4.0,22.93,26.31,Flexible Points,1.49,Cashback Dollars,0,0,0,1,0,0,0,0,0,0,0,0,0,0,1,0,0,0,0,0,0,0,0,0,0,0,0,1,1,0,0,0,1,0,0,0,1,0,0,1,0,1,0,0,0,0,1,1,1,10000,0,81,0,12,Sustainability,Travel,1,1,1,1,0,0,0,0,33.33,0.0,28.57,0.0,0.0,100.0,20.0,100.0,0.0
CAD-CC-00700,TrueNorth Bank Summit Rewards Card,TrueNorth Bank,Bank,Rewards,Visa,2018,Active,0,0,15000,714,2.5,3.5,21.86,23.19,Hybrid Rewards,2.21,Flexible Points,0,0,1,0,0,0,1,1,0,0,0,0,0,1,0,0,0,0,0,0,0,0,0,0,0,0,0,0,0,0,0,0,0,0,0,0,0,0,0,1,1,0,0,1,1,0,0,0,0,25000,0,171,0,12,Cashback,Digital,1,0,0,1,0,0,0,0,0.0,50.0,57.14,0.0,33.33,0.0,0.0,50.0,0.0
CAD-CC-00701,CanStyle Retail Momentum Cashback Rewards Card,CanStyle Retail,Retail Partner,Cashback,Visa,2015,Active,89,0,30000,662,2.5,4.0,21.2,24.68,Cashback,2.01,Cashback Dollars,1,0,0,0,0,0,1,0,0,0,0,0,0,1,0,0,1,0,0,0,0,0,0,0,0,0,0,0,0,0,1,0,0,0,0,0,0,0,0,0,0,1,1,1,0,0,1,0,0,0,200,200,1,12,Cashback,Digital,1,1,0,1,0,0,0,0,11.11,50.0,42.86,8.33,22.22,25.0,0.0,75.0,0.0
CAD-CC-00702,Capital Crown Bank Thrive Rewards Advantage Card,Capital Crown Bank,Bank,Rewards,Visa,2017,Active,0,29,0,643,2.5,3.0,22.48,23.68,Flexible Points,2.33,Travel Points,0,0,1,0,0,0,1,1,0,0,0,0,1,0,0,0,0,0,0,0,0,0,0,0,0,0,0,0,0,0,1,0,0,1,0,0,0,1,0,0,1,1,0,1,0,1,0,0,0,15000,0,106,0,6,Digital,Cashback,0,1,0,0,0,0,0,0,22.22,33.33,57.14,0.0,33.33,0.0,20.0,25.0,0.0
CAD-CC-00703,FreshBasket Everyday Subscription Rewards World Card,FreshBasket,Retail Partner,Subscription Rewards,Visa,2023,Active,120,0,30000,654,2.5,2.0,22.32,24.59,Statement Credits,1.31,Cashback Dollars,0,0,1,0,1,1,0,1,0,0,1,0,0,0,0,0,1,0,1,1,1,0,0,0,1,1,0,1,0,0,0,0,0,0,0,0,0,0,0,1,1,0,1,0,0,0,0,0,1,25000,0,162,0,6,Subscription,Digital,0,0,1,0,0,0,0,0,11.11,16.67,42.86,66.67,22.22,25.0,0.0,25.0,0.0
CAD-CC-00704,Capital Crown Bank Elevate Travel Preferred Card,Capital Crown Bank,Bank,Travel,Mastercard,2025,Active,120,0,60000,756,0.0,3.0,20.42,23.37,Travel Points,1.88,Travel Points,0,1,1,0,0,0,0,0,1,0,0,0,0,1,0,0,0,0,0,0,0,0,0,0,1,0,0,0,0,0,0,1,1,1,0,0,0,0,0,1,1,1,0,1,1,0,0,0,0,40000,0,257,0,6,Digital,Travel,1,1,1,0,0,0,0,0,44.44,33.33,71.43,8.33,22.22,0.0,0.0,75.0,0.0
CAD-CC-00705,HomeBase Canada Elevate Rewards Advantage Card,HomeBase Canada,Retail Partner,Rewards,American Express,2023,Active,89,0,30000,686,2.5,3.5,21.84,23.13,Flexible Points,2.05,Cashback Dollars,0,0,1,0,0,0,0,1,0,0,0,0,0,0,0,0,0,0,0,0,0,0,0,0,1,0,0,0,0,0,1,0,0,0,0,1,0,0,0,1,0,0,0,0,0,0,0,0,0,10000,0,93,0,0,Cashback,Lifestyle,1,1,0,0,0,0,0,0,11.11,16.67,14.29,8.33,11.11,0.0,20.0,50.0,0.0
CAD-CC-00708,Ontario Mutual CU Platinum Sustainability World Card,Ontario Mutual CU,Credit Union,Sustainability,Visa,2022,Active,0,30,30000,669,2.5,4.0,22.05,25.22,Flexible Points,1.15,Cashback Dollars,0,0,0,0,0,0,1,0,0,1,0,0,0,0,1,0,0,0,0,0,0,0,0,0,0,0,0,0,0,0,0,0,0,0,0,0,0,0,1,1,0,1,1,1,0,0,1,1,0,10000,0,76,0,9,Sustainability,Digital,1,1,1,0,0,0,0,0,0.0,33.33,57.14,0.0,22.22,75.0,20.0,75.0,0.0
CAD-CC-00709,HomeBase Canada Maple Rewards Infinite Card,HomeBase Canada,Retail Partner,Rewards,Mastercard,2015,Active,0,0,15000,653,2.5,2.0,22.14,25.03,Flexible Points,2.36,Travel Points,1,0,0,0,0,0,1,1,0,0,0,0,0,0,0,0,0,0,0,1,0,1,0,0,0,0,0,1,0,0,0,0,0,0,1,1,0,1,0,0,0,1,1,0,1,0,1,0,0,0,100,100,0,0,Cashback,Digital,1,1,0,0,0,0,0,0,11.11,50.0,42.86,16.67,33.33,25.0,60.0,50.0,0.0
CAD-CC-00710,GlobePass Canada Prime Privilege Travel Card,GlobePass Canada,Travel Partner,Premium Travel,Mastercard,2021,Active,599,99,80000,754,0.0,3.0,21.44,24.09,Flexible Points,1.4,Travel Points,0,1,1,0,0,0,1,0,0,1,0,0,0,0,0,0,0,0,0,0,0,1,0,0,0,0,1,1,1,1,1,1,1,1,1,0,0,0,0,1,0,1,0,1,0,0,0,0,0,50000,0,525,0,9,Travel,Business,1,1,0,0,1,1,1,1,100.0,33.33,42.86,8.33,33.33,0.0,20.0,50.0,100.0
CAD-CC-00711,Laurentian Maple Bank Aurora Digital First Advantage Card,Laurentian Maple Bank,Bank,Digital First,American Express,2019,Active,0,0,30000,672,3.0,3.5,20.05,22.95,Hybrid Rewards,0.93,Flexible Points,1,0,0,0,0,0,0,0,0,1,0,0,0,0,0,0,1,1,0,0,1,0,0,1,1,0,0,0,0,0,0,0,1,0,0,1,1,0,1,1,1,1,1,1,0,1,0,0,0,10000,0,66,1,6,Digital,Subscription,1,1,0,0,0,0,0,0,11.11,33.33,85.71,41.67,11.11,0.0,60.0,50.0,0.0
CAD-CC-00712,PocketCredit Select Subscription Rewards Essentials Card,PocketCredit,Fintech,Subscription Rewards,Mastercard,2022,Active,49,15,30000,630,0.0,2.0,21.88,23.58,Statement Credits,1.81,Cashback Dollars,0,0,0,0,1,1,1,0,0,0,0,1,1,0,0,0,1,1,1,0,1,1,1,0,1,1,0,0,1,0,0,1,0,0,0,0,0,0,0,1,1,1,1,1,1,0,0,1,0,10000,0,62,0,12,Digital,Subscription,1,1,0,0,0,0,0,0,22.22,16.67,85.71,83.33,44.44,25.0,0.0,50.0,0.0
CAD-CC-00713,TrueNorth Bank Flex Digital First Preferred Card,TrueNorth Bank,Bank,Digital First,Visa,2017,Active,0,0,30000,678,2.5,3.0,20.79,22.04,Flexible Points,0.76,Cashback Dollars,0,0,0,0,1,1,0,0,0,0,0,0,1,0,0,0,0,1,0,0,1,1,0,0,1,0,0,0,0,0,0,0,0,1,0,1,0,1,1,1,1,1,1,1,1,1,0,0,0,15000,0,98,0,9,Digital,Subscription,0,1,0,1,0,0,0,0,11.11,0.0,100.0,50.0,22.22,0.0,60.0,50.0,0.0
CAD-CC-00714,Air NorthStar Select Privilege Travel Advantage Card,Air NorthStar,Airline Partner,Premium Travel,Mastercard,2015,Active,499,149,60000,754,2.5,2.0,20.33,21.69,Travel Points,2.34,Flexible Points,0,1,1,0,0,0,0,1,0,0,1,0,1,0,0,1,0,0,0,0,0,0,0,0,0,0,1,1,1,1,1,0,1,1,0,0,0,0,0,0,1,0,0,1,0,0,0,0,0,80000,0,855,0,6,Student,Travel,1,1,0,0,1,1,1,1,88.89,16.67,28.57,0.0,33.33,0.0,0.0,50.0,100.0
CAD-CC-00715,TrueNorth Bank Select Privilege Travel Card,TrueNorth Bank,Bank,Premium Travel,Visa,2021,Active,499,99,100000,765,0.0,2.0,22.32,25.17,Travel Points,1.05,Travel Points,0,1,1,0,0,0,0,0,1,1,0,0,0,0,0,0,0,0,0,0,0,0,0,0,0,0,1,1,1,1,1,1,1,1,1,0,1,1,1,0,1,1,0,1,0,0,0,0,0,60000,0,742,1,0,Travel,Digital,1,1,0,1,1,1,0,0,100.0,33.33,42.86,0.0,22.22,0.0,80.0,75.0,60.0
CAD-CC-00716,VoyagePlus Elevate Travel World Card,VoyagePlus,Travel Partner,Travel,American Express,2020,Pilot,89,29,30000,759,2.5,3.0,20.1,23.01,Travel Points,1.99,Travel Points,0,1,1,0,0,0,1,0,0,0,1,0,1,1,0,0,0,0,0,0,0,0,0,0,0,0,0,0,0,1,1,0,1,0,1,0,1,0,0,0,1,0,0,0,1,0,0,0,0,20000,0,170,1,12,Lifestyle,Travel,1,1,0,1,0,0,0,0,44.44,33.33,28.57,0.0,44.44,0.0,40.0,75.0,0.0
CAD-CC-00717,Northern Dominion Bank Platinum Travel Essentials Card,Northern Dominion Bank,Bank,Travel,Mastercard,2017,Active,120,29,60000,742,0.0,3.5,21.1,23.47,Travel Points,2.19,Loyalty Miles,0,1,1,0,0,0,0,0,0,1,0,0,0,0,0,0,0,0,0,0,0,0,0,0,0,0,0,1,1,1,1,1,1,0,0,0,1,0,0,0,1,1,0,1,0,0,0,0,0,20000,0,191,1,0,Travel,Digital,1,1,0,1,0,0,0,0,77.78,16.67,42.86,0.0,11.11,0.0,20.0,75.0,0.0
CAD-CC-00718,NeoMaple Financial Aurora Sustainability World Card,NeoMaple Financial,Fintech,Sustainability,American Express,2022,Active,0,0,15000,700,2.5,3.0,21.0,22.41,Flexible Points,1.22,Flexible Points,0,0,0,0,0,1,1,0,0,0,0,1,0,1,1,0,0,0,0,0,0,0,0,0,0,0,0,0,0,0,0,0,0,0,0,0,1,0,1,1,1,0,0,1,0,0,1,1,1,15000,0,122,0,3,Sustainability,Digital,1,1,1,0,0,0,0,0,0.0,33.33,42.86,8.33,33.33,100.0,40.0,75.0,0.0
CAD-CC-00720,Capital Crown Bank Aurora Digital First Explorer Card,Capital Crown Bank,Bank,Digital First,Mastercard,2025,Active,0,0,0,670,2.5,4.0,20.99,22.98,Hybrid Rewards,0.92,Cashback Dollars,0,0,0,0,0,0,0,1,0,0,0,0,0,0,0,0,0,0,1,1,0,0,1,0,0,0,1,0,0,0,0,0,0,0,0,0,1,0,0,0,1,1,1,1,1,1,0,0,0,10000,0,80,0,3,Digital,Subscription,0,0,1,0,0,0,0,0,11.11,16.67,85.71,25.0,11.11,0.0,20.0,25.0,20.0
CAD-CC-00721,HomeBase Canada Signature Subscription Rewards Explorer Card,HomeBase Canada,Retail Partner,Subscription Rewards,Visa,2018,Active,0,15,0,636,2.5,4.0,21.67,24.56,Statement Credits,1.37,Cashback Dollars,0,0,1,0,1,1,0,1,1,0,0,1,0,0,0,0,1,0,0,1,0,0,1,1,1,0,0,0,1,0,0,0,0,0,0,0,0,0,0,1,1,1,1,1,0,1,0,0,0,25000,0,180,0,0,Digital,Subscription,1,1,0,1,0,0,0,0,11.11,33.33,85.71,58.33,33.33,0.0,0.0,75.0,0.0
CAD-CC-00722,Coastline Credit Union North Cashback Advantage Card,Coastline Credit Union,Credit Union,Cashback,Visa,2015,Active,120,0,30000,647,2.5,3.5,20.57,22.66,Cashback,2.41,Cashback Dollars,1,0,0,0,0,0,1,1,1,0,0,0,0,1,0,0,0,0,0,0,0,0,0,0,0,0,0,0,0,0,0,0,0,1,0,0,1,0,0,0,0,1,1,0,1,0,0,0,0,0,50,50,1,0,Cashback,Digital,1,1,0,0,0,0,0,0,11.11,83.33,42.86,0.0,44.44,0.0,20.0,50.0,0.0
CAD-CC-00723,Prairie National Bank Aurora Subscription Rewards Essentials Card,Prairie National Bank,Bank,Subscription Rewards,Visa,2023,Active,49,0,15000,757,2.5,2.0,22.82,24.58,Statement Credits,1.83,Cashback Dollars,0,0,1,0,1,1,0,0,0,0,0,0,0,0,0,0,0,0,1,0,0,1,0,1,1,1,0,1,0,0,0,0,1,0,0,1,0,0,0,0,0,0,1,1,0,0,0,0,0,10000,0,96,1,12,Subscription,Digital,1,1,0,0,0,0,0,0,22.22,0.0,28.57,58.33,11.11,0.0,20.0,50.0,0.0
CAD-CC-00724,HomeBase Canada Voyage Cashback Preferred Card,HomeBase Canada,Retail Partner,Cashback,American Express,2021,Active,99,29,30000,686,2.5,3.0,22.96,26.04,Cashback,1.0,Cashback Dollars,1,0,0,0,0,0,1,1,1,0,0,0,1,1,0,0,0,1,0,0,0,0,0,0,1,0,0,0,0,0,0,0,0,0,0,0,0,0,0,0,1,1,1,1,0,0,0,0,0,0,150,150,1,6,Cashback,Lifestyle,1,1,0,0,0,0,0,0,0.0,83.33,57.14,16.67,55.56,0.0,0.0,50.0,0.0
CAD-CC-00725,PayWave Canada Aurora Digital First Preferred Card,PayWave Canada,Fintech,Digital First,Visa,2024,Active,49,0,60000,688,2.5,2.0,22.09,23.8,Flexible Points,0.81,Cashback Dollars,0,0,0,0,0,1,0,0,1,0,0,0,0,0,0,0,1,1,0,0,0,1,0,0,0,0,0,1,0,0,0,0,0,0,1,0,1,0,0,1,1,1,1,1,1,1,0,1,0,0,50,50,1,6,Digital,Subscription,1,1,0,1,0,0,0,0,11.11,16.67,100.0,33.33,22.22,25.0,40.0,75.0,0.0
CAD-CC-00726,CanStyle Retail Maple Subscription Rewards Essentials Card,CanStyle Retail,Retail Partner,Subscription Rewards,Mastercard,2021,Retired,120,0,0,658,2.5,3.5,21.97,24.27,Statement Credits,1.15,Cashback Dollars,1,0,0,0,1,1,0,1,0,0,0,0,1,0,0,0,0,1,0,0,1,0,1,0,1,1,0,1,0,0,0,0,0,0,0,0,0,0,1,1,0,0,0,1,0,0,0,0,0,10000,0,70,0,0,Subscription,Cashback,0,1,0,0,0,0,1,0,11.11,33.33,28.57,58.33,22.22,0.0,20.0,25.0,20.0
CAD-CC-00727,TrueNorth Bank Everyday Rewards Advantage Card,TrueNorth Bank,Bank,Rewards,Visa,2016,Active,89,29,15000,731,2.0,4.0,21.89,25.09,Flexible Points,2.14,Flexible Points,1,0,1,0,0,0,0,0,0,0,0,0,0,0,0,0,1,0,0,0,0,1,0,0,0,0,0,0,0,0,0,0,0,1,1,0,1,0,0,1,0,1,0,1,0,0,1,0,0,10000,0,61,0,0,Digital,Sustainability,1,1,1,1,0,0,0,0,11.11,16.67,42.86,16.67,11.11,25.0,40.0,100.0,0.0
CAD-CC-00728,Prairie National Bank Flex Privilege Travel Preferred Card,Prairie National Bank,Bank,Premium Travel,Visa,2026,Active,599,149,150000,784,0.0,2.0,22.74,25.66,Travel Points,2.01,Flexible Points,0,1,1,0,0,0,0,1,0,1,1,1,0,0,0,0,0,0,0,0,0,0,0,0,0,0,1,1,1,1,1,1,0,1,0,0,0,0,0,1,1,1,1,1,0,1,0,0,0,60000,0,671,0,3,Travel,Digital,1,1,1,0,0,1,1,1,88.89,33.33,85.71,0.0,44.44,0.0,0.0,75.0,80.0
CAD-CC-00729,Northern Lights CU Flex Low Interest Preferred Card,Northern Lights CU,Credit Union,Low Interest,Visa,2025,Active,39,0,15000,688,2.5,3.0,11.5,14.1,Statement Credits,0.71,Cashback Dollars,0,0,0,1,0,0,0,0,0,0,0,0,0,0,0,0,0,0,0,0,0,0,0,0,0,0,0,0,0,1,0,0,1,0,1,0,0,1,1,1,0,1,1,0,0,0,0,0,0,0,0,0,0,6,Digital,Travel,0,1,0,0,0,0,0,0,22.22,0.0,42.86,0.0,0.0,0.0,60.0,25.0,0.0
CAD-CC-00730,Ontario Mutual CU Platinum Rewards Preferred Card,Ontario Mutual CU,Credit Union,Rewards,Mastercard,2023,Active,39,0,60000,726,2.0,3.0,21.27,23.68,Hybrid Rewards,1.77,Flexible Points,1,0,1,1,0,1,1,0,0,0,0,0,0,0,0,0,0,0,0,0,0,0,0,0,0,0,0,0,0,0,0,0,0,0,0,0,1,0,0,1,0,0,0,0,1,0,0,0,0,10000,0,76,0,12,Cashback,Digital,1,1,0,1,0,0,0,0,0.0,33.33,28.57,8.33,11.11,0.0,20.0,75.0,0.0
CAD-CC-00731,HomeBase Canada Elevate Cashback Plus Card,HomeBase Canada,Retail Partner,Cashback,Mastercard,2019,Active,0,0,30000,722,2.5,3.5,20.04,22.43,Cashback,1.84,Cashback Dollars,1,0,1,0,0,0,0,0,0,0,0,0,0,1,0,0,0,0,0,0,0,1,0,0,0,0,0,1,0,0,0,0,0,0,0,1,0,0,0,0,0,1,1,1,1,0,0,0,0,0,200,200,0,3,Digital,Cashback,0,1,1,0,0,0,0,0,11.11,33.33,57.14,8.33,22.22,0.0,20.0,50.0,0.0
CAD-CC-00732,NeoMaple Financial Maple Digital First Plus Card,NeoMaple Financial,Fintech,Digital First,Visa,2015,Active,89,50,60000,759,2.5,3.5,21.38,24.65,Cashback,1.85,Flexible Points,0,0,1,0,0,0,0,1,0,0,0,0,0,1,0,0,0,1,0,0,0,0,0,0,0,0,0,0,0,0,0,0,0,0,1,0,1,0,0,1,1,1,0,1,1,1,0,0,0,10000,0,62,0,0,Digital,Cashback,1,1,0,1,0,0,0,0,0.0,33.33,85.71,8.33,22.22,0.0,40.0,75.0,0.0
CAD-CC-00733,Northern Dominion Bank Select Low Interest Card,Northern Dominion Bank,Bank,Low Interest,Mastercard,2023,Active,29,0,12000,692,2.5,4.0,11.92,14.37,Statement Credits,0.54,Cashback Dollars,0,1,1,0,0,0,0,0,0,0,0,0,0,0,0,0,0,0,0,0,0,0,0,0,0,0,0,0,0,0,0,0,0,0,1,1,0,1,0,0,0,1,0,0,0,0,0,0,0,0,25,25,1,3,Digital,Travel,1,1,1,0,0,0,0,0,11.11,0.0,14.29,0.0,0.0,0.0,60.0,75.0,0.0
CAD-CC-00734,Prairie National Bank Platinum Balance Transfer Rewards Card,Prairie National Bank,Bank,Balance Transfer,American Express,2018,Active,39,20,15000,626,2.5,4.0,16.48,19.3,Statement Credits,0.71,Cashback Dollars,0,0,0,0,0,0,1,0,0,0,0,0,0,0,0,0,0,0,0,0,0,0,0,0,0,0,0,0,0,0,0,0,0,0,1,1,0,1,1,0,1,0,0,0,0,0,0,0,0,15000,0,115,1,0,Cashback,Digital,1,1,0,0,0,0,0,0,0.0,16.67,14.29,0.0,11.11,0.0,80.0,50.0,0.0
CAD-CC-00735,Northern Dominion Bank Voyage Digital First Explorer Card,Northern Dominion Bank,Bank,Digital First,Mastercard,2018,Active,0,0,15000,680,2.5,3.5,22.44,25.42,Cashback,1.27,Flexible Points,0,0,1,0,1,0,0,1,0,0,0,0,0,1,0,0,0,0,0,0,0,0,0,0,0,1,0,0,0,0,0,0,0,0,1,0,1,0,0,1,1,1,1,1,1,1,0,0,0,15000,0,134,0,9,Digital,Cashback,1,1,0,1,0,0,0,0,0.0,33.33,100.0,16.67,22.22,0.0,40.0,75.0,0.0
CAD-CC-00736,Coastline Credit Union North Low Interest Infinite Card,Coastline Credit Union,Credit Union,Low Interest,Visa,2024,Active,0,0,15000,675,2.0,3.0,12.83,14.33,Statement Credits,0.91,Cashback Dollars,0,1,0,0,0,0,0,0,0,0,0,0,0,0,0,0,0,0,0,0,0,0,0,0,0,0,0,0,0,0,0,0,0,0,0,0,1,0,0,1,1,0,0,0,0,0,0,1,0,0,0,0,0,9,Digital,Sustainability,0,1,0,0,0,0,0,0,11.11,0.0,28.57,0.0,0.0,25.0,20.0,25.0,0.0
CAD-CC-00737,FreshBasket Maple Rewards Advantage Card,FreshBasket,Retail Partner,Rewards,Mastercard,2022,Active,0,0,30000,733,2.5,2.0,21.57,22.82,Hybrid Rewards,2.47,Travel Points,1,0,1,1,0,0,0,0,0,1,0,0,0,1,0,0,1,0,0,0,0,0,0,1,1,0,0,1,0,0,0,0,0,0,0,0,1,0,0,0,1,1,1,0,0,0,0,0,0,0,100,100,0,6,Cashback,Digital,1,1,0,0,0,0,0,0,11.11,50.0,42.86,25.0,22.22,0.0,20.0,50.0,0.0
CAD-CC-00738,Laurentian Maple Bank Thrive Student Preferred Card,Laurentian Maple Bank,Bank,Student,Visa,2022,Active,39,0,0,666,2.5,4.0,20.66,23.51,Flexible Points,1.75,Flexible Points,1,0,0,0,0,0,0,0,0,0,1,0,0,0,0,1,0,0,0,0,0,0,0,0,0,1,0,0,0,1,0,0,0,0,1,1,1,0,0,1,0,1,1,1,0,0,0,1,0,0,75,75,1,0,Student,Digital,1,1,1,1,0,0,0,0,11.11,16.67,57.14,8.33,11.11,25.0,60.0,100.0,0.0
CAD-CC-00739,Northern Lights CU Everyday Rewards Advantage Card,Northern Lights CU,Credit Union,Rewards,Visa,2023,Active,0,0,0,664,2.5,3.5,20.33,23.43,Flexible Points,1.14,Cashback Dollars,0,0,0,0,0,0,0,0,0,1,1,0,0,1,0,0,0,0,0,0,0,0,0,0,0,0,0,0,0,0,1,0,0,0,0,0,0,0,0,1,1,1,0,0,0,0,0,0,0,10000,0,84,0,0,Lifestyle,Digital,1,1,0,1,0,0,0,0,11.11,33.33,42.86,0.0,33.33,0.0,0.0,75.0,0.0
CAD-CC-00740,Laurentian Maple Bank Flex Student Card,Laurentian Maple Bank,Bank,Student,Mastercard,2024,Active,0,0,10000,659,2.5,4.0,21.33,22.89,Flexible Points,0.52,Cashback Dollars,0,0,0,1,0,0,0,0,0,0,0,0,0,0,0,1,0,0,0,0,0,1,0,0,0,0,0,0,0,0,0,0,1,0,1,1,1,0,0,0,1,1,0,0,0,0,0,0,0,0,25,25,0,9,Student,Digital,1,1,1,1,0,0,0,0,11.11,0.0,28.57,8.33,11.11,0.0,60.0,100.0,0.0
CAD-CC-00741,Prairie Community CU Elevate Rewards Preferred Card,Prairie Community CU,Credit Union,Rewards,American Express,2026,Active,99,0,60000,689,2.5,3.5,21.57,23.87,Flexible Points,1.19,Flexible Points,0,0,1,0,0,0,1,0,0,0,0,0,0,0,0,0,0,0,0,0,0,0,0,0,0,1,0,0,0,0,0,0,0,0,0,0,0,0,0,1,1,1,0,1,0,0,0,0,1,10000,0,69,0,0,Digital,Sustainability,1,1,0,0,0,0,0,0,0.0,16.67,57.14,8.33,11.11,25.0,0.0,50.0,0.0
CAD-CC-00742,MapleTrust Bank Aurora Cashback Explorer Card,MapleTrust Bank,Bank,Cashback,American Express,2025,Active,89,29,30000,755,2.5,2.0,22.89,25.5,Cashback,0.9,Cashback Dollars,1,1,0,1,0,0,1,0,1,0,0,0,0,1,0,0,0,0,0,0,0,0,0,0,0,0,0,0,0,0,0,0,0,1,1,0,0,0,0,0,1,1,0,0,0,0,0,0,0,0,100,100,1,0,Cashback,Digital,0,1,1,0,0,0,0,0,22.22,66.67,28.57,0.0,33.33,0.0,20.0,50.0,0.0
CAD-CC-00743,Coastline Credit Union Maple Cashback Rewards Card,Coastline Credit Union,Credit Union,Cashback,Mastercard,2023,Active,0,0,60000,734,2.5,2.0,21.6,23.93,Cashback,2.9,Cashback Dollars,1,0,0,1,0,0,1,1,1,0,0,0,0,1,0,0,0,0,0,0,0,0,0,0,0,0,0,0,0,0,0,0,0,0,0,0,0,1,1,1,1,0,1,0,1,0,0,0,0,0,50,50,0,0,Cashback,Digital,1,1,1,1,0,0,0,0,0.0,83.33,57.14,0.0,44.44,0.0,40.0,100.0,0.0
CAD-CC-00744,PayWave Canada Platinum Student Essentials Card,PayWave Canada,Fintech,Student,Mastercard,2025,Active,0,10,0,657,2.0,3.5,21.37,24.24,Cashback,0.66,Flexible Points,1,0,0,0,0,0,1,0,0,0,0,0,0,1,0,1,0,0,0,1,0,0,1,0,0,0,0,1,0,0,0,0,0,0,1,0,0,0,0,1,1,1,1,1,1,1,0,0,0,0,50,50,0,0,Digital,Student,1,1,0,0,0,0,0,0,11.11,50.0,100.0,16.67,22.22,0.0,20.0,50.0,0.0
CAD-CC-00745,Air NorthStar Summit Privilege Travel Card,Air NorthStar,Airline Partner,Premium Travel,American Express,2024,Active,599,149,100000,780,0.0,3.5,21.45,24.34,Travel Points,2.0,Travel Points,0,1,1,0,0,0,1,1,0,0,0,0,1,1,0,0,0,0,0,0,1,0,0,0,0,1,1,1,1,1,1,1,1,1,1,0,0,0,0,1,0,1,0,0,0,0,1,0,0,70000,0,963,0,12,Travel,Cashback,1,1,0,0,1,0,0,1,100.0,50.0,28.57,16.67,44.44,25.0,20.0,50.0,60.0
CAD-CC-00746,FreshBasket Platinum Cashback Plus Card,FreshBasket,Retail Partner,Cashback,Mastercard,2020,Active,99,29,60000,710,2.0,4.0,21.27,24.17,Cashback,2.35,Cashback Dollars,1,0,1,0,0,0,1,1,0,0,0,0,0,1,0,0,0,0,0,0,0,0,0,0,0,0,0,0,0,0,0,0,0,0,0,0,1,0,0,1,1,0,1,0,1,0,0,0,1,0,50,50,1,0,Cashback,Digital,1,1,1,1,0,0,0,0,0.0,66.67,57.14,0.0,33.33,25.0,20.0,100.0,0.0
CAD-CC-00747,Ontario Mutual CU Thrive Cashback Advantage Card,Ontario Mutual CU,Credit Union,Cashback,American Express,2023,Active,0,29,80000,650,2.5,4.0,20.4,23.88,Cashback,1.12,Cashback Dollars,1,0,0,1,0,0,0,1,1,0,0,0,0,0,0,0,0,0,0,0,0,0,0,0,0,1,0,0,0,0,0,0,0,0,1,1,0,0,0,1,0,1,0,0,0,0,1,0,0,0,150,150,0,0,Cashback,Digital,0,1,0,0,0,0,0,0,0.0,50.0,28.57,8.33,22.22,25.0,40.0,25.0,0.0
CAD-CC-00748,FlexiCard Digital Prime Sustainability Infinite Card,FlexiCard Digital,Fintech,Sustainability,Mastercard,2025,Active,0,50,30000,641,2.5,3.0,20.53,23.97,Hybrid Rewards,1.04,Flexible Points,0,0,0,0,0,0,0,1,1,0,0,1,0,0,1,0,0,0,0,0,0,0,0,0,0,0,0,1,0,0,1,0,0,0,0,0,1,0,0,1,1,1,1,1,1,0,1,1,0,25000,0,179,1,0,Digital,Sustainability,1,1,1,0,0,0,0,0,22.22,33.33,85.71,0.0,33.33,75.0,20.0,75.0,0.0
CAD-CC-00749,FlexiCard Digital Flex Balance Transfer Card,FlexiCard Digital,Fintech,Balance Transfer,Mastercard,2019,Pilot,0,0,12000,649,2.5,2.0,15.54,18.18,Statement Credits,0.46,Cashback Dollars,0,0,0,0,0,0,0,0,1,0,0,0,0,0,0,0,0,0,0,0,0,0,0,0,0,0,0,0,0,0,0,0,0,0,1,1,1,1,1,0,1,1,0,0,1,0,0,0,0,0,50,50,0,6,Digital,Cashback,1,1,0,0,0,0,0,0,0.0,16.67,42.86,0.0,11.11,0.0,100.0,50.0,0.0
CAD-CC-00750,Northern Lights CU Flex Balance Transfer Rewards Card,Northern Lights CU,Credit Union,Balance Transfer,American Express,2017,Active,29,0,15000,697,2.5,1.0,19.35,22.31,Hybrid Rewards,0.53,Cashback Dollars,0,0,1,1,0,1,0,0,0,0,0,1,0,0,0,0,0,0,0,0,0,0,0,0,0,0,0,0,0,0,0,0,0,0,1,0,1,0,0,1,0,1,0,1,0,0,0,0,0,0,150,150,0,9,Digital,Lifestyle,1,1,0,0,0,0,0,0,0.0,0.0,42.86,8.33,11.11,0.0,40.0,50.0,0.0
CAD-CC-00752,Northern Dominion Bank Thrive Travel Essentials Card,Northern Dominion Bank,Bank,Travel,Visa,2019,Active,89,29,60000,700,2.5,3.0,22.72,25.75,Travel Points,1.54,Travel Points,0,1,1,0,1,0,1,1,0,1,0,0,0,1,0,0,1,0,0,0,0,0,0,0,0,0,0,1,0,1,0,0,0,1,0,1,1,0,0,0,1,1,0,0,0,0,0,0,0,15000,0,105,0,0,Cashback,Lifestyle,0,1,0,1,1,1,1,0,44.44,66.67,28.57,16.67,44.44,0.0,40.0,50.0,60.0
CAD-CC-00753,FlexiCard Digital Aurora Cashback Infinite Card,FlexiCard Digital,Fintech,Cashback,American Express,2019,Active,99,0,60000,680,2.5,3.5,22.57,25.6,Cashback,1.16,Cashback Dollars,1,0,1,0,0,0,1,0,0,0,0,0,0,0,0,0,0,0,0,0,0,0,0,0,0,0,0,1,0,0,0,0,0,0,1,0,1,0,0,1,0,1,1,0,0,0,0,0,0,0,200,200,0,3,Digital,Cashback,1,1,1,1,0,0,0,0,11.11,33.33,42.86,0.0,11.11,0.0,40.0,100.0,0.0
CAD-CC-00754,MapleTrust Bank Everyday Subscription Rewards Advantage Card,MapleTrust Bank,Bank,Subscription Rewards,Visa,2022,Active,89,0,15000,757,2.5,4.0,20.44,23.76,Statement Credits,1.82,Cashback Dollars,0,1,0,0,1,1,0,0,0,0,0,0,1,0,0,0,1,0,0,1,1,1,1,0,0,0,0,0,0,0,0,0,0,0,0,0,0,0,0,1,1,0,0,1,0,0,0,0,0,25000,0,157,0,0,Subscription,Digital,1,1,1,0,0,0,0,0,11.11,0.0,42.86,58.33,22.22,0.0,0.0,75.0,0.0
CAD-CC-00755,Coastline Credit Union Edge Rewards Plus Card,Coastline Credit Union,Credit Union,Rewards,Visa,2016,Active,0,0,30000,653,2.5,3.0,21.82,23.13,Flexible Points,1.26,Travel Points,0,0,1,0,0,0,0,0,0,0,1,0,0,1,0,0,0,0,0,0,0,0,0,0,0,0,0,0,0,0,0,0,0,0,0,0,1,0,0,0,1,0,1,0,0,0,0,0,0,25000,0,163,1,0,Lifestyle,Digital,1,0,0,0,0,0,0,0,0.0,16.67,28.57,0.0,22.22,0.0,20.0,25.0,0.0
CAD-CC-00756,Harbour Financial Select Balance Transfer Rewards Card,Harbour Financial,Bank,Balance Transfer,Visa,2016,Active,0,0,15000,656,2.0,3.0,18.13,20.86,Cashback,0.67,Cashback Dollars,1,0,1,0,0,0,1,0,1,0,1,0,0,0,0,0,0,0,0,0,0,0,0,0,0,0,0,0,0,0,0,0,0,0,1,0,1,0,1,1,0,1,0,1,1,0,0,0,0,15000,0,119,0,0,Cashback,Digital,1,1,1,1,0,0,0,0,0.0,50.0,57.14,0.0,33.33,0.0,60.0,100.0,0.0
CAD-CC-00757,FreshBasket Platinum Cashback World Card,FreshBasket,Retail Partner,Cashback,Visa,2015,Active,89,0,80000,712,2.0,4.0,20.5,23.52,Cashback,2.14,Cashback Dollars,1,0,0,1,0,0,0,1,0,0,0,0,0,1,0,0,0,0,0,0,0,0,0,0,0,0,0,0,0,0,0,0,0,0,0,0,0,0,0,1,1,1,1,1,0,0,0,0,0,0,100,100,1,12,Digital,Cashback,1,1,1,0,0,0,0,0,0.0,50.0,71.43,0.0,22.22,0.0,0.0,75.0,0.0
CAD-CC-00758,Prairie Community CU Signature Cashback Explorer Card,Prairie Community CU,Credit Union,Cashback,Visa,2019,Active,89,29,60000,637,2.5,3.0,22.32,23.69,Cashback,1.06,Cashback Dollars,1,0,1,0,0,1,1,1,0,0,0,0,0,1,1,0,0,0,0,1,0,0,0,0,0,0,0,0,0,0,0,0,0,0,0,1,1,0,0,0,0,1,1,0,0,0,0,0,0,0,150,150,1,6,Cashback,Lifestyle,1,1,0,0,0,0,0,0,0.0,66.67,28.57,16.67,33.33,25.0,40.0,50.0,0.0
CAD-CC-00759,Laurentian Maple Bank Prime Privilege Travel Preferred Card,Laurentian Maple Bank,Bank,Premium Travel,Visa,2016,Active,499,149,80000,812,2.5,3.5,20.71,23.92,Travel Points,3.14,Travel Points,0,1,1,0,0,0,0,1,0,1,1,0,0,0,0,0,0,0,0,0,0,0,0,0,0,1,1,0,1,1,1,0,1,1,1,1,1,1,0,0,1,1,1,0,1,0,0,0,0,70000,0,916,0,0,Business,Travel,1,1,0,1,1,1,0,0,77.78,33.33,57.14,8.33,33.33,0.0,80.0,75.0,60.0
CAD-CC-00761,UrbanCart Edge Cashback Advantage Card,UrbanCart,Retail Partner,Cashback,American Express,2019,Retired,39,0,60000,682,2.5,4.0,20.46,22.36,Cashback,1.87,Cashback Dollars,1,0,1,0,0,0,0,1,0,0,0,0,0,1,1,0,0,0,0,1,0,0,0,0,0,0,0,0,0,0,0,0,0,0,0,1,0,0,0,1,1,1,1,0,0,1,0,0,0,0,200,200,0,6,Digital,Cashback,1,1,1,1,0,0,0,0,0.0,50.0,71.43,8.33,22.22,25.0,20.0,100.0,0.0
CAD-CC-00762,MapleTrust Bank Flex Sustainability Explorer Card,MapleTrust Bank,Bank,Sustainability,Mastercard,2015,Active,0,0,0,739,2.5,4.0,21.44,24.59,Cashback,1.03,Cashback Dollars,0,0,0,0,0,0,0,0,0,1,0,0,0,1,1,0,0,0,0,0,0,0,0,0,0,0,0,0,0,1,0,0,0,0,0,1,1,0,0,1,1,0,0,0,0,0,1,1,1,0,50,50,0,3,Sustainability,Lifestyle,1,1,1,0,0,0,0,0,11.11,33.33,28.57,0.0,22.22,100.0,40.0,75.0,0.0
CAD-CC-00763,PayWave Canada Select Cashback Plus Card,PayWave Canada,Fintech,Cashback,Mastercard,2017,Active,89,0,80000,663,2.0,3.0,21.44,24.31,Cashback,2.89,Cashback Dollars,1,1,0,1,0,0,0,0,1,0,1,0,0,0,0,0,0,0,0,0,0,0,0,0,0,0,0,0,0,0,0,0,0,0,0,1,1,0,0,1,1,0,1,1,1,0,0,0,0,0,200,200,1,0,Digital,Cashback,1,0,0,1,0,0,0,0,11.11,33.33,71.43,0.0,22.22,0.0,40.0,50.0,0.0
CAD-CC-00764,UrbanCart Select Rewards Preferred Card,UrbanCart,Retail Partner,Rewards,Visa,2026,Active,99,0,30000,654,2.0,4.0,21.13,24.33,Flexible Points,2.39,Cashback Dollars,1,0,1,0,0,0,0,1,0,0,0,0,1,0,0,0,0,0,0,0,0,0,0,0,0,0,0,1,1,0,0,0,0,0,0,1,1,0,1,1,0,1,0,1,0,0,0,0,1,15000,0,133,1,0,Cashback,Digital,0,0,1,0,0,0,0,0,22.22,33.33,42.86,0.0,22.22,25.0,60.0,25.0,0.0
CAD-CC-00765,Harbour Financial Voyage Cashback Essentials Card,Harbour Financial,Bank,Cashback,Visa,2016,Active,89,29,30000,723,0.0,2.0,21.01,23.82,Cashback,1.44,Cashback Dollars,1,0,1,1,0,0,0,1,1,0,1,0,0,0,0,0,0,0,0,0,0,0,0,0,0,0,0,0,0,0,0,1,0,0,0,1,1,0,0,0,0,1,1,0,0,0,1,0,0,0,100,100,1,0,Cashback,Lifestyle,1,1,0,1,0,0,0,0,11.11,50.0,28.57,0.0,33.33,25.0,40.0,75.0,0.0
CAD-CC-00766,Northern Lights CU Thrive Low Interest Essentials Card,Northern Lights CU,Credit Union,Low Interest,Mastercard,2019,Active,20,0,30000,690,2.5,4.0,11.01,13.24,Statement Credits,0.72,Cashback Dollars,0,0,0,0,0,0,0,0,0,0,0,0,0,0,0,0,0,1,0,0,0,0,0,0,0,0,0,0,0,0,0,0,0,1,0,0,1,1,1,0,0,1,1,0,0,0,0,0,0,0,0,0,0,6,Digital,Travel,1,1,1,0,0,0,0,0,11.11,0.0,28.57,8.33,0.0,0.0,60.0,75.0,0.0
CAD-CC-00767,Prairie National Bank Aurora Low Interest Essentials Card,Prairie National Bank,Bank,Low Interest,American Express,2017,Active,29,0,12000,638,2.5,4.0,10.0,12.69,Cashback,0.68,Cashback Dollars,0,0,0,0,0,0,0,0,0,0,0,0,0,1,0,0,0,0,0,1,0,0,0,0,0,0,0,0,0,0,0,0,0,0,1,0,1,0,1,0,1,1,1,0,0,0,0,1,0,0,25,25,0,6,Digital,Sustainability,1,1,1,0,0,0,0,0,0.0,16.67,42.86,8.33,11.11,25.0,60.0,75.0,0.0
CAD-CC-00768,Prairie Community CU Prime Low Interest Essentials Card,Prairie Community CU,Credit Union,Low Interest,Visa,2018,Active,29,20,15000,688,2.5,3.5,9.03,12.24,Statement Credits,0.52,Cashback Dollars,1,1,1,0,0,0,0,0,0,0,0,0,0,0,0,0,0,0,0,0,0,0,0,0,0,0,0,0,0,0,0,0,0,0,1,1,1,1,0,0,1,1,0,0,0,0,0,0,0,0,0,0,1,0,Business,Digital,0,1,1,1,0,0,0,0,11.11,16.67,28.57,0.0,0.0,0.0,80.0,75.0,0.0
CAD-CC-00769,Harbour Financial Summit Privilege Travel World Card,Harbour Financial,Bank,Premium Travel,Mastercard,2026,Pilot,599,149,60000,742,0.0,2.0,20.29,22.64,Flexible Points,3.25,Travel Points,1,1,1,0,0,0,0,1,1,0,1,0,0,1,0,0,0,0,0,0,0,0,0,0,0,0,1,1,0,1,1,1,1,0,0,0,1,0,0,1,1,0,1,0,0,0,0,0,0,60000,0,635,1,12,Cashback,Travel,1,1,0,0,1,1,1,0,77.78,66.67,42.86,0.0,44.44,0.0,20.0,50.0,80.0
CAD-CC-00770,MapleMart Elevate Subscription Rewards Essentials Card,MapleMart,Retail Partner,Subscription Rewards,Mastercard,2016,Active,0,0,30000,750,2.5,2.0,22.83,24.64,Statement Credits,1.88,Cashback Dollars,0,0,0,0,1,1,0,0,0,0,0,0,0,0,0,0,1,1,1,0,1,1,1,1,0,0,0,1,0,0,0,0,0,0,0,0,0,0,0,1,1,0,0,0,0,0,0,0,0,25000,0,161,0,3,Subscription,Digital,1,0,0,0,0,0,0,0,11.11,0.0,28.57,75.0,11.11,0.0,0.0,25.0,0.0
CAD-CC-00771,VoyagePlus Prime Privilege Travel Infinite Card,VoyagePlus,Travel Partner,Premium Travel,American Express,2026,Active,499,175,80000,753,1.5,2.0,22.84,24.55,Flexible Points,3.1,Travel Points,0,1,1,0,0,0,0,1,0,0,1,0,0,0,0,0,0,0,0,0,0,0,0,0,0,0,1,1,1,1,1,0,1,1,1,0,0,0,0,1,1,1,1,0,0,1,1,0,0,60000,0,742,0,0,Travel,Digital,0,1,0,0,1,1,1,1,88.89,16.67,71.43,0.0,22.22,25.0,20.0,25.0,100.0
CAD-CC-00772,Laurentian Maple Bank Everyday Balance Transfer Advantage Card,Laurentian Maple Bank,Bank,Balance Transfer,Visa,2021,Active,39,0,0,653,2.5,1.0,19.38,21.31,Hybrid Rewards,0.58,Cashback Dollars,1,0,0,1,0,0,0,0,0,0,1,0,0,1,0,0,0,0,0,0,0,0,0,0,0,0,0,0,0,0,0,0,0,0,0,0,1,0,0,1,1,1,1,1,0,0,1,0,0,10000,0,80,1,3,Digital,Cashback,1,1,0,1,0,0,0,0,0.0,33.33,71.43,0.0,22.22,25.0,20.0,75.0,0.0
CAD-CC-00773,CanStyle Retail North Rewards Card,CanStyle Retail,Retail Partner,Rewards,Visa,2021,Active,89,0,30000,666,2.5,2.0,22.77,25.07,Flexible Points,2.36,Cashback Dollars,1,1,0,0,0,0,1,1,0,0,0,0,0,0,0,0,0,0,0,0,0,0,0,0,0,0,0,0,0,0,1,0,1,0,0,0,0,0,0,1,0,1,0,1,0,0,0,0,0,0,50,50,1,0,Cashback,Digital,1,1,1,1,0,0,0,0,33.33,50.0,42.86,0.0,22.22,0.0,0.0,100.0,0.0
CAD-CC-00774,PayWave Canada Platinum Digital First Essentials Card,PayWave Canada,Fintech,Digital First,Mastercard,2024,Active,0,0,0,674,2.5,2.0,20.14,22.81,Flexible Points,1.83,Flexible Points,0,0,0,0,0,1,0,0,0,0,0,0,0,0,0,0,0,0,0,1,0,0,1,0,0,1,0,1,0,0,0,0,0,0,1,0,0,0,0,1,1,1,0,1,1,1,0,0,0,25000,0,160,0,0,Digital,Subscription,1,1,0,0,0,0,0,0,11.11,0.0,85.71,33.33,0.0,0.0,20.0,50.0,0.0
CAD-CC-00776,BrightSpend Everyday Student Preferred Card,BrightSpend,Fintech,Student,American Express,2018,Active,0,0,0,615,2.5,3.0,22.79,25.41,Flexible Points,1.04,Cashback Dollars,0,0,0,0,0,0,0,0,0,0,0,0,0,0,0,1,0,0,0,0,1,0,0,0,0,0,0,0,0,0,1,0,0,0,1,0,1,0,1,1,1,1,0,1,1,0,0,0,0,0,75,75,0,3,Student,Digital,1,1,0,1,0,0,0,0,11.11,0.0,71.43,8.33,0.0,0.0,60.0,75.0,0.0
CAD-CC-00777,Prairie Community CU Select Rewards Preferred Card,Prairie Community CU,Credit Union,Rewards,Visa,2022,Active,39,50,60000,707,2.5,2.0,22.99,25.36,Flexible Points,1.96,Flexible Points,0,0,1,1,0,0,1,0,1,0,0,0,0,1,1,0,0,0,0,0,0,0,0,0,0,0,0,0,0,0,0,0,0,0,1,0,0,0,0,1,0,1,1,1,0,0,0,0,0,0,50,50,0,0,Cashback,Digital,1,0,0,1,0,0,0,0,0.0,50.0,57.14,0.0,33.33,25.0,20.0,50.0,0.0
CAD-CC-00778,Ontario Mutual CU Select Cashback Advantage Card,Ontario Mutual CU,Credit Union,Cashback,Mastercard,2021,Active,39,29,60000,722,0.0,2.0,22.91,24.52,Cashback,1.27,Cashback Dollars,1,0,1,1,0,0,1,1,1,0,0,0,0,1,0,0,0,0,0,0,0,0,0,0,0,0,0,0,0,0,0,1,0,0,1,0,0,0,0,1,0,0,1,0,1,0,0,0,0,0,200,200,0,0,Cashback,Digital,1,1,0,0,0,0,0,0,11.11,83.33,42.86,0.0,44.44,0.0,20.0,50.0,0.0
CAD-CC-00779,NorthPay Labs Select Student World Card,NorthPay Labs,Fintech,Student,Mastercard,2025,Active,0,15,10000,627,0.0,4.0,21.22,22.34,Hybrid Rewards,0.57,Cashback Dollars,1,0,0,0,0,1,1,0,0,0,0,1,0,0,0,1,0,0,0,0,1,0,0,0,0,0,0,0,0,0,0,1,0,1,1,0,1,1,1,1,1,1,1,1,1,0,0,0,0,0,0,0,0,0,Student,Digital,1,1,0,0,0,0,0,0,22.22,33.33,85.71,16.67,22.22,0.0,80.0,50.0,0.0
CAD-CC-00780,FreshBasket Maple Cashback Plus Card,FreshBasket,Retail Partner,Cashback,Mastercard,2017,Active,0,0,60000,703,2.5,3.5,20.13,22.99,Cashback,0.93,Cashback Dollars,1,0,0,1,0,0,0,0,0,0,0,0,0,1,0,0,0,0,0,0,0,0,0,0,0,0,0,0,0,0,0,0,0,0,1,0,0,0,1,0,0,0,1,1,0,0,0,0,0,0,200,200,0,6,Cashback,Digital,1,1,0,0,0,0,0,0,0.0,33.33,28.57,0.0,11.11,0.0,40.0,50.0,0.0
CAD-CC-00781,BrightSpend Edge Digital First Plus Card,BrightSpend,Fintech,Digital First,Mastercard,2025,Active,120,0,30000,695,2.5,3.0,20.85,22.85,Cashback,1.62,Flexible Points,0,0,0,0,0,0,0,1,0,0,0,0,0,1,0,0,1,0,0,0,0,1,1,0,0,0,0,0,0,0,0,0,0,1,1,0,1,0,0,1,1,1,0,1,1,1,0,0,0,0,50,50,0,0,Digital,Cashback,0,0,1,0,0,1,0,0,11.11,33.33,85.71,25.0,33.33,0.0,40.0,25.0,20.0
CAD-CC-00782,Northern Lights CU Aurora Rewards Explorer Card,Northern Lights CU,Credit Union,Rewards,Visa,2024,Active,39,0,15000,638,2.5,3.5,21.1,23.26,Cashback,1.72,Flexible Points,0,0,1,0,0,0,1,0,0,0,0,0,0,0,0,0,0,0,0,0,0,0,0,0,0,0,0,0,0,0,0,0,0,0,1,0,0,1,0,0,1,1,0,1,0,0,0,1,0,15000,0,99,0,0,Digital,Sustainability,1,1,0,0,0,0,0,0,0.0,16.67,42.86,0.0,11.11,25.0,40.0,50.0,0.0
CAD-CC-00783,MapleMart Thrive Lifestyle Rewards Explorer Card,MapleMart,Retail Partner,Lifestyle Rewards,Mastercard,2021,Active,39,50,60000,648,3.0,3.5,22.49,23.49,Hybrid Rewards,1.25,Travel Points,1,0,1,0,0,0,0,1,1,0,1,0,1,1,0,0,0,1,1,0,0,0,0,0,0,1,0,0,0,0,0,0,0,0,0,0,0,0,1,1,0,1,1,0,0,0,0,0,0,10000,0,86,1,0,Cashback,Lifestyle,1,1,1,0,0,0,0,0,0.0,66.67,42.86,25.0,55.56,0.0,20.0,75.0,0.0
CAD-CC-00784,MapleMart Everyday Cashback Explorer Card,MapleMart,Retail Partner,Cashback,Visa,2018,Active,39,0,30000,658,2.5,3.0,21.2,23.88,Cashback,1.57,Cashback Dollars,1,1,0,0,0,0,1,1,1,0,0,0,0,1,0,0,0,0,0,0,0,0,0,0,0,0,0,0,0,0,0,0,0,0,0,0,0,1,1,1,1,0,1,1,0,0,0,0,0,0,200,200,0,3,Cashback,Digital,1,1,1,0,0,0,0,0,11.11,83.33,57.14,0.0,44.44,0.0,40.0,75.0,0.0
CAD-CC-00785,Capital Crown Bank Voyage Low Interest Rewards Card,Capital Crown Bank,Bank,Low Interest,Mastercard,2022,Active,29,0,12000,702,2.5,3.0,14.83,18.07,Cashback,0.33,Cashback Dollars,0,1,0,0,0,0,0,0,1,0,1,0,0,1,0,0,0,0,0,0,0,0,0,0,0,0,0,0,0,0,0,0,0,1,1,0,1,0,0,0,1,1,0,0,0,0,0,0,0,0,75,75,0,6,Cashback,Lifestyle,1,1,0,0,0,0,0,0,22.22,33.33,28.57,0.0,33.33,0.0,40.0,50.0,0.0
CAD-CC-00786,Prairie Community CU Platinum Student Advantage Card,Prairie Community CU,Credit Union,Student,Visa,2021,Active,0,0,0,597,0.0,3.0,22.4,25.3,Flexible Points,1.88,Flexible Points,1,0,0,0,0,0,1,0,0,0,0,0,0,0,0,1,1,0,0,0,0,0,0,1,1,1,0,0,0,0,0,1,0,0,1,1,1,0,0,1,0,1,0,0,0,0,0,0,1,0,50,50,0,6,Student,Cashback,1,0,1,1,0,0,0,0,11.11,33.33,28.57,33.33,11.11,25.0,60.0,75.0,0.0
CAD-CC-00787,Coastline Credit Union Summit Cashback Card,Coastline Credit Union,Credit Union,Cashback,Mastercard,2015,Active,89,50,80000,655,2.5,4.0,22.1,23.19,Cashback,2.37,Cashback Dollars,1,1,0,1,0,0,1,0,0,0,0,0,0,1,0,0,0,0,0,0,0,0,0,1,0,0,0,0,0,0,0,0,0,0,1,0,1,1,0,0,0,0,1,1,1,0,0,0,0,0,100,100,0,0,Cashback,Digital,1,1,0,0,0,0,0,0,11.11,50.0,42.86,8.33,22.22,0.0,60.0,50.0,0.0
CAD-CC-00788,Laurentian Maple Bank Flex Low Interest Rewards Card,Laurentian Maple Bank,Bank,Low Interest,Mastercard,2025,Active,29,0,15000,703,2.5,3.0,12.79,14.92,Cashback,0.56,Cashback Dollars,0,0,0,1,0,0,0,0,0,0,0,0,0,1,0,0,0,0,0,0,1,0,0,0,0,0,0,0,0,0,0,0,0,0,0,0,1,0,1,0,1,1,0,1,0,0,0,1,0,0,50,50,0,0,Digital,Sustainability,0,0,0,1,0,0,0,0,0.0,16.67,42.86,8.33,11.11,25.0,40.0,25.0,0.0
CAD-CC-00789,Maple Leaf Credit Union Everyday Travel World Card,Maple Leaf Credit Union,Credit Union,Travel,Mastercard,2026,Active,39,0,30000,695,0.0,3.0,22.61,24.7,Travel Points,1.59,Travel Points,0,1,1,0,0,0,0,0,0,0,1,0,0,0,0,0,0,0,0,0,0,0,0,0,0,0,0,0,0,1,1,1,1,1,0,0,1,1,1,1,1,1,1,0,0,0,0,0,0,40000,0,279,0,0,Travel,Digital,1,1,0,1,1,0,0,0,66.67,0.0,57.14,0.0,11.11,0.0,60.0,75.0,20.0
CAD-CC-00790,UrbanCart Edge Cashback Explorer Card,UrbanCart,Retail Partner,Cashback,Mastercard,2026,Active,0,0,30000,680,0.0,2.0,20.94,23.19,Cashback,1.54,Cashback Dollars,1,0,1,0,0,0,1,0,0,1,0,1,1,1,0,0,0,0,0,0,0,0,0,0,0,0,0,0,0,0,0,1,0,0,1,0,1,0,0,1,0,0,1,0,0,0,0,0,0,0,200,200,0,0,Business,Lifestyle,1,1,0,1,0,0,0,0,11.11,66.67,28.57,0.0,55.56,0.0,40.0,75.0,0.0
CAD-CC-00791,Harbour Financial Thrive Student Infinite Card,Harbour Financial,Bank,Student,American Express,2015,Retired,25,10,0,597,2.5,4.0,22.45,25.4,Cashback,0.94,Cashback Dollars,0,0,0,1,0,1,0,0,0,0,0,0,0,1,0,1,0,0,0,0,0,0,0,0,1,1,0,0,0,0,0,0,0,0,1,0,1,0,1,1,0,1,1,1,0,0,0,1,0,0,50,50,1,6,Student,Digital,0,1,1,1,0,0,0,0,0.0,16.67,57.14,25.0,11.11,25.0,60.0,75.0,0.0
CAD-CC-00792,NeoMaple Financial Flex Lifestyle Rewards Plus Card,NeoMaple Financial,Fintech,Lifestyle Rewards,Visa,2025,Active,39,0,15000,735,2.5,4.0,22.7,25.58,Flexible Points,1.33,Flexible Points,0,0,0,0,0,1,1,1,0,0,1,0,1,1,0,0,0,0,0,0,0,0,0,0,0,0,0,1,0,0,0,0,0,1,1,0,1,0,1,0,1,0,1,1,1,1,0,0,0,25000,0,230,1,0,Digital,Lifestyle,1,1,1,1,0,0,0,0,22.22,50.0,71.43,8.33,55.56,0.0,60.0,100.0,0.0
CAD-CC-00793,Maple Leaf Credit Union Edge Low Interest Preferred Card,Maple Leaf Credit Union,Credit Union,Low Interest,Visa,2022,Active,29,0,15000,681,2.0,3.5,14.66,16.11,Statement Credits,0.29,Cashback Dollars,0,0,0,0,0,0,0,1,1,0,0,1,0,0,0,0,0,0,0,0,0,0,0,0,0,0,0,0,0,0,0,0,0,0,1,1,1,0,0,1,1,0,0,0,0,0,0,0,0,0,25,25,0,6,Cashback,Lifestyle,1,1,1,0,0,0,0,0,0.0,33.33,28.57,0.0,33.33,0.0,60.0,75.0,0.0
CAD-CC-00795,Laurentian Maple Bank Select Rewards Explorer Card,Laurentian Maple Bank,Bank,Rewards,American Express,2021,Active,0,0,60000,695,2.5,2.0,21.07,23.56,Cashback,2.24,Flexible Points,0,0,1,0,0,0,0,0,0,1,0,0,1,0,0,0,0,0,0,0,0,0,0,0,0,0,0,1,0,0,0,0,0,0,1,0,0,0,0,1,0,0,1,0,0,0,0,0,0,25000,0,244,0,0,Lifestyle,Digital,1,1,0,1,0,0,0,0,11.11,16.67,28.57,0.0,22.22,0.0,20.0,75.0,0.0
CAD-CC-00796,MapleTrust Bank Thrive Low Interest Infinite Card,MapleTrust Bank,Bank,Low Interest,American Express,2016,Active,59,0,30000,669,2.5,2.0,12.74,15.48,Cashback,0.99,Cashback Dollars,0,0,0,0,0,0,0,1,0,0,0,0,0,0,0,0,0,0,0,0,0,0,0,0,0,0,0,0,0,0,0,0,1,0,0,1,1,1,1,1,0,1,0,0,1,0,0,0,0,0,25,25,0,6,Digital,Cashback,1,1,0,0,0,0,0,0,11.11,16.67,42.86,0.0,11.11,0.0,80.0,50.0,0.0
CAD-CC-00797,Polar Wings Summit Privilege Travel Plus Card,Polar Wings,Airline Partner,Premium Travel,Mastercard,2022,Active,499,149,80000,767,0.0,3.0,20.73,23.99,Travel Points,1.84,Flexible Points,0,1,1,0,0,0,0,0,0,1,0,0,0,0,0,0,0,0,0,0,0,0,0,0,1,0,1,1,1,1,1,1,1,1,0,1,1,0,0,1,1,1,1,0,1,0,0,0,0,90000,0,1082,0,0,Travel,Digital,1,1,1,1,0,1,0,1,100.0,16.67,71.43,8.33,11.11,0.0,40.0,100.0,60.0
CAD-CC-00798,Northern Lights CU Elevate Balance Transfer Essentials Card,Northern Lights CU,Credit Union,Balance Transfer,Visa,2025,Active,0,0,12000,669,2.5,3.0,15.95,19.44,Cashback,0.42,Cashback Dollars,0,0,0,0,0,0,0,0,0,0,0,0,0,0,0,0,0,0,0,0,0,0,0,0,0,0,0,0,0,0,0,0,0,0,0,0,1,0,1,0,0,0,1,0,1,1,0,1,0,10000,0,63,0,0,Digital,Sustainability,0,0,0,0,0,0,0,0,0.0,0.0,42.86,0.0,0.0,25.0,40.0,0.0,0.0
CAD-CC-00800,MapleAir Momentum Travel Explorer Card,MapleAir,Airline Partner,Travel,American Express,2019,Active,89,0,80000,728,0.0,4.0,22.8,25.12,Travel Points,1.87,Flexible Points,1,1,1,0,0,0,0,1,0,0,0,0,0,0,0,0,0,0,0,0,0,0,0,0,0,0,1,1,1,1,1,1,0,1,0,0,0,0,0,1,1,1,1,0,1,0,0,0,0,10000,0,79,1,0,Travel,Digital,1,1,0,0,0,0,0,0,88.89,33.33,71.43,0.0,11.11,0.0,0.0,50.0,20.0
CAD-CC-00801,PayWave Canada Thrive Balance Transfer Infinite Card,PayWave Canada,Fintech,Balance Transfer,Mastercard,2016,Active,59,0,30000,707,0.0,2.0,15.41,17.82,Statement Credits,1.02,Cashback Dollars,1,0,1,0,0,0,0,1,0,0,0,0,0,0,0,0,0,0,1,0,0,0,0,0,0,0,0,1,0,0,1,1,0,0,1,0,0,0,0,1,1,1,1,1,1,1,0,0,0,0,150,150,0,6,Digital,Cashback,1,1,0,0,0,0,0,0,33.33,33.33,100.0,8.33,11.11,0.0,20.0,50.0,0.0
CAD-CC-00802,Harbour Financial Signature Low Interest Explorer Card,Harbour Financial,Bank,Low Interest,Visa,2025,Active,59,20,30000,717,2.5,3.0,12.9,14.38,Statement Credits,0.76,Cashback Dollars,0,1,0,1,0,1,0,0,0,0,0,0,0,1,0,0,0,0,0,0,0,0,0,0,0,0,0,0,0,0,0,0,0,0,0,0,0,0,1,0,1,0,1,0,0,0,0,0,0,0,0,0,1,9,Digital,Cashback,1,1,0,1,0,0,0,0,11.11,16.67,28.57,8.33,11.11,0.0,20.0,75.0,0.0
CAD-CC-00803,TrueNorth Bank North Travel Infinite Card,TrueNorth Bank,Bank,Travel,Visa,2024,Active,89,50,15000,697,0.0,4.0,20.01,21.9,Travel Points,1.38,Travel Points,1,1,1,0,0,0,0,0,0,1,0,0,1,0,0,0,0,0,0,0,0,0,0,0,0,0,1,0,0,0,1,1,0,1,1,0,0,0,0,1,1,0,0,0,0,0,0,0,0,10000,0,87,0,9,Travel,Lifestyle,0,1,0,0,0,1,1,0,55.56,33.33,28.57,0.0,22.22,0.0,20.0,25.0,60.0
CAD-CC-00804,TrueNorth Bank Aurora Rewards Card,TrueNorth Bank,Bank,Rewards,Mastercard,2024,Active,89,29,30000,679,2.0,2.0,20.53,21.78,Flexible Points,1.63,Flexible Points,0,0,1,0,0,0,0,0,0,0,0,0,0,0,0,0,0,0,0,0,0,0,0,0,0,0,0,0,0,0,0,0,0,1,0,0,0,0,0,1,1,0,0,1,1,0,0,0,0,10000,0,78,1,6,Digital,Travel,1,1,0,0,0,0,0,0,11.11,0.0,57.14,0.0,0.0,0.0,0.0,50.0,0.0
CAD-CC-00805,Harbour Financial Aurora Cashback World Card,Harbour Financial,Bank,Cashback,Mastercard,2024,Active,99,0,15000,643,2.5,2.0,22.91,23.95,Cashback,0.83,Cashback Dollars,1,0,1,0,0,0,1,1,0,0,0,1,0,1,0,0,0,0,0,0,0,0,0,0,0,0,0,0,0,0,0,0,0,0,0,1,0,0,1,1,1,1,1,0,0,0,0,1,0,0,50,50,1,0,Cashback,Digital,1,1,0,0,0,0,0,0,0.0,66.67,57.14,0.0,44.44,25.0,40.0,50.0,0.0
CAD-CC-00806,Prairie Community CU Aurora Rewards Rewards Card,Prairie Community CU,Credit Union,Rewards,Visa,2023,Active,39,0,30000,681,0.0,3.5,20.05,21.52,Flexible Points,2.02,Flexible Points,0,0,1,0,0,0,0,1,1,1,0,0,0,0,0,0,0,0,0,0,0,0,0,0,1,0,0,0,0,0,0,1,0,0,0,0,0,0,0,0,1,1,0,1,0,0,0,0,0,25000,0,240,0,0,Business,Cashback,1,1,0,0,0,0,0,0,11.11,50.0,42.86,8.33,33.33,0.0,0.0,50.0,0.0
CAD-CC-00807,Polar Wings Momentum Travel Explorer Card,Polar Wings,Airline Partner,Travel,American Express,2018,Active,0,50,60000,672,0.0,2.0,21.49,24.21,Travel Points,1.14,Loyalty Miles,0,1,1,1,0,0,0,1,0,1,0,0,0,0,0,0,0,0,0,0,0,0,0,0,0,0,0,0,0,1,0,1,1,0,0,0,0,0,0,0,1,1,0,0,0,0,0,1,0,20000,0,136,0,6,Business,Travel,1,1,0,1,0,0,0,0,44.44,33.33,28.57,0.0,22.22,25.0,0.0,75.0,0.0
CAD-CC-00808,Harbour Financial Select Lifestyle Rewards Card,Harbour Financial,Bank,Lifestyle Rewards,American Express,2023,Active,89,0,60000,640,2.5,2.0,22.82,25.21,Hybrid Rewards,1.34,Flexible Points,1,0,0,0,0,0,0,1,0,0,0,0,1,0,0,0,0,0,1,0,0,1,1,0,0,1,0,0,0,0,0,0,0,0,0,1,0,0,0,1,0,1,1,0,1,0,0,0,0,0,100,100,1,0,Digital,Cashback,1,1,0,1,0,0,0,0,0.0,33.33,57.14,33.33,33.33,0.0,20.0,75.0,0.0
CAD-CC-00809,Polar Wings Aurora Travel Rewards Card,Polar Wings,Airline Partner,Travel,Mastercard,2015,Retired,39,50,15000,771,2.5,4.0,22.49,25.94,Flexible Points,1.12,Flexible Points,0,1,1,0,0,0,0,0,0,0,0,1,0,1,0,0,0,0,0,0,0,0,0,0,0,0,1,1,1,0,1,0,1,0,0,0,1,0,0,0,1,1,1,1,0,0,1,0,0,10000,0,95,0,9,Travel,Digital,1,1,0,0,0,0,0,0,66.67,16.67,57.14,0.0,22.22,25.0,20.0,50.0,20.0
CAD-CC-00810,BrightSpend North Digital First World Card,BrightSpend,Fintech,Digital First,Mastercard,2023,Active,0,0,15000,747,2.5,3.5,20.91,24.23,Flexible Points,1.23,Flexible Points,1,0,1,0,0,1,0,0,0,0,0,0,0,1,0,1,1,1,1,1,0,0,0,0,1,1,0,1,0,0,0,0,0,1,0,0,0,0,1,1,1,1,1,1,1,1,0,0,0,10000,0,88,0,0,Digital,Student,1,1,1,0,0,0,0,0,22.22,33.33,100.0,58.33,11.11,0.0,20.0,75.0,0.0
CAD-CC-00811,Prairie National Bank Platinum Balance Transfer Infinite Card,Prairie National Bank,Bank,Balance Transfer,Mastercard,2016,Active,39,0,0,720,2.5,4.0,18.63,20.89,Statement Credits,0.27,Cashback Dollars,0,0,0,0,0,0,0,0,0,0,0,0,0,0,1,0,0,0,0,0,0,0,0,0,1,0,0,0,0,0,0,0,0,0,1,0,1,0,0,0,0,0,1,0,0,0,0,0,0,0,100,100,1,9,Sustainability,Digital,1,1,0,0,0,0,0,0,0.0,0.0,14.29,8.33,0.0,25.0,40.0,50.0,0.0
CAD-CC-00812,Northern Dominion Bank Summit Digital First Preferred Card,Northern Dominion Bank,Bank,Digital First,Visa,2024,Active,0,0,15000,674,3.0,3.5,22.35,23.85,Flexible Points,0.98,Cashback Dollars,0,0,0,0,0,1,0,0,0,0,0,0,0,0,0,0,1,1,1,0,0,0,0,0,0,1,0,0,0,0,1,0,0,0,0,1,0,0,1,1,1,1,1,1,0,1,0,0,0,25000,0,195,0,0,Digital,Subscription,1,1,1,0,0,0,0,0,11.11,0.0,85.71,41.67,0.0,0.0,40.0,75.0,0.0
CAD-CC-00813,Atlantic Community CU Flex Travel Advantage Card,Atlantic Community CU,Credit Union,Travel,Visa,2017,Retired,120,50,80000,729,2.5,2.0,22.91,24.22,Flexible Points,1.06,Flexible Points,1,1,1,0,0,0,0,0,0,1,0,0,0,1,0,0,0,0,0,0,0,0,1,0,0,0,0,0,0,0,0,0,1,0,0,0,1,1,0,1,0,1,1,0,1,0,0,0,0,40000,0,256,1,12,Digital,Cashback,1,1,1,1,0,0,0,0,22.22,50.0,57.14,8.33,22.22,0.0,40.0,100.0,0.0
CAD-CC-00814,PayWave Canada Aurora Subscription Rewards Explorer Card,PayWave Canada,Fintech,Subscription Rewards,Visa,2016,Active,89,15,15000,723,2.5,4.0,22.66,23.73,Statement Credits,1.21,Cashback Dollars,0,0,0,1,1,1,0,0,0,0,0,0,1,0,0,0,0,1,1,1,0,1,0,0,1,1,0,1,0,0,0,0,0,0,1,0,0,0,0,0,1,1,0,1,0,0,0,1,0,25000,0,249,1,12,Business,Subscription,1,1,0,1,0,0,0,0,11.11,0.0,42.86,66.67,22.22,25.0,20.0,75.0,0.0
CAD-CC-00815,UrbanCart Signature Lifestyle Rewards Card,UrbanCart,Retail Partner,Lifestyle Rewards,American Express,2021,Active,0,50,0,691,2.5,2.0,20.97,23.98,Cashback,1.26,Cashback Dollars,1,0,0,0,0,0,0,0,0,1,0,0,1,1,0,0,0,0,0,0,0,0,1,0,0,0,0,0,0,0,0,0,0,0,1,1,1,0,0,1,1,1,0,0,1,0,1,0,0,10000,0,85,1,6,Lifestyle,Digital,1,1,1,0,0,0,0,0,0.0,50.0,57.14,8.33,33.33,25.0,60.0,75.0,0.0
CAD-CC-00816,Ontario Mutual CU Thrive Student Infinite Card,Ontario Mutual CU,Credit Union,Student,Mastercard,2026,Active,39,0,10000,612,2.5,3.5,20.25,21.87,Hybrid Rewards,1.09,Flexible Points,1,0,0,0,0,1,1,0,0,0,0,0,0,0,0,1,1,0,0,0,0,0,0,0,0,0,0,0,0,0,0,0,0,0,1,0,1,1,1,1,0,1,0,0,0,0,0,0,0,0,50,50,1,0,Student,Cashback,1,1,1,1,0,0,0,0,0.0,33.33,28.57,16.67,11.11,0.0,80.0,100.0,0.0
CAD-CC-00817,Atlantic Community CU Everyday Cashback World Card,Atlantic Community CU,Credit Union,Cashback,Mastercard,2015,Active,89,0,60000,731,2.5,4.0,22.51,25.42,Cashback,1.82,Cashback Dollars,1,1,0,0,0,0,1,0,1,0,0,0,0,0,0,0,0,0,0,0,0,0,0,0,0,0,0,0,0,0,0,0,0,0,0,0,1,0,0,0,1,1,0,1,1,0,0,1,1,0,200,200,0,12,Cashback,Digital,1,0,0,0,0,0,0,0,11.11,50.0,57.14,0.0,22.22,50.0,20.0,25.0,0.0
CAD-CC-00818,PayWave Canada Everyday Balance Transfer Card,PayWave Canada,Fintech,Balance Transfer,Mastercard,2020,Active,39,0,30000,688,2.5,2.0,19.07,21.0,Statement Credits,0.75,Cashback Dollars,0,0,0,1,0,0,0,0,0,0,0,0,0,0,0,0,0,0,0,0,1,1,0,0,0,0,0,0,0,0,0,0,0,0,1,1,0,0,0,1,1,1,1,1,1,0,0,0,0,0,50,50,0,0,Digital,Subscription,1,1,0,1,0,0,0,0,0.0,0.0,85.71,16.67,11.11,0.0,40.0,75.0,0.0
CAD-CC-00819,Capital Crown Bank Summit Low Interest Explorer Card,Capital Crown Bank,Bank,Low Interest,Visa,2015,Active,20,10,12000,679,2.0,4.0,14.43,16.28,Statement Credits,0.77,Cashback Dollars,0,0,0,0,0,0,0,0,0,0,0,0,0,1,0,0,0,0,0,0,0,0,0,0,1,0,0,0,0,0,0,0,0,0,0,0,1,0,0,1,1,1,1,1,0,0,0,0,0,0,75,75,0,12,Digital,Cashback,1,1,0,0,0,0,0,0,0.0,16.67,71.43,8.33,11.11,0.0,20.0,50.0,0.0
CAD-CC-00820,TrailStay Rewards Platinum Privilege Travel World Card,TrailStay Rewards,Travel Partner,Premium Travel,American Express,2023,Active,499,149,80000,736,0.0,3.5,21.64,23.11,Flexible Points,2.23,Travel Points,0,1,1,0,0,0,1,1,0,1,1,0,1,0,1,0,0,0,0,0,0,0,0,0,0,0,1,1,1,1,1,1,1,1,0,0,0,1,0,1,1,1,0,0,0,0,1,0,0,50000,0,629,1,0,Travel,Lifestyle,1,1,1,1,0,1,0,0,100.0,50.0,42.86,0.0,55.56,50.0,20.0,100.0,40.0
CAD-CC-00821,Polar Wings Edge Travel Essentials Card,Polar Wings,Airline Partner,Travel,Mastercard,2017,Active,39,29,15000,695,2.0,3.5,22.36,25.32,Travel Points,1.65,Flexible Points,0,1,1,0,0,0,1,0,0,0,1,0,0,0,0,0,0,0,0,0,0,0,0,0,0,0,1,1,1,0,0,0,1,0,0,0,0,0,0,1,1,1,0,1,1,0,0,0,0,10000,0,91,1,0,Digital,Travel,1,1,1,0,0,1,0,0,55.56,16.67,71.43,0.0,22.22,0.0,0.0,75.0,40.0
CAD-CC-00822,Ontario Mutual CU Voyage Cashback Advantage Card,Ontario Mutual CU,Credit Union,Cashback,Visa,2016,Retired,39,0,80000,626,2.5,2.0,20.03,21.34,Cashback,0.9,Cashback Dollars,1,0,1,0,0,0,1,1,0,0,0,0,0,0,0,0,0,0,0,0,0,0,0,0,0,0,0,0,0,1,0,0,0,0,0,1,0,0,0,0,1,0,0,0,1,0,0,0,0,0,100,100,0,0,Cashback,Digital,0,1,1,1,0,0,0,0,11.11,50.0,28.57,0.0,22.22,0.0,20.0,75.0,0.0
CAD-CC-00823,Polar Wings Select Travel Card,Polar Wings,Airline Partner,Travel,American Express,2020,Active,150,0,80000,731,2.0,3.5,22.44,24.24,Travel Points,1.67,Loyalty Miles,0,1,1,0,0,0,0,0,0,0,1,0,0,1,0,0,0,0,0,0,0,0,1,0,0,0,0,1,0,0,1,0,0,0,0,1,1,0,0,1,0,0,0,1,0,0,0,0,0,40000,0,388,1,6,Lifestyle,Travel,1,1,1,0,0,1,0,0,33.33,16.67,28.57,8.33,22.22,0.0,40.0,75.0,20.0
CAD-CC-00824,TrueNorth Bank Voyage Digital First Infinite Card,TrueNorth Bank,Bank,Digital First,Mastercard,2024,Active,120,0,0,645,2.5,3.5,21.49,24.06,Cashback,1.28,Cashback Dollars,1,0,0,0,1,0,0,0,0,1,0,0,0,0,0,0,0,0,0,1,1,1,0,0,0,0,0,0,0,0,0,0,0,0,1,0,1,1,0,1,1,1,1,1,1,1,0,0,0,15000,0,94,1,3,Digital,Subscription,1,1,0,0,0,0,0,0,0.0,33.33,100.0,33.33,22.22,0.0,60.0,50.0,0.0
CAD-CC-00825,Capital Crown Bank Edge Digital First Rewards Card,Capital Crown Bank,Bank,Digital First,Mastercard,2023,Active,0,0,30000,692,2.5,4.0,21.36,24.18,Hybrid Rewards,1.03,Cashback Dollars,1,0,1,0,0,0,0,0,0,0,0,0,0,0,0,0,0,0,0,1,0,0,0,1,0,0,1,0,0,0,0,0,0,0,1,0,0,0,1,1,1,1,1,0,1,1,0,0,0,10000,0,82,0,12,Digital,Cashback,1,1,1,0,0,0,0,0,11.11,16.67,85.71,16.67,0.0,0.0,40.0,75.0,20.0
CAD-CC-00826,Coastline Credit Union Signature Low Interest Card,Coastline Credit Union,Credit Union,Low Interest,Visa,2024,Active,59,0,15000,726,2.5,2.0,11.73,14.64,Statement Credits,0.88,Cashback Dollars,0,0,0,0,0,0,0,0,1,0,0,0,0,0,0,0,0,0,0,0,0,0,0,0,0,0,0,0,0,0,0,0,0,0,1,1,0,0,0,0,0,1,1,1,0,0,0,0,0,0,25,25,1,0,Digital,Cashback,1,0,0,0,0,0,0,0,0.0,16.67,42.86,0.0,11.11,0.0,40.0,25.0,0.0
CAD-CC-00827,Prairie National Bank Flex Cashback Explorer Card,Prairie National Bank,Bank,Cashback,Mastercard,2019,Active,120,0,60000,634,2.5,3.5,20.96,23.39,Cashback,2.75,Cashback Dollars,1,0,0,0,0,0,1,0,1,0,0,0,0,0,0,0,0,0,1,0,0,0,0,0,0,0,0,0,0,0,0,0,0,0,1,0,0,1,0,1,1,0,1,0,1,0,0,0,0,0,50,50,0,6,Cashback,Digital,1,1,1,1,0,0,0,1,0.0,50.0,57.14,8.33,22.22,0.0,40.0,100.0,20.0
CAD-CC-00828,Prairie National Bank Momentum Cashback World Card,Prairie National Bank,Bank,Cashback,Mastercard,2025,Active,39,0,30000,718,0.0,3.0,21.13,23.42,Cashback,2.79,Cashback Dollars,1,0,1,1,0,0,1,0,0,0,0,0,0,1,0,0,0,0,1,0,0,0,0,0,0,0,0,0,0,0,0,1,0,0,0,0,0,0,0,0,1,1,0,1,0,0,0,0,0,0,150,150,1,12,Cashback,Digital,1,1,0,1,0,0,0,0,11.11,50.0,42.86,8.33,22.22,0.0,0.0,75.0,0.0
CAD-CC-00829,HotelMaple Group Summit Travel Card,HotelMaple Group,Travel Partner,Travel,Mastercard,2024,Active,89,0,0,760,0.0,3.0,20.22,22.06,Flexible Points,1.32,Travel Points,0,1,1,0,0,0,0,1,0,0,1,0,0,0,0,0,0,0,0,0,0,0,0,0,0,0,0,1,1,0,1,1,0,0,0,1,0,0,0,0,0,1,0,0,0,0,0,0,0,20000,0,137,0,6,Travel,Lifestyle,0,1,0,1,1,0,0,0,55.56,16.67,14.29,0.0,22.22,0.0,20.0,50.0,20.0
CAD-CC-00830,Ontario Mutual CU Flex Cashback Advantage Card,Ontario Mutual CU,Credit Union,Cashback,Mastercard,2015,Active,99,0,30000,729,2.5,3.5,21.03,24.02,Cashback,2.43,Cashback Dollars,1,0,0,1,0,0,0,1,1,0,0,0,0,0,0,0,0,0,0,0,0,0,0,0,0,0,0,0,0,0,0,0,0,0,0,1,1,0,0,0,0,1,0,1,0,0,0,0,0,0,200,200,0,0,Cashback,Digital,1,0,1,0,0,0,0,0,0.0,50.0,28.57,0.0,22.22,0.0,40.0,50.0,0.0
CAD-CC-00831,NeoMaple Financial Everyday Subscription Rewards Explorer Card,NeoMaple Financial,Fintech,Subscription Rewards,Visa,2025,Active,0,15,30000,729,2.0,4.0,21.84,23.24,Statement Credits,0.87,Cashback Dollars,0,1,0,0,1,1,1,0,0,0,0,0,1,0,0,0,1,0,1,1,0,0,0,0,0,1,0,0,0,0,0,0,0,1,0,0,1,1,0,1,1,1,1,1,0,0,0,0,0,0,50,50,1,0,Digital,Subscription,1,1,1,1,0,0,0,0,22.22,16.67,71.43,50.0,22.22,0.0,40.0,100.0,0.0
CAD-CC-00832,GlobePass Canada Prime Travel World Card,GlobePass Canada,Travel Partner,Travel,Visa,2025,Active,89,0,30000,689,2.5,3.5,20.53,22.44,Travel Points,2.2,Loyalty Miles,1,1,1,0,0,0,0,0,0,0,1,0,1,0,0,0,0,0,0,0,0,0,0,0,0,0,0,0,0,0,1,0,0,0,0,0,0,0,0,0,1,1,0,1,1,0,0,0,0,30000,0,259,0,9,Digital,Lifestyle,1,1,0,1,1,0,0,0,22.22,16.67,57.14,0.0,22.22,0.0,0.0,75.0,20.0
CAD-CC-00833,Northern Dominion Bank Maple Cashback Plus Card,Northern Dominion Bank,Bank,Cashback,Mastercard,2019,Active,0,29,60000,646,2.5,3.5,20.65,22.23,Cashback,0.92,Cashback Dollars,1,0,0,0,0,0,0,1,0,0,0,0,0,1,0,0,0,0,0,0,0,0,0,0,1,0,0,0,0,0,0,0,0,0,1,0,0,0,0,1,1,1,1,0,0,0,0,0,0,0,150,150,1,6,Cashback,Digital,1,1,0,0,0,0,0,0,0.0,50.0,57.14,8.33,22.22,0.0,20.0,50.0,0.0
CAD-CC-00834,Atlantic Community CU Momentum Sustainability Rewards Card,Atlantic Community CU,Credit Union,Sustainability,Visa,2017,Active,0,0,0,694,2.5,2.0,21.63,22.9,Cashback,1.76,Flexible Points,0,0,0,0,0,0,0,0,0,0,0,0,0,1,1,0,0,0,0,0,0,0,0,1,0,0,0,1,0,0,0,0,0,0,0,1,0,0,0,1,1,1,0,0,0,1,0,1,1,25000,0,233,0,0,Sustainability,Digital,1,1,0,0,0,0,0,0,11.11,16.67,57.14,8.33,11.11,75.0,20.0,50.0,0.0
CAD-CC-00835,MapleAir Elevate Travel Plus Card,MapleAir,Airline Partner,Travel,Mastercard,2015,Active,39,29,15000,719,2.0,3.0,22.19,25.4,Travel Points,1.48,Loyalty Miles,0,1,1,1,0,0,0,0,0,0,1,1,0,0,0,0,0,0,0,0,0,0,0,0,1,0,0,1,0,0,0,0,0,0,0,0,1,0,0,1,1,0,0,1,0,0,0,0,0,40000,0,335,1,0,Digital,Lifestyle,1,1,1,0,1,1,0,0,22.22,0.0,42.86,8.33,22.22,0.0,20.0,75.0,40.0
CAD-CC-00836,Prairie National Bank Edge Travel Plus Card,Prairie National Bank,Bank,Travel,Mastercard,2017,Active,39,50,0,746,0.0,3.0,20.08,22.55,Flexible Points,2.0,Flexible Points,0,1,1,0,0,0,0,1,0,0,0,0,0,0,0,0,0,0,1,0,0,0,0,0,0,0,0,1,0,1,0,1,0,1,0,0,0,0,0,1,0,1,0,0,1,0,0,0,0,15000,0,109,0,9,Travel,Digital,1,1,0,0,0,0,1,0,55.56,16.67,42.86,8.33,11.11,0.0,0.0,50.0,20.0
CAD-CC-00837,TrueNorth Bank Thrive Travel Preferred Card,TrueNorth Bank,Bank,Travel,Mastercard,2026,Active,150,29,80000,688,0.0,4.0,20.91,23.38,Flexible Points,2.21,Flexible Points,0,1,1,0,0,0,0,0,0,0,1,1,0,0,0,0,0,0,0,0,0,0,0,1,0,0,0,0,1,0,0,1,0,0,0,1,1,0,0,1,1,0,1,1,0,0,0,0,0,40000,0,386,0,6,Digital,Travel,0,1,0,1,1,0,0,0,33.33,0.0,57.14,8.33,22.22,0.0,40.0,50.0,20.0
CAD-CC-00838,Ontario Mutual CU Signature Student Essentials Card,Ontario Mutual CU,Credit Union,Student,Visa,2026,Active,25,10,10000,586,2.5,3.0,21.12,22.4,Hybrid Rewards,1.26,Cashback Dollars,1,0,1,0,0,0,1,0,1,0,0,0,1,0,0,1,0,0,0,0,0,1,0,0,0,0,0,0,0,0,0,0,0,1,1,1,1,0,0,1,1,1,1,1,0,0,0,0,1,0,0,0,0,9,Student,Digital,1,0,0,1,0,0,0,0,11.11,50.0,71.43,8.33,44.44,25.0,60.0,50.0,0.0
CAD-CC-00839,TrueNorth Bank Elevate Low Interest Infinite Card,TrueNorth Bank,Bank,Low Interest,Mastercard,2026,Active,29,0,30000,679,2.5,2.0,14.74,18.13,Statement Credits,1.09,Cashback Dollars,0,0,0,0,0,0,0,1,0,0,0,0,0,0,0,0,0,0,0,0,0,0,0,1,0,0,0,0,0,0,0,0,0,1,1,1,1,0,0,0,0,1,1,0,0,0,0,0,0,0,0,0,0,0,Digital,Cashback,1,1,0,1,0,0,0,0,11.11,16.67,28.57,8.33,11.11,0.0,60.0,75.0,0.0
CAD-CC-00840,Atlantic Community CU Thrive Rewards Advantage Card,Atlantic Community CU,Credit Union,Rewards,Visa,2026,Active,0,0,30000,746,2.5,3.0,20.45,22.86,Hybrid Rewards,2.11,Cashback Dollars,0,0,0,0,0,0,1,0,0,0,0,0,1,1,0,0,0,0,0,0,0,0,0,0,0,1,0,1,1,0,0,0,0,0,1,0,0,1,0,1,1,1,0,1,1,0,0,0,0,10000,0,95,0,0,Digital,Cashback,1,1,0,0,0,0,0,0,22.22,33.33,71.43,8.33,33.33,0.0,40.0,50.0,0.0
CAD-CC-00841,HotelMaple Group Summit Travel Rewards Card,HotelMaple Group,Travel Partner,Travel,Visa,2022,Active,120,0,15000,688,2.0,3.5,20.66,22.11,Flexible Points,1.18,Loyalty Miles,0,1,1,0,1,0,0,1,0,0,0,0,1,0,0,0,0,0,0,0,0,0,0,0,0,0,0,1,1,0,0,0,1,1,1,0,1,0,0,0,1,0,0,0,0,0,0,0,0,10000,0,65,1,0,Travel,Lifestyle,1,1,0,1,0,0,0,0,55.56,16.67,14.29,8.33,22.22,0.0,40.0,75.0,0.0
CAD-CC-00842,Northern Dominion Bank Prime Rewards Essentials Card,Northern Dominion Bank,Bank,Rewards,Visa,2026,Active,0,0,15000,744,2.5,4.0,20.05,21.13,Cashback,0.96,Travel Points,0,1,1,0,0,0,1,0,0,0,0,0,0,1,0,0,1,0,0,0,0,0,0,0,0,0,0,0,0,1,0,0,0,0,0,0,0,0,0,0,1,1,0,1,0,0,0,0,0,15000,0,92,0,0,Digital,Cashback,1,1,1,1,0,0,0,0,22.22,33.33,42.86,8.33,22.22,0.0,0.0,100.0,0.0
CAD-CC-00843,Atlantic Community CU Summit Rewards World Card,Atlantic Community CU,Credit Union,Rewards,American Express,2021,Active,99,0,60000,708,2.5,3.5,21.68,23.74,Cashback,1.9,Cashback Dollars,0,0,1,0,0,0,1,1,0,0,0,0,1,1,0,0,0,0,0,0,0,0,0,0,0,0,0,1,0,0,0,0,0,0,0,1,1,0,0,0,0,1,1,0,0,0,0,0,0,25000,0,217,0,0,Cashback,Lifestyle,1,1,1,0,0,0,0,0,11.11,50.0,28.57,0.0,44.44,0.0,40.0,75.0,0.0
CAD-CC-00844,MapleTrust Bank Select Student Infinite Card,MapleTrust Bank,Bank,Student,American Express,2023,Active,0,0,0,690,2.5,3.0,22.87,25.05,Hybrid Rewards,1.05,Cashback Dollars,1,0,0,0,0,1,0,1,0,0,0,0,0,1,0,1,0,0,1,0,0,0,0,0,0,1,0,0,0,0,0,0,0,0,0,0,1,0,1,1,0,1,1,0,0,0,0,0,0,0,25,25,0,12,Student,Cashback,0,1,1,1,0,0,0,0,0.0,50.0,42.86,25.0,22.22,0.0,40.0,75.0,0.0
CAD-CC-00845,FreshBasket Voyage Cashback World Card,FreshBasket,Retail Partner,Cashback,Visa,2019,Active,39,0,60000,629,2.5,4.0,21.65,22.76,Cashback,1.88,Cashback Dollars,1,0,1,0,0,0,1,1,1,0,0,0,1,1,0,0,0,0,0,0,0,0,0,0,0,0,0,0,0,0,0,0,0,0,1,0,1,0,0,0,0,1,1,1,0,0,0,0,0,0,50,50,0,3,Cashback,Lifestyle,1,1,0,0,0,0,0,0,0.0,83.33,42.86,0.0,55.56,0.0,40.0,50.0,0.0
CAD-CC-00847,Prairie National Bank Summit Digital First Rewards Card,Prairie National Bank,Bank,Digital First,Mastercard,2026,Active,0,0,15000,641,0.0,4.0,22.55,25.29,Cashback,1.85,Cashback Dollars,0,0,1,0,0,1,0,0,0,1,1,0,0,0,0,0,1,0,0,0,0,0,0,0,0,0,0,0,0,0,1,1,0,0,0,0,1,0,1,1,1,1,1,1,1,1,0,0,0,10000,0,72,0,9,Digital,Lifestyle,1,1,0,0,0,0,0,0,22.22,16.67,100.0,16.67,22.22,0.0,40.0,50.0,0.0
CAD-CC-00848,Harbour Financial Signature Student Advantage Card,Harbour Financial,Bank,Student,Mastercard,2023,Active,39,15,0,663,2.5,3.0,22.47,23.49,Hybrid Rewards,0.97,Cashback Dollars,0,0,1,0,0,0,0,1,0,0,1,0,0,1,0,1,1,0,0,0,1,1,0,1,0,0,0,0,0,0,0,0,0,0,1,0,1,1,0,1,0,1,0,0,0,0,0,0,1,0,50,50,1,6,Student,Lifestyle,1,1,1,0,0,0,0,0,0.0,33.33,28.57,33.33,44.44,25.0,60.0,75.0,0.0
CAD-CC-00849,Polar Wings Prime Travel Rewards Card,Polar Wings,Airline Partner,Travel,Mastercard,2018,Active,120,0,60000,670,2.5,3.0,22.35,25.29,Travel Points,1.02,Loyalty Miles,0,1,1,0,0,0,0,0,0,1,0,0,0,0,0,0,0,0,0,0,0,0,0,0,0,0,0,1,0,0,0,0,0,1,0,0,1,1,0,0,1,0,1,0,1,0,0,0,0,15000,0,140,1,9,Digital,Travel,1,1,1,0,1,0,0,0,33.33,16.67,42.86,0.0,11.11,0.0,40.0,75.0,20.0
CAD-CC-00850,BrightSpend Edge Balance Transfer World Card,BrightSpend,Fintech,Balance Transfer,Mastercard,2016,Active,29,10,15000,630,2.5,4.0,14.81,16.7,Cashback,0.23,Cashback Dollars,1,1,1,0,1,0,0,0,0,0,0,0,0,0,0,0,0,0,0,0,0,0,0,0,0,0,0,0,0,0,0,0,0,0,1,0,0,1,1,1,1,1,1,1,1,0,0,0,0,25000,0,229,0,9,Digital,Cashback,1,1,0,1,0,0,0,0,11.11,16.67,85.71,8.33,0.0,0.0,60.0,75.0,0.0
CAD-CC-00851,MapleTrust Bank North Travel Infinite Card,MapleTrust Bank,Bank,Travel,Visa,2021,Active,120,29,30000,716,0.0,3.0,20.65,23.61,Flexible Points,2.4,Travel Points,0,1,1,0,0,0,1,0,0,1,0,0,1,0,0,0,0,0,0,0,0,0,1,0,0,0,0,0,1,1,1,1,1,1,0,0,0,0,0,1,1,1,0,1,0,0,0,0,1,10000,0,72,0,0,Travel,Digital,1,1,1,0,0,1,0,0,77.78,33.33,57.14,8.33,33.33,25.0,0.0,75.0,20.0
CAD-CC-00852,Northern Lights CU Everyday Sustainability Advantage Card,Northern Lights CU,Credit Union,Sustainability,American Express,2026,Active,49,0,0,637,2.5,2.0,21.6,23.99,Cashback,0.9,Cashback Dollars,1,0,0,0,0,0,1,0,0,1,0,0,0,0,1,0,0,0,0,0,0,0,0,0,0,0,0,0,0,0,0,0,0,0,0,1,0,0,1,1,0,1,1,0,0,0,1,1,1,10000,0,80,1,3,Sustainability,Digital,1,1,1,0,0,0,0,0,0.0,50.0,42.86,0.0,22.22,100.0,40.0,75.0,0.0
CAD-CC-00853,ShopNorth Aurora Rewards Essentials Card,ShopNorth,Retail Partner,Rewards,Visa,2025,Active,39,50,15000,743,2.5,3.5,20.92,24.06,Hybrid Rewards,1.24,Flexible Points,0,0,0,0,0,0,1,1,1,0,0,0,0,0,0,0,0,0,0,0,0,1,0,0,1,0,0,0,0,0,1,0,0,0,0,0,1,0,0,0,1,1,1,1,0,0,0,1,0,25000,0,152,0,0,Cashback,Digital,1,1,1,0,0,0,0,0,11.11,50.0,57.14,16.67,44.44,25.0,20.0,75.0,0.0
CAD-CC-00854,Harbour Financial Maple Digital First Rewards Card,Harbour Financial,Bank,Digital First,Visa,2025,Active,120,0,15000,640,2.5,4.0,21.43,22.53,Cashback,1.02,Cashback Dollars,0,0,0,1,0,0,0,0,1,0,0,0,0,1,0,0,0,0,1,0,1,1,0,1,1,0,0,0,0,0,0,0,0,0,1,1,1,1,1,1,1,1,1,1,0,1,0,0,0,15000,0,94,0,6,Digital,Subscription,0,1,1,0,0,0,0,0,0.0,33.33,85.71,41.67,33.33,0.0,100.0,50.0,0.0
CAD-CC-00855,Coastline Credit Union Summit Cashback Explorer Card,Coastline Credit Union,Credit Union,Cashback,Mastercard,2020,Active,39,0,15000,661,2.5,3.5,22.01,23.32,Cashback,0.93,Cashback Dollars,1,0,0,0,1,0,0,1,0,0,0,0,1,0,0,0,0,0,1,0,0,0,0,0,0,0,0,0,0,0,0,0,0,0,0,1,0,0,0,0,0,1,1,0,1,0,0,0,1,0,100,100,1,0,Digital,Cashback,1,1,0,0,0,0,0,0,0.0,33.33,42.86,16.67,22.22,25.0,20.0,50.0,0.0
CAD-CC-00856,Coastline Credit Union Select Low Interest Infinite Card,Coastline Credit Union,Credit Union,Low Interest,American Express,2020,Active,20,0,30000,670,2.5,4.0,9.04,12.01,Statement Credits,0.77,Cashback Dollars,0,0,1,0,0,0,0,1,0,0,0,0,0,0,0,0,0,0,0,0,1,0,0,0,0,0,0,0,0,0,0,0,0,0,0,1,1,1,0,1,1,0,1,1,0,0,0,0,0,0,0,0,0,0,Digital,Cashback,0,0,0,0,0,0,0,0,0.0,16.67,57.14,8.33,11.11,0.0,60.0,0.0,0.0
CAD-CC-00857,CanadaJet Rewards Maple Privilege Travel Rewards Card,CanadaJet Rewards,Airline Partner,Premium Travel,Mastercard,2021,Active,499,149,80000,807,0.0,2.0,20.06,21.34,Flexible Points,2.25,Loyalty Miles,0,1,1,0,0,0,0,0,0,0,0,0,1,0,0,0,0,0,1,0,0,0,0,0,0,0,1,1,0,1,1,1,1,0,0,1,1,0,1,0,1,1,1,1,0,0,0,0,0,80000,0,775,0,0,Travel,Digital,1,0,0,1,0,0,1,1,77.78,0.0,57.14,8.33,11.11,0.0,60.0,50.0,60.0
CAD-CC-00858,CanadaJet Rewards North Privilege Travel Rewards Card,CanadaJet Rewards,Airline Partner,Premium Travel,Visa,2024,Active,499,175,80000,789,2.5,3.0,21.06,22.67,Travel Points,3.41,Flexible Points,1,1,1,1,0,0,0,1,0,1,1,0,0,0,0,0,0,0,0,0,0,0,0,0,0,0,1,0,1,1,1,0,1,1,0,0,1,0,0,1,0,1,1,0,0,0,0,0,0,90000,0,1224,0,0,Travel,Lifestyle,1,1,0,0,1,0,1,1,77.78,50.0,42.86,0.0,33.33,0.0,20.0,50.0,80.0
CAD-CC-00859,NorthPay Labs Signature Lifestyle Rewards Plus Card,NorthPay Labs,Fintech,Lifestyle Rewards,Mastercard,2023,Active,0,29,30000,657,2.0,4.0,22.34,25.14,Cashback,2.35,Flexible Points,0,0,1,0,0,0,0,0,0,0,0,0,1,0,0,0,0,0,0,0,0,1,1,0,0,0,0,1,0,0,0,0,0,0,0,0,0,0,0,1,1,1,1,1,1,0,0,0,0,25000,0,163,0,9,Digital,Lifestyle,1,1,1,1,0,0,0,0,11.11,0.0,85.71,16.67,22.22,0.0,0.0,100.0,0.0
CAD-CC-00860,Capital Crown Bank Momentum Privilege Travel Explorer Card,Capital Crown Bank,Bank,Premium Travel,Visa,2020,Active,599,175,80000,761,0.0,3.5,21.24,23.15,Travel Points,3.24,Loyalty Miles,1,1,1,1,0,1,1,0,0,0,0,0,0,0,0,0,0,0,0,0,0,0,0,0,1,0,1,1,1,1,0,1,1,0,0,0,1,0,0,0,1,0,1,1,0,0,0,0,0,60000,0,850,0,0,Travel,Cashback,0,1,0,0,1,1,0,0,77.78,33.33,42.86,16.67,11.11,0.0,20.0,25.0,60.0
CAD-CC-00861,Prairie Community CU Maple Rewards Essentials Card,Prairie Community CU,Credit Union,Rewards,Visa,2024,Active,99,29,30000,622,2.5,3.0,20.24,22.5,Flexible Points,1.35,Flexible Points,0,0,1,1,1,0,1,0,0,0,0,0,1,0,0,0,0,0,0,0,0,0,0,0,0,0,0,0,0,0,0,0,0,0,0,0,0,0,0,0,1,0,0,0,0,0,0,0,0,15000,0,148,0,12,Cashback,Lifestyle,1,1,0,1,0,0,0,0,0.0,16.67,14.29,8.33,22.22,0.0,0.0,75.0,0.0
CAD-CC-00862,MapleTrust Bank Everyday Lifestyle Rewards Preferred Card,MapleTrust Bank,Bank,Lifestyle Rewards,Visa,2018,Active,0,29,30000,673,2.0,3.0,22.53,24.32,Hybrid Rewards,1.96,Travel Points,1,0,0,0,0,1,0,1,1,0,1,0,1,1,0,0,0,0,0,0,0,1,0,0,1,0,0,1,0,0,0,0,0,0,1,0,0,0,0,0,1,0,0,0,0,0,0,0,0,15000,0,107,0,0,Cashback,Lifestyle,0,1,1,1,0,0,0,0,11.11,66.67,14.29,25.0,66.67,0.0,20.0,75.0,0.0
CAD-CC-00863,BrightSpend Edge Cashback Explorer Card,BrightSpend,Fintech,Cashback,Visa,2023,Active,0,0,15000,721,2.5,4.0,20.47,23.04,Cashback,1.88,Cashback Dollars,1,0,0,0,0,0,1,1,1,0,0,0,0,1,0,0,0,0,0,1,0,0,0,0,0,0,0,0,0,0,0,0,0,0,0,0,0,0,0,1,1,1,1,1,1,0,0,0,0,0,200,200,0,0,Cashback,Digital,1,1,1,0,0,0,0,0,0.0,83.33,85.71,8.33,44.44,0.0,0.0,75.0,0.0
CAD-CC-00864,Air NorthStar Flex Privilege Travel World Card,Air NorthStar,Airline Partner,Premium Travel,American Express,2025,Active,499,99,100000,742,2.5,3.0,21.55,22.66,Travel Points,2.66,Loyalty Miles,0,1,1,0,0,0,0,1,0,0,1,1,0,0,0,0,0,0,0,0,0,0,0,0,0,0,1,1,1,1,1,0,1,1,0,0,1,0,0,0,0,1,1,1,1,0,0,0,0,50000,0,689,1,0,Travel,Digital,1,1,1,0,1,1,1,1,88.89,16.67,57.14,0.0,33.33,0.0,20.0,75.0,100.0
CAD-CC-00867,Laurentian Maple Bank Voyage Cashback Preferred Card,Laurentian Maple Bank,Bank,Cashback,Visa,2021,Active,99,0,30000,646,2.5,3.5,21.77,23.03,Cashback,2.24,Cashback Dollars,1,0,0,0,0,0,1,1,0,0,0,0,1,0,0,0,0,0,0,0,0,0,0,0,0,0,0,1,0,0,0,0,0,0,0,1,0,0,0,1,1,0,0,1,1,0,0,0,0,0,150,150,0,12,Cashback,Digital,0,1,0,1,0,0,0,0,11.11,50.0,57.14,0.0,33.33,0.0,20.0,50.0,0.0
CAD-CC-00868,PocketCredit Platinum Student Card,PocketCredit,Fintech,Student,Mastercard,2020,Active,0,15,5000,636,2.5,4.0,22.73,24.68,Cashback,1.91,Cashback Dollars,1,0,0,0,0,1,1,0,0,0,0,0,0,0,0,1,0,0,1,0,0,0,0,0,1,1,0,0,0,0,0,0,0,0,0,1,0,0,0,1,1,1,1,1,1,0,0,0,0,0,75,75,0,6,Student,Digital,1,1,1,0,0,0,0,0,0.0,33.33,85.71,33.33,11.11,0.0,20.0,75.0,0.0
CAD-CC-00869,Harbour Financial Momentum Balance Transfer Advantage Card,Harbour Financial,Bank,Balance Transfer,Mastercard,2022,Active,39,0,12000,721,3.0,4.0,14.04,17.19,Statement Credits,0.61,Cashback Dollars,0,0,0,1,0,0,0,0,0,0,0,0,0,0,0,0,0,0,1,0,0,0,0,0,0,0,0,1,0,0,0,0,0,0,0,0,1,1,1,1,1,1,1,1,0,0,0,0,0,15000,0,134,1,6,Business,Digital,1,1,0,1,0,0,0,0,11.11,0.0,71.43,8.33,0.0,0.0,60.0,75.0,0.0
CAD-CC-00871,Northern Dominion Bank Everyday Subscription Rewards Essentials Card,Northern Dominion Bank,Bank,Subscription Rewards,American Express,2019,Active,0,0,30000,637,2.5,4.0,20.33,23.02,Statement Credits,0.98,Cashback Dollars,1,0,0,0,1,1,0,1,0,0,0,0,1,0,0,0,0,0,1,0,1,0,1,0,1,0,0,0,0,0,0,0,0,0,0,0,0,0,0,1,1,0,0,0,0,0,0,0,0,15000,0,148,1,0,Subscription,Cashback,1,1,0,0,0,0,0,0,0.0,33.33,28.57,50.0,22.22,0.0,0.0,50.0,0.0
CAD-CC-00872,Laurentian Maple Bank North Digital First World Card,Laurentian Maple Bank,Bank,Digital First,Mastercard,2017,Active,0,0,15000,720,2.5,2.0,22.42,24.21,Cashback,1.27,Flexible Points,0,0,0,0,0,0,0,0,0,0,0,0,0,0,1,0,0,0,1,1,0,1,1,0,0,0,0,0,0,0,0,0,0,0,0,1,0,0,1,1,1,1,0,1,1,1,0,0,0,15000,0,100,0,12,Digital,Subscription,1,0,0,0,0,0,0,0,0.0,0.0,85.71,33.33,11.11,25.0,40.0,25.0,0.0
CAD-CC-00873,Maple Leaf Credit Union Platinum Cashback Infinite Card,Maple Leaf Credit Union,Credit Union,Cashback,Visa,2022,Active,89,29,60000,730,2.5,3.0,21.18,24.03,Cashback,2.39,Cashback Dollars,1,0,0,0,0,0,0,0,0,0,0,0,0,1,0,0,0,0,0,0,0,0,0,0,0,0,0,0,0,0,0,0,0,0,1,0,0,0,0,1,1,1,0,0,0,0,0,0,0,0,100,100,0,0,Cashback,Digital,1,1,1,0,0,0,0,0,0.0,33.33,42.86,0.0,11.11,0.0,20.0,75.0,0.0
CAD-CC-00874,Prairie National Bank Momentum Cashback Rewards Card,Prairie National Bank,Bank,Cashback,Visa,2016,Active,0,0,60000,722,2.5,3.5,22.2,23.82,Cashback,1.45,Cashback Dollars,1,0,0,1,0,0,0,1,1,0,0,0,0,0,0,0,0,0,0,0,0,0,0,0,0,0,0,0,0,0,0,0,0,0,0,0,1,0,0,1,0,1,0,1,0,0,0,0,0,0,200,200,0,0,Cashback,Digital,1,0,1,1,0,0,0,0,0.0,50.0,42.86,0.0,22.22,0.0,20.0,75.0,0.0
CAD-CC-00875,Prairie National Bank Summit Privilege Travel Rewards Card,Prairie National Bank,Bank,Premium Travel,American Express,2025,Active,699,149,100000,802,0.0,2.0,22.88,25.61,Travel Points,2.25,Travel Points,0,1,1,0,1,0,0,1,0,1,1,0,0,1,0,0,0,0,0,0,0,0,0,0,0,0,1,1,1,1,1,1,1,1,0,0,1,0,0,1,0,1,0,1,0,0,0,0,0,60000,0,767,0,0,Travel,Lifestyle,1,1,0,0,1,1,1,1,100.0,50.0,42.86,8.33,44.44,0.0,20.0,50.0,100.0
CAD-CC-00876,Capital Crown Bank Voyage Travel Advantage Card,Capital Crown Bank,Bank,Travel,Mastercard,2020,Active,89,29,30000,704,0.0,4.0,21.11,22.17,Travel Points,1.85,Travel Points,0,1,1,1,0,0,0,0,1,1,1,0,0,0,0,0,0,0,0,0,0,0,0,0,0,0,0,0,1,1,1,1,1,0,1,0,1,0,0,0,0,1,0,0,1,0,0,0,0,15000,0,90,0,0,Travel,Lifestyle,1,1,0,1,1,1,1,0,66.67,33.33,28.57,0.0,33.33,0.0,40.0,75.0,60.0
CAD-CC-00877,Northern Dominion Bank Signature Digital First World Card,Northern Dominion Bank,Bank,Digital First,Visa,2026,Active,89,0,15000,745,2.5,3.5,20.67,23.11,Cashback,1.6,Cashback Dollars,0,0,0,0,0,0,0,1,0,0,0,0,0,0,0,0,0,0,1,0,1,0,0,0,0,0,0,0,0,0,0,0,0,0,1,0,0,1,1,1,1,1,1,1,1,1,0,0,0,15000,0,92,1,12,Digital,Cashback,1,1,1,1,0,0,0,0,0.0,16.67,100.0,16.67,11.11,0.0,60.0,100.0,0.0
CAD-CC-00878,NorthPay Labs Prime Student Card,NorthPay Labs,Fintech,Student,Mastercard,2023,Active,0,10,5000,596,2.5,3.0,22.35,25.14,Cashback,0.81,Cashback Dollars,1,0,0,0,0,0,1,1,1,0,0,0,0,0,0,1,1,0,0,1,0,0,0,0,0,0,0,0,0,0,0,0,0,1,0,0,1,1,1,1,0,1,0,1,0,0,0,0,0,0,75,75,1,6,Student,Cashback,1,1,1,0,0,0,0,0,11.11,66.67,42.86,16.67,33.33,0.0,60.0,75.0,0.0
CAD-CC-00879,TrueNorth Bank Momentum Rewards World Card,TrueNorth Bank,Bank,Rewards,Mastercard,2016,Active,89,50,80000,708,2.5,2.0,22.7,26.19,Hybrid Rewards,2.37,Flexible Points,0,0,1,0,0,0,0,0,0,1,0,0,1,0,0,0,0,0,0,0,0,0,0,0,0,0,0,0,0,0,0,0,0,1,1,1,1,1,0,0,0,1,0,0,0,0,0,0,0,15000,0,101,0,3,Lifestyle,Digital,1,1,0,0,0,0,0,0,11.11,16.67,14.29,0.0,22.22,0.0,80.0,50.0,0.0
CAD-CC-00880,TrueNorth Bank Thrive Digital First Rewards Card,TrueNorth Bank,Bank,Digital First,Visa,2023,Active,0,50,0,663,2.5,3.5,21.09,22.68,Cashback,0.96,Cashback Dollars,0,0,0,0,0,0,0,0,0,0,0,0,0,0,0,0,0,0,1,0,0,0,0,0,0,0,0,0,0,1,0,0,0,0,1,0,1,1,1,0,1,1,1,1,1,1,0,0,0,10000,0,61,1,9,Digital,Travel,1,1,1,0,0,0,0,0,11.11,0.0,85.71,8.33,0.0,0.0,80.0,75.0,0.0
CAD-CC-00881,Ontario Mutual CU Elevate Rewards Advantage Card,Ontario Mutual CU,Credit Union,Rewards,Mastercard,2023,Active,0,29,80000,642,2.0,2.0,22.73,24.33,Hybrid Rewards,1.46,Flexible Points,0,1,0,0,0,0,1,1,0,0,0,0,0,1,0,0,0,0,0,0,1,0,0,0,0,0,0,0,0,0,1,0,0,1,0,0,1,0,0,0,1,0,0,0,0,0,0,0,0,25000,0,204,0,3,Cashback,Lifestyle,1,1,1,0,0,0,0,0,33.33,50.0,14.29,8.33,33.33,0.0,20.0,75.0,0.0
CAD-CC-00882,Harbour Financial Thrive Travel Rewards Card,Harbour Financial,Bank,Travel,Mastercard,2024,Active,120,0,30000,752,0.0,4.0,21.98,24.51,Travel Points,1.86,Loyalty Miles,0,1,1,0,1,0,0,0,0,1,1,0,0,0,0,0,0,0,0,0,0,0,0,0,0,0,0,0,0,0,1,1,0,1,0,1,1,0,0,1,0,1,1,1,0,0,0,0,0,10000,0,77,1,9,Digital,Travel,1,1,1,1,0,0,0,0,44.44,16.67,57.14,8.33,22.22,0.0,40.0,100.0,0.0
CAD-CC-00883,NeoMaple Financial Everyday Cashback Preferred Card,NeoMaple Financial,Fintech,Cashback,Visa,2020,Active,99,0,60000,748,2.5,4.0,22.04,25.5,Cashback,1.03,Cashback Dollars,1,0,0,0,0,0,0,0,1,0,0,0,0,1,0,0,0,0,0,0,0,0,0,0,0,0,0,0,0,0,0,0,0,0,0,0,0,0,1,1,1,1,1,0,1,0,0,0,0,0,150,150,0,0,Digital,Cashback,1,1,1,0,0,0,0,0,0.0,50.0,71.43,0.0,22.22,0.0,20.0,75.0,0.0
CAD-CC-00884,Maple Leaf Credit Union Edge Travel Essentials Card,Maple Leaf Credit Union,Credit Union,Travel,Mastercard,2017,Active,120,75,15000,756,2.5,4.0,22.97,26.22,Travel Points,1.03,Flexible Points,0,1,1,0,0,0,0,1,0,1,1,0,0,0,0,0,0,0,0,0,0,0,0,0,0,0,0,0,0,1,0,0,1,0,0,1,0,0,0,1,1,0,1,1,0,0,0,0,0,40000,0,320,1,3,Digital,Lifestyle,1,1,1,0,0,0,0,0,33.33,33.33,57.14,0.0,33.33,0.0,20.0,75.0,0.0
CAD-CC-00885,Air NorthStar Everyday Privilege Travel Rewards Card,Air NorthStar,Airline Partner,Premium Travel,Mastercard,2018,Active,499,175,80000,746,0.0,2.0,21.03,23.48,Travel Points,1.9,Travel Points,1,1,1,0,0,0,0,1,0,0,1,0,1,0,0,1,0,0,0,0,0,0,0,0,0,0,0,1,0,1,0,1,1,1,1,0,1,0,1,1,0,0,1,1,1,0,0,0,0,60000,0,820,0,0,Student,Travel,1,1,1,1,1,1,0,1,66.67,33.33,57.14,0.0,33.33,0.0,60.0,100.0,60.0
CAD-CC-00886,HomeBase Canada Elevate Cashback Rewards Card,HomeBase Canada,Retail Partner,Cashback,Visa,2021,Active,39,29,60000,741,2.5,4.0,22.16,24.04,Cashback,2.97,Cashback Dollars,1,0,1,1,0,0,1,1,1,1,0,0,0,1,0,0,0,1,0,0,0,0,0,0,0,1,0,0,0,0,0,0,0,0,0,0,1,1,0,1,0,0,1,0,0,0,0,0,0,0,50,50,0,3,Cashback,Lifestyle,0,1,0,1,0,0,0,0,0.0,100.0,28.57,16.67,55.56,0.0,40.0,50.0,0.0
CAD-CC-00887,Capital Crown Bank Aurora Student Rewards Card,Capital Crown Bank,Bank,Student,Visa,2023,Active,39,0,0,677,2.5,2.0,22.77,24.95,Cashback,0.64,Cashback Dollars,1,1,0,0,0,0,1,0,0,0,0,0,0,0,0,1,0,0,0,1,0,0,0,0,0,0,0,0,0,0,0,0,0,0,1,1,0,0,0,1,1,1,1,1,0,0,0,1,0,0,0,0,1,0,Student,Digital,1,1,0,0,0,0,0,0,11.11,33.33,71.43,8.33,11.11,25.0,40.0,50.0,0.0
CAD-CC-00888,GlobePass Canada Platinum Travel Infinite Card,GlobePass Canada,Travel Partner,Travel,American Express,2024,Active,39,50,15000,761,2.5,2.0,22.07,25.51,Travel Points,2.35,Flexible Points,0,1,1,0,0,1,0,0,0,0,1,0,0,0,0,0,0,0,0,0,0,0,0,0,0,1,1,1,0,1,0,0,1,1,0,0,1,0,0,1,1,1,1,0,0,0,0,0,0,30000,0,268,0,0,Travel,Digital,1,1,0,1,0,0,0,0,66.67,0.0,57.14,16.67,11.11,0.0,20.0,75.0,20.0
CAD-CC-00889,Northern Dominion Bank Elevate Student Card,Northern Dominion Bank,Bank,Student,Mastercard,2023,Active,39,0,10000,676,0.0,3.5,21.36,22.43,Flexible Points,0.8,Flexible Points,1,0,0,0,1,1,1,1,0,0,0,0,0,0,0,1,0,0,0,0,0,0,0,1,1,0,0,1,0,0,0,1,0,0,1,0,0,0,0,1,0,1,0,1,1,0,0,0,0,0,75,75,0,0,Student,Cashback,1,1,1,0,0,0,0,0,22.22,50.0,57.14,33.33,22.22,0.0,20.0,75.0,0.0
CAD-CC-00890,NeoMaple Financial North Balance Transfer Explorer Card,NeoMaple Financial,Fintech,Balance Transfer,Mastercard,2018,Active,20,0,15000,654,2.5,2.0,18.6,21.48,Hybrid Rewards,0.48,Cashback Dollars,0,1,0,0,0,0,0,1,0,0,0,0,0,0,0,0,0,0,0,0,0,0,0,0,0,0,0,1,0,0,1,0,0,0,0,1,1,1,0,1,1,0,0,1,0,0,0,0,0,0,50,50,1,0,Digital,Travel,1,1,0,1,0,0,0,0,33.33,16.67,42.86,0.0,11.11,0.0,60.0,75.0,0.0
CAD-CC-00892,Prairie National Bank North Privilege Travel Rewards Card,Prairie National Bank,Bank,Premium Travel,Mastercard,2025,Active,599,199,150000,809,0.0,4.0,21.83,25.14,Flexible Points,1.28,Travel Points,0,1,1,0,0,0,0,0,1,0,0,0,1,0,0,0,0,0,0,0,0,0,0,1,0,1,1,1,1,0,1,1,1,1,0,1,0,0,0,0,0,0,1,1,0,1,0,0,0,90000,0,722,0,0,Travel,Digital,1,1,1,0,1,1,0,1,88.89,16.67,42.86,16.67,22.22,0.0,20.0,75.0,80.0
CAD-CC-00893,NeoMaple Financial Prime Cashback Plus Card,NeoMaple Financial,Fintech,Cashback,Visa,2023,Active,89,0,30000,693,2.5,3.5,22.8,25.76,Cashback,1.62,Cashback Dollars,1,0,0,1,1,0,1,1,0,0,0,1,0,1,0,0,0,0,0,0,0,0,0,0,0,0,0,0,0,0,0,0,0,0,0,1,0,0,0,1,1,1,0,1,0,1,0,0,0,0,200,200,0,0,Cashback,Digital,1,1,0,0,0,0,0,0,0.0,66.67,71.43,8.33,44.44,0.0,20.0,50.0,0.0
CAD-CC-00894,PocketCredit Maple Balance Transfer World Card,PocketCredit,Fintech,Balance Transfer,Visa,2022,Active,29,20,12000,663,2.5,2.0,17.67,19.17,Cashback,0.63,Cashback Dollars,0,0,1,0,0,0,0,1,0,0,1,0,1,1,0,0,0,1,0,0,0,0,0,0,1,0,0,0,0,1,0,0,0,0,0,1,1,0,1,1,1,1,0,0,1,0,0,0,0,15000,0,127,1,9,Lifestyle,Digital,0,1,0,0,0,0,0,0,11.11,33.33,57.14,16.67,44.44,0.0,60.0,25.0,0.0
CAD-CC-00895,FlexiCard Digital Maple Cashback Plus Card,FlexiCard Digital,Fintech,Cashback,American Express,2016,Active,120,0,15000,748,2.5,2.0,22.32,24.79,Cashback,1.66,Cashback Dollars,1,0,1,0,0,0,1,0,0,0,0,0,1,0,0,0,0,0,0,0,0,0,0,0,0,0,0,0,0,0,0,0,0,1,0,0,1,0,0,1,1,1,0,1,1,0,0,0,0,0,200,200,0,6,Digital,Cashback,1,1,0,1,0,0,0,0,11.11,33.33,71.43,0.0,22.22,0.0,20.0,75.0,0.0
CAD-CC-00896,CanStyle Retail North Subscription Rewards Plus Card,CanStyle Retail,Retail Partner,Subscription Rewards,Visa,2015,Retired,0,0,0,642,2.5,2.0,21.19,22.63,Statement Credits,0.81,Cashback Dollars,1,0,0,0,1,1,1,0,0,0,0,1,1,0,0,0,1,0,1,1,0,1,0,1,1,0,0,0,0,0,1,0,0,0,1,0,1,0,0,0,0,1,0,0,0,0,1,0,0,10000,0,73,0,6,Subscription,Cashback,1,1,0,1,0,0,0,0,11.11,33.33,14.29,66.67,44.44,25.0,40.0,75.0,0.0
CAD-CC-00897,NorthPay Labs Aurora Cashback Plus Card,NorthPay Labs,Fintech,Cashback,Visa,2016,Active,0,0,60000,703,2.5,4.0,21.67,24.85,Cashback,1.11,Cashback Dollars,1,0,0,0,0,0,0,0,1,0,0,0,0,0,0,0,0,0,0,0,0,0,0,0,0,0,0,1,1,0,0,0,0,0,0,0,1,1,0,0,1,1,1,1,1,1,0,1,0,0,50,50,1,6,Digital,Cashback,0,1,0,0,0,0,0,0,22.22,33.33,85.71,0.0,11.11,25.0,40.0,25.0,0.0
CAD-CC-00898,FreshBasket Aurora Cashback Advantage Card,FreshBasket,Retail Partner,Cashback,American Express,2015,Active,39,0,30000,631,3.0,3.5,21.94,25.13,Cashback,1.04,Cashback Dollars,1,0,0,0,0,0,1,1,1,0,0,0,0,0,0,0,0,0,0,0,0,0,0,0,0,0,0,1,0,0,0,0,0,0,0,0,0,0,0,1,1,0,1,1,0,0,0,0,0,0,200,200,1,0,Cashback,Digital,1,1,0,1,0,0,0,0,11.11,66.67,57.14,0.0,33.33,0.0,0.0,75.0,0.0
CAD-CC-00900,BrightSpend Edge Digital First Infinite Card,BrightSpend,Fintech,Digital First,Visa,2015,Active,0,15,15000,695,2.5,2.0,21.04,23.59,Hybrid Rewards,0.65,Cashback Dollars,1,1,1,0,0,0,1,0,0,0,0,0,0,1,0,0,1,0,0,1,0,0,0,1,1,0,0,0,0,0,0,0,0,0,0,0,0,0,0,1,1,1,1,1,1,1,0,0,0,25000,0,203,0,9,Digital,Cashback,1,1,1,1,0,0,0,0,11.11,50.0,100.0,33.33,22.22,0.0,0.0,100.0,0.0
CAD-CC-00901,MapleTrust Bank Edge Privilege Travel Preferred Card,MapleTrust Bank,Bank,Premium Travel,Visa,2019,Active,599,149,60000,798,2.5,2.0,20.01,21.67,Travel Points,2.03,Loyalty Miles,0,1,1,0,0,0,1,1,0,1,0,0,0,0,0,0,0,0,0,0,0,0,0,0,0,0,1,1,1,1,1,0,1,1,1,0,1,0,0,0,0,1,0,1,0,0,0,0,0,80000,0,815,0,6,Travel,Cashback,0,1,0,0,1,1,0,1,88.89,50.0,28.57,0.0,33.33,0.0,40.0,25.0,80.0
CAD-CC-00902,Northern Dominion Bank Aurora Cashback Essentials Card,Northern Dominion Bank,Bank,Cashback,American Express,2022,Active,99,0,30000,694,2.5,3.0,22.7,24.21,Cashback,2.42,Cashback Dollars,1,0,0,0,0,0,0,1,1,0,0,0,0,0,0,0,0,0,0,0,0,0,0,0,0,0,0,0,0,0,0,0,0,0,0,1,1,0,0,0,1,1,1,0,0,0,0,0,0,0,150,150,1,0,Cashback,Digital,0,1,0,1,0,0,0,0,0.0,50.0,42.86,0.0,22.22,0.0,40.0,50.0,0.0
CAD-CC-00903,FlexiCard Digital Voyage Lifestyle Rewards Preferred Card,FlexiCard Digital,Fintech,Lifestyle Rewards,Mastercard,2025,Active,89,0,30000,624,0.0,4.0,22.67,25.78,Hybrid Rewards,0.99,Travel Points,0,1,0,1,1,0,1,1,0,0,0,0,1,0,0,0,1,0,0,0,1,0,0,0,0,0,0,0,0,0,0,1,0,0,0,1,0,0,0,1,1,1,1,1,1,0,1,0,0,25000,0,246,1,6,Digital,Cashback,1,1,0,0,0,0,0,0,22.22,33.33,85.71,25.0,33.33,25.0,20.0,50.0,0.0
CAD-CC-00904,Maple Leaf Credit Union Signature Travel Essentials Card,Maple Leaf Credit Union,Credit Union,Travel,Visa,2020,Pilot,150,29,30000,715,2.5,2.0,22.25,25.07,Travel Points,1.98,Travel Points,1,1,1,0,0,0,0,0,1,1,0,0,0,0,0,0,0,0,0,0,0,0,0,0,0,0,0,1,0,0,0,0,1,0,0,0,0,0,0,0,1,1,0,1,0,0,0,0,1,15000,0,126,1,9,Cashback,Digital,1,1,0,1,0,0,0,0,33.33,50.0,42.86,0.0,22.22,25.0,0.0,75.0,0.0
CAD-CC-00905,Harbour Financial Flex Privilege Travel Card,Harbour Financial,Bank,Premium Travel,Mastercard,2024,Active,499,175,80000,723,0.0,3.5,20.14,23.29,Travel Points,2.7,Travel Points,0,1,1,0,0,0,1,1,0,1,1,0,0,0,0,0,0,0,0,0,0,0,1,0,0,1,0,1,1,1,1,1,1,1,1,1,1,1,0,1,0,0,1,0,1,0,0,0,0,80000,0,649,1,9,Travel,Lifestyle,1,1,0,0,0,1,1,1,88.89,50.0,42.86,16.67,44.44,0.0,80.0,50.0,60.0
CAD-CC-00906,TrailStay Rewards Voyage Travel Explorer Card,TrailStay Rewards,Travel Partner,Travel,Visa,2023,Active,120,50,0,740,1.5,2.0,21.81,24.82,Flexible Points,1.64,Travel Points,1,1,1,0,0,0,0,0,0,0,1,0,0,0,0,0,0,0,0,0,0,0,0,0,0,0,0,0,0,0,1,0,1,1,0,1,1,0,0,1,1,0,1,1,0,0,0,0,0,30000,0,293,0,0,Business,Digital,1,1,1,0,1,0,0,0,44.44,16.67,57.14,0.0,11.11,0.0,40.0,75.0,20.0
CAD-CC-00907,FlexiCard Digital Momentum Sustainability Card,FlexiCard Digital,Fintech,Sustainability,Visa,2023,Active,89,0,60000,691,2.5,3.0,20.12,23.53,Flexible Points,2.0,Flexible Points,1,0,0,0,0,0,1,0,0,1,0,0,0,1,1,0,0,0,0,0,0,0,0,0,0,0,0,0,0,0,1,0,0,0,0,0,0,0,0,1,1,1,1,1,1,1,1,1,0,15000,0,107,0,12,Digital,Sustainability,1,1,1,0,0,0,0,0,11.11,66.67,100.0,0.0,33.33,75.0,0.0,75.0,0.0
CAD-CC-00908,HomeBase Canada Platinum Rewards Preferred Card,HomeBase Canada,Retail Partner,Rewards,Mastercard,2017,Active,89,0,30000,726,2.5,2.0,20.75,22.39,Cashback,1.44,Cashback Dollars,1,0,0,1,0,0,0,0,0,0,0,0,0,0,0,0,0,0,0,0,0,0,0,0,0,0,0,0,0,0,1,0,0,0,0,0,1,0,0,1,1,1,1,1,0,0,0,0,0,25000,0,190,0,0,Digital,Cashback,1,0,0,0,0,0,0,0,11.11,16.67,71.43,0.0,0.0,0.0,20.0,25.0,0.0
CAD-CC-00909,VoyagePlus Voyage Travel Card,VoyagePlus,Travel Partner,Travel,Mastercard,2017,Active,89,29,30000,728,2.5,4.0,20.02,22.16,Travel Points,2.18,Travel Points,0,1,1,0,0,0,0,0,0,1,1,0,0,0,0,0,0,0,0,0,1,0,0,0,0,0,0,0,1,0,1,0,0,1,0,0,0,0,0,1,0,0,0,1,0,0,0,0,0,30000,0,182,0,0,Travel,Lifestyle,1,1,0,1,1,0,0,0,44.44,16.67,28.57,8.33,22.22,0.0,0.0,75.0,20.0
CAD-CC-00910,VoyagePlus Elevate Travel Infinite Card,VoyagePlus,Travel Partner,Travel,American Express,2025,Active,120,29,15000,759,1.5,3.5,22.17,23.22,Travel Points,2.04,Travel Points,0,1,1,0,1,0,0,0,1,1,0,1,0,0,0,0,0,0,0,0,0,0,0,0,0,0,1,1,0,1,1,0,0,0,0,1,1,0,0,0,1,1,1,1,1,0,0,0,0,10000,0,68,0,3,Digital,Travel,0,0,0,0,1,0,0,1,55.56,33.33,71.43,8.33,33.33,0.0,40.0,0.0,60.0
CAD-CC-00911,Atlantic Community CU Signature Student Preferred Card,Atlantic Community CU,Credit Union,Student,Mastercard,2022,Active,39,0,10000,588,2.5,3.0,21.96,24.41,Cashback,1.26,Flexible Points,0,0,0,0,0,1,0,1,0,0,0,0,0,0,0,1,0,0,0,0,0,0,0,0,0,0,0,0,0,0,0,0,0,0,0,0,1,1,0,0,0,0,1,0,0,0,0,0,0,0,25,25,0,9,Student,Cashback,1,1,0,0,0,0,0,0,0.0,16.67,14.29,8.33,11.11,0.0,40.0,50.0,0.0
CAD-CC-00912,Northern Dominion Bank Everyday Sustainability Rewards Card,Northern Dominion Bank,Bank,Sustainability,American Express,2020,Active,49,0,0,739,2.0,2.0,21.31,23.34,Cashback,0.83,Cashback Dollars,1,1,0,0,0,0,0,1,0,0,0,0,0,1,1,0,0,0,0,0,0,0,0,0,0,0,0,0,0,0,0,0,0,0,1,0,0,0,0,0,1,1,1,0,0,0,0,0,1,25000,0,249,1,0,Cashback,Sustainability,1,1,1,0,0,0,0,0,11.11,50.0,42.86,0.0,22.22,50.0,20.0,75.0,0.0
CAD-CC-00913,Capital Crown Bank Elevate Student Preferred Card,Capital Crown Bank,Bank,Student,American Express,2022,Active,0,0,10000,600,2.0,4.0,22.15,24.24,Cashback,0.77,Flexible Points,0,0,0,0,1,0,1,0,0,0,0,0,0,0,0,1,0,0,0,0,0,0,0,1,0,0,0,0,0,0,0,0,0,0,0,0,0,0,1,0,1,0,0,0,0,0,0,0,0,0,50,50,0,0,Student,Cashback,1,1,0,1,0,0,0,0,0.0,16.67,14.29,16.67,11.11,0.0,20.0,75.0,0.0
CAD-CC-00914,BrightSpend Voyage Cashback Explorer Card,BrightSpend,Fintech,Cashback,Visa,2022,Active,0,0,30000,631,2.5,3.5,20.08,21.71,Cashback,1.3,Cashback Dollars,1,0,0,0,1,0,1,0,0,0,0,0,0,1,0,0,0,0,0,0,0,0,0,0,0,0,0,1,0,0,0,0,0,1,0,0,0,0,0,1,1,1,1,0,1,0,1,0,0,0,100,100,0,0,Business,Digital,0,1,1,1,0,0,0,0,22.22,50.0,71.43,8.33,22.22,25.0,0.0,75.0,0.0
CAD-CC-00915,Prairie National Bank Voyage Privilege Travel Plus Card,Prairie National Bank,Bank,Premium Travel,Visa,2017,Active,499,149,60000,729,0.0,3.0,22.05,25.42,Travel Points,2.91,Loyalty Miles,0,1,1,0,1,0,1,0,0,1,1,0,0,0,0,0,0,0,0,0,0,0,0,0,0,0,0,1,1,0,1,1,1,1,0,0,0,0,0,0,0,1,1,1,1,0,0,0,0,90000,0,763,0,0,Travel,Digital,1,1,0,0,1,1,1,0,77.78,33.33,57.14,8.33,33.33,0.0,0.0,50.0,60.0
CAD-CC-00916,PocketCredit Elevate Balance Transfer Plus Card,PocketCredit,Fintech,Balance Transfer,American Express,2019,Active,0,0,30000,663,3.0,1.0,17.31,19.94,Cashback,0.53,Cashback Dollars,0,0,1,0,0,0,0,0,0,0,1,0,0,0,0,0,0,0,0,0,0,0,0,0,0,0,0,1,0,0,0,0,0,1,1,0,1,0,1,1,0,1,1,1,1,0,0,0,0,15000,0,130,0,6,Digital,Travel,1,1,0,0,0,0,0,0,22.22,0.0,71.43,0.0,11.11,0.0,60.0,50.0,0.0
CAD-CC-00917,Laurentian Maple Bank Everyday Cashback Infinite Card,Laurentian Maple Bank,Bank,Cashback,Visa,2015,Active,89,29,15000,683,2.5,3.0,21.38,23.91,Cashback,2.81,Cashback Dollars,1,1,0,0,0,0,0,1,1,0,0,0,0,1,0,0,0,0,0,0,0,0,0,0,1,0,0,0,0,0,0,0,0,0,0,0,1,0,0,1,0,1,0,1,0,0,0,0,0,0,150,150,1,0,Cashback,Digital,1,1,0,0,0,0,0,0,11.11,66.67,42.86,8.33,33.33,0.0,20.0,50.0,0.0
CAD-CC-00918,Northern Dominion Bank Flex Low Interest Explorer Card,Northern Dominion Bank,Bank,Low Interest,American Express,2024,Active,0,0,15000,628,0.0,3.0,10.25,11.88,Cashback,1.05,Cashback Dollars,0,0,0,1,0,0,0,0,0,0,0,0,0,0,0,0,0,0,0,0,0,0,0,0,0,0,0,0,0,0,0,1,0,0,1,1,0,1,0,0,0,0,0,0,0,0,1,0,0,0,0,0,0,6,Sustainability,Travel,1,0,0,1,0,0,0,0,11.11,0.0,0.0,0.0,0.0,25.0,60.0,50.0,0.0
CAD-CC-00919,Coastline Credit Union Maple Low Interest Preferred Card,Coastline Credit Union,Credit Union,Low Interest,Mastercard,2025,Retired,0,0,12000,660,2.5,2.0,10.66,13.92,Statement Credits,0.48,Cashback Dollars,0,0,0,0,0,0,1,0,0,0,0,0,0,1,0,0,0,0,0,0,0,0,0,0,0,0,0,0,0,0,0,0,0,0,0,0,1,1,0,1,0,1,0,0,0,0,0,0,0,0,0,0,0,6,Cashback,Digital,1,1,1,1,0,0,0,0,0.0,33.33,28.57,0.0,22.22,0.0,40.0,100.0,0.0
CAD-CC-00920,TrueNorth Bank Voyage Privilege Travel Rewards Card,TrueNorth Bank,Bank,Premium Travel,Visa,2021,Pilot,599,149,100000,814,2.5,2.0,22.82,24.02,Flexible Points,1.54,Travel Points,0,1,1,0,0,0,0,0,0,0,1,0,0,0,0,0,0,0,0,0,0,0,0,0,0,0,1,1,0,1,1,0,1,1,0,0,0,0,0,0,1,0,1,0,0,0,0,0,0,90000,0,865,0,6,Travel,Digital,1,1,0,1,0,1,0,1,77.78,0.0,28.57,0.0,11.11,0.0,0.0,75.0,60.0
CAD-CC-00921,FlexiCard Digital Maple Student Card,FlexiCard Digital,Fintech,Student,American Express,2024,Active,0,10,5000,617,2.5,2.0,21.46,22.79,Flexible Points,1.49,Cashback Dollars,1,0,1,1,0,1,1,0,1,0,0,0,0,0,0,1,0,0,0,0,0,0,0,0,0,0,0,0,0,0,0,0,0,0,1,1,1,0,0,1,1,1,1,1,1,1,0,0,0,0,25,25,0,0,Digital,Student,1,1,1,1,0,0,0,0,0.0,50.0,100.0,8.33,22.22,0.0,60.0,100.0,0.0
CAD-CC-00922,PayWave Canada Platinum Student Card,PayWave Canada,Fintech,Student,Mastercard,2016,Active,39,0,5000,639,2.5,3.5,22.7,25.49,Cashback,1.88,Flexible Points,1,0,0,0,0,0,0,0,0,0,0,0,0,0,0,1,0,0,0,0,0,1,0,1,0,0,0,0,0,0,1,0,0,0,1,0,0,1,1,1,1,1,1,1,0,0,0,0,0,0,25,25,1,0,Student,Digital,1,1,1,0,0,0,0,0,11.11,16.67,71.43,16.67,11.11,0.0,60.0,75.0,0.0
CAD-CC-00923,VoyagePlus Platinum Privilege Travel Preferred Card,VoyagePlus,Travel Partner,Premium Travel,Visa,2023,Active,699,99,100000,789,2.5,2.0,20.12,21.19,Flexible Points,3.07,Travel Points,0,1,1,0,0,0,0,1,0,0,1,0,0,0,0,0,0,0,0,0,1,0,0,0,0,0,1,0,1,1,1,0,1,1,0,0,1,0,1,1,1,1,0,0,0,0,0,0,0,60000,0,658,1,0,Travel,Digital,0,1,0,1,1,1,1,0,77.78,16.67,42.86,8.33,22.22,0.0,40.0,50.0,80.0
CAD-CC-00924,Northern Lights CU Elevate Balance Transfer Explorer Card,Northern Lights CU,Credit Union,Balance Transfer,Visa,2018,Active,39,10,30000,646,2.5,3.0,15.09,18.56,Statement Credits,1.12,Cashback Dollars,0,0,0,1,0,0,0,0,0,0,0,0,0,0,0,0,0,0,0,0,0,0,0,0,0,0,0,1,0,0,0,0,0,0,0,1,1,0,0,1,1,0,0,1,0,0,0,0,0,10000,0,79,1,12,Digital,Travel,1,1,0,0,0,0,0,0,11.11,0.0,42.86,0.0,0.0,0.0,40.0,50.0,0.0
CAD-CC-00925,VoyagePlus Signature Travel Essentials Card,VoyagePlus,Travel Partner,Travel,Mastercard,2022,Active,120,50,0,776,2.5,3.0,22.09,24.41,Flexible Points,1.1,Travel Points,1,1,1,1,0,0,0,1,0,0,0,0,0,0,0,0,0,0,0,0,0,1,0,0,0,0,0,0,1,0,1,0,1,1,0,0,1,1,1,0,1,1,0,1,0,0,0,0,1,15000,0,118,0,12,Travel,Digital,1,1,0,0,0,0,0,0,55.56,33.33,42.86,8.33,22.22,25.0,60.0,50.0,0.0
CAD-CC-00926,Air NorthStar Signature Privilege Travel Rewards Card,Air NorthStar,Airline Partner,Premium Travel,Mastercard,2021,Active,499,175,80000,730,0.0,3.5,22.23,25.72,Flexible Points,1.86,Travel Points,0,1,1,0,0,0,0,1,1,1,0,0,0,0,0,0,0,0,0,0,0,0,0,0,1,0,1,1,1,1,1,1,1,1,1,0,0,0,1,0,0,0,0,1,1,0,0,0,0,90000,0,749,0,0,Travel,Cashback,1,1,0,0,1,1,1,0,100.0,50.0,28.57,8.33,33.33,0.0,40.0,50.0,80.0
CAD-CC-00927,Maple Leaf Credit Union Edge Rewards Advantage Card,Maple Leaf Credit Union,Credit Union,Rewards,Visa,2020,Active,0,29,0,657,2.5,3.0,20.19,23.63,Cashback,1.25,Travel Points,0,0,1,1,0,0,1,1,1,0,0,0,0,0,0,0,0,1,0,0,0,0,0,0,0,0,0,0,1,0,0,0,0,0,1,0,1,0,0,1,1,1,0,1,0,0,0,0,0,25000,0,217,0,12,Cashback,Digital,1,1,1,0,0,0,0,0,11.11,50.0,57.14,8.33,33.33,0.0,40.0,75.0,0.0
CAD-CC-00928,FlexiCard Digital Everyday Lifestyle Rewards Essentials Card,FlexiCard Digital,Fintech,Lifestyle Rewards,American Express,2022,Active,99,0,0,676,2.5,2.0,20.68,21.93,Flexible Points,2.12,Flexible Points,0,0,0,0,0,1,0,0,0,0,0,0,1,1,0,0,0,0,0,0,0,0,0,0,0,0,0,0,0,0,0,0,0,1,0,0,0,0,0,0,1,1,1,1,1,0,0,0,0,25000,0,224,1,6,Digital,Lifestyle,1,1,0,1,0,0,0,0,11.11,16.67,71.43,8.33,22.22,0.0,0.0,75.0,0.0
CAD-CC-00929,PocketCredit Maple Cashback Essentials Card,PocketCredit,Fintech,Cashback,Mastercard,2017,Active,99,29,60000,637,2.5,2.0,21.33,24.24,Cashback,2.81,Cashback Dollars,1,0,0,0,0,0,1,0,1,0,0,0,0,1,0,0,0,0,0,0,0,0,0,0,0,0,0,0,0,0,0,0,0,0,1,0,1,0,0,0,1,1,0,1,1,0,0,0,0,0,100,100,0,0,Cashback,Digital,1,1,1,0,0,0,0,0,0.0,66.67,57.14,0.0,33.33,0.0,40.0,75.0,0.0
CAD-CC-00930,Laurentian Maple Bank North Rewards Advantage Card,Laurentian Maple Bank,Bank,Rewards,American Express,2021,Active,39,0,0,738,2.5,2.0,22.34,24.63,Flexible Points,1.59,Flexible Points,0,0,1,0,0,0,0,0,0,0,0,0,1,1,0,0,0,0,0,0,0,0,0,0,1,0,0,0,0,0,0,0,0,0,1,0,1,0,0,0,1,1,1,1,0,0,0,0,0,10000,0,65,1,3,Digital,Lifestyle,1,0,0,1,0,0,0,0,0.0,16.67,57.14,8.33,22.22,0.0,40.0,50.0,0.0
CAD-CC-00931,Prairie Community CU Flex Travel Essentials Card,Prairie Community CU,Credit Union,Travel,Mastercard,2022,Active,150,0,60000,727,2.5,3.0,20.03,23.23,Flexible Points,1.31,Loyalty Miles,0,1,1,0,0,0,1,0,0,0,0,0,0,1,0,0,0,0,0,0,0,0,0,0,0,0,0,1,0,1,0,0,0,0,1,0,0,0,0,1,1,0,1,1,1,0,0,0,0,30000,0,277,0,0,Digital,Cashback,0,1,0,1,0,0,0,0,33.33,33.33,71.43,0.0,22.22,0.0,20.0,50.0,0.0
CAD-CC-00933,PocketCredit Summit Digital First World Card,PocketCredit,Fintech,Digital First,Visa,2022,Active,49,0,30000,720,0.0,3.0,21.08,24.39,Hybrid Rewards,0.63,Flexible Points,0,0,0,1,1,0,0,0,0,0,0,0,0,0,0,0,0,0,0,0,1,1,0,0,0,0,0,0,0,0,0,1,0,0,0,0,0,1,1,1,1,1,1,1,0,1,0,0,1,0,100,100,0,0,Digital,Subscription,1,1,1,1,0,0,0,0,11.11,0.0,85.71,25.0,11.11,25.0,40.0,100.0,0.0
CAD-CC-00934,BrightSpend Maple Balance Transfer Card,BrightSpend,Fintech,Balance Transfer,Visa,2026,Active,29,0,0,692,2.5,4.0,19.35,22.11,Cashback,0.27,Cashback Dollars,0,0,0,0,0,0,1,0,0,0,1,0,0,0,0,0,0,0,0,0,0,0,0,0,0,0,0,1,0,0,1,0,0,0,1,1,1,1,1,1,1,1,1,1,1,0,0,0,0,10000,0,66,0,0,Digital,Travel,1,1,0,1,0,0,0,0,22.22,16.67,85.71,0.0,22.22,0.0,100.0,75.0,0.0
CAD-CC-00935,Harbour Financial Summit Privilege Travel Card,Harbour Financial,Bank,Premium Travel,American Express,2018,Active,499,149,80000,786,0.0,4.0,22.18,25.2,Travel Points,2.18,Loyalty Miles,1,1,1,0,0,0,0,1,0,1,0,0,0,0,0,0,0,1,0,0,0,0,0,0,0,0,1,1,1,0,1,1,1,1,0,0,0,0,0,1,1,0,0,1,0,0,0,0,0,90000,0,1099,0,0,Travel,Cashback,1,1,1,0,1,1,0,1,88.89,50.0,42.86,8.33,22.22,0.0,0.0,75.0,80.0
CAD-CC-00936,TrueNorth Bank Signature Low Interest Explorer Card,TrueNorth Bank,Bank,Low Interest,Mastercard,2019,Active,29,0,30000,676,2.0,4.0,9.73,12.2,Hybrid Rewards,0.71,Cashback Dollars,0,0,0,1,0,0,0,0,0,0,0,0,0,0,0,0,0,0,0,0,0,0,0,0,0,0,0,0,0,0,0,0,0,0,0,1,1,0,1,0,1,0,1,0,0,0,0,0,0,0,0,0,1,12,Digital,Cashback,0,1,0,0,0,0,0,0,0.0,0.0,28.57,0.0,0.0,0.0,60.0,25.0,0.0
CAD-CC-00937,Laurentian Maple Bank Select Low Interest Essentials Card,Laurentian Maple Bank,Bank,Low Interest,Mastercard,2016,Active,29,20,30000,664,3.0,3.5,10.33,12.02,Statement Credits,1.12,Cashback Dollars,0,0,0,0,0,0,0,0,0,0,0,0,0,0,0,0,1,0,0,0,0,0,0,0,0,0,0,0,0,0,0,0,0,0,0,1,0,1,0,1,1,0,1,0,1,0,0,1,0,0,75,75,1,0,Digital,Sustainability,1,1,1,0,0,0,0,0,0.0,0.0,57.14,8.33,0.0,25.0,40.0,75.0,0.0
CAD-CC-00938,TrueNorth Bank Edge Travel World Card,TrueNorth Bank,Bank,Travel,Visa,2020,Active,89,29,60000,717,2.5,4.0,21.55,22.92,Travel Points,1.51,Loyalty Miles,0,1,1,0,0,0,0,1,0,0,1,0,0,1,0,0,0,0,1,0,0,0,0,0,0,0,0,1,1,0,0,0,0,1,0,1,0,0,0,0,1,1,0,0,0,0,0,0,0,30000,0,292,0,9,Lifestyle,Travel,1,1,1,0,0,0,0,0,44.44,33.33,28.57,8.33,33.33,0.0,20.0,75.0,0.0
CAD-CC-00939,HotelMaple Group Summit Travel Advantage Card,HotelMaple Group,Travel Partner,Travel,Visa,2016,Active,89,0,80000,685,2.5,3.0,22.9,24.33,Travel Points,1.02,Travel Points,0,1,1,0,0,0,0,1,0,0,1,1,0,0,0,0,0,0,0,0,0,0,0,0,0,0,0,1,1,0,0,0,0,1,1,1,1,0,0,0,1,1,0,0,1,0,0,0,0,20000,0,186,1,3,Lifestyle,Travel,0,1,1,1,0,0,0,0,44.44,16.67,42.86,0.0,33.33,0.0,60.0,75.0,0.0
CAD-CC-00940,Harbour Financial Thrive Travel World Card,Harbour Financial,Bank,Travel,Visa,2017,Active,89,29,15000,694,2.5,4.0,22.32,24.98,Flexible Points,2.3,Travel Points,1,1,1,0,0,0,0,1,0,0,0,0,0,0,0,0,0,0,0,0,0,0,0,0,0,0,0,1,1,0,1,0,0,1,0,0,0,0,0,0,1,1,0,0,1,0,1,0,0,15000,0,114,0,6,Travel,Cashback,0,0,0,0,0,0,0,0,55.56,33.33,42.86,0.0,11.11,25.0,0.0,0.0,0.0
CAD-CC-00941,UrbanCart Flex Lifestyle Rewards Rewards Card,UrbanCart,Retail Partner,Lifestyle Rewards,Mastercard,2016,Pilot,89,29,60000,621,2.5,3.0,20.96,22.19,Flexible Points,2.55,Flexible Points,0,0,1,0,0,1,0,1,1,0,1,0,1,0,0,0,1,0,0,0,0,0,1,0,0,1,0,0,0,0,0,0,0,0,1,0,0,0,0,0,0,0,0,0,0,0,0,0,0,15000,0,140,0,0,Lifestyle,Cashback,1,1,1,0,0,0,0,0,0.0,33.33,0.0,33.33,44.44,0.0,20.0,75.0,0.0
CAD-CC-00942,UrbanCart Thrive Cashback Essentials Card,UrbanCart,Retail Partner,Cashback,Mastercard,2022,Active,39,29,30000,678,0.0,4.0,20.39,21.56,Cashback,2.04,Cashback Dollars,1,1,0,0,0,0,1,0,1,1,0,0,0,0,0,0,0,0,1,0,0,0,0,0,0,0,0,0,0,0,0,1,0,0,0,0,1,0,1,1,1,1,0,1,0,1,0,0,0,0,50,50,0,6,Digital,Cashback,1,1,0,0,0,0,0,0,22.22,66.67,71.43,8.33,33.33,0.0,40.0,50.0,0.0
CAD-CC-00943,TrueNorth Bank Flex Low Interest Plus Card,TrueNorth Bank,Bank,Low Interest,Mastercard,2021,Active,0,20,12000,652,2.5,2.0,9.82,12.5,Hybrid Rewards,0.75,Cashback Dollars,0,0,1,0,0,0,0,0,0,0,0,0,0,0,0,0,1,0,0,0,0,0,0,0,0,0,0,0,0,0,0,0,0,1,1,1,0,0,0,1,1,1,0,0,0,0,0,0,0,0,0,0,0,3,Digital,Travel,1,1,1,0,0,0,0,0,11.11,0.0,42.86,8.33,0.0,0.0,40.0,75.0,0.0
CAD-CC-00944,Prairie National Bank Elevate Cashback Preferred Card,Prairie National Bank,Bank,Cashback,Visa,2022,Active,39,0,15000,678,2.5,3.5,22.51,25.29,Cashback,1.48,Cashback Dollars,1,1,1,1,0,0,1,1,0,0,0,0,0,0,0,0,0,0,0,0,0,0,0,0,0,0,0,0,0,0,0,0,1,0,1,0,0,0,0,1,1,1,0,0,1,0,0,1,0,0,200,200,0,6,Cashback,Digital,0,0,0,1,0,0,0,0,22.22,50.0,57.14,0.0,22.22,25.0,20.0,25.0,0.0
CAD-CC-00946,MapleTrust Bank North Low Interest Infinite Card,MapleTrust Bank,Bank,Low Interest,Mastercard,2016,Active,39,0,30000,679,2.5,2.0,14.9,17.43,Cashback,0.96,Cashback Dollars,1,0,0,0,0,0,0,0,0,0,0,0,0,0,0,0,0,0,0,0,0,0,0,0,0,0,0,0,0,0,0,0,0,0,1,1,0,1,1,1,1,0,0,1,0,0,0,0,0,0,75,75,0,0,Digital,Cashback,1,1,0,0,0,0,0,0,0.0,16.67,42.86,0.0,0.0,0.0,80.0,50.0,0.0
CAD-CC-00947,MapleAir Summit Privilege Travel Plus Card,MapleAir,Airline Partner,Premium Travel,Visa,2016,Active,499,175,80000,749,0.0,4.0,22.98,24.97,Travel Points,1.32,Flexible Points,1,1,1,0,0,0,0,1,0,0,0,0,0,0,0,0,0,0,0,0,0,0,0,0,0,0,1,1,1,1,1,1,1,1,0,0,0,0,0,1,1,1,0,1,1,0,0,1,0,90000,0,946,0,3,Travel,Digital,1,1,0,1,1,1,0,1,100.0,33.33,71.43,0.0,11.11,25.0,0.0,75.0,80.0
CAD-CC-00948,Maple Leaf Credit Union Voyage Rewards Rewards Card,Maple Leaf Credit Union,Credit Union,Rewards,Mastercard,2021,Active,89,0,0,750,2.5,2.0,22.5,23.9,Cashback,2.05,Cashback Dollars,0,0,1,0,0,0,1,1,0,1,0,0,0,0,0,0,0,0,0,0,0,0,0,0,0,0,0,0,0,0,0,0,0,0,0,1,0,0,0,1,1,1,0,1,0,1,0,0,0,10000,0,93,1,9,Digital,Cashback,1,0,0,1,0,0,0,0,0.0,50.0,71.43,0.0,33.33,0.0,20.0,50.0,0.0
CAD-CC-00949,FreshBasket Maple Rewards Card,FreshBasket,Retail Partner,Rewards,Mastercard,2019,Active,89,0,30000,675,0.0,4.0,22.37,25.48,Flexible Points,1.14,Cashback Dollars,0,0,1,0,0,0,0,1,0,0,0,0,1,0,0,0,0,0,0,0,0,0,0,0,0,0,0,0,1,0,1,1,0,0,0,0,1,0,0,0,1,1,0,0,1,0,0,0,0,15000,0,108,1,3,Digital,Lifestyle,1,0,0,1,0,0,0,0,33.33,16.67,42.86,0.0,22.22,0.0,20.0,50.0,0.0
CAD-CC-00950,Atlantic Community CU Aurora Low Interest Advantage Card,Atlantic Community CU,Credit Union,Low Interest,Mastercard,2017,Active,39,0,0,636,2.5,3.0,11.51,13.72,Hybrid Rewards,1.15,Cashback Dollars,0,0,0,0,0,0,1,0,0,0,0,0,0,0,0,0,0,0,0,0,0,0,0,0,0,0,0,0,0,0,0,0,0,0,1,1,1,0,0,1,0,1,0,0,1,0,0,0,0,0,25,25,0,0,Digital,Cashback,1,1,1,0,0,0,0,0,0.0,16.67,42.86,0.0,11.11,0.0,60.0,75.0,0.0
CAD-CC-00951,Prairie Community CU Elevate Low Interest Essentials Card,Prairie Community CU,Credit Union,Low Interest,Mastercard,2020,Retired,39,20,15000,713,2.5,2.0,11.53,14.68,Cashback,1.11,Cashback Dollars,0,0,1,0,0,0,0,0,0,0,0,0,0,0,0,0,0,0,0,0,0,0,0,0,0,0,0,0,0,0,0,0,0,0,0,0,1,1,0,1,1,1,1,1,1,0,0,1,0,0,0,0,1,9,Digital,Sustainability,1,1,0,1,0,0,0,0,0.0,0.0,85.71,0.0,0.0,25.0,40.0,75.0,0.0
CAD-CC-00952,NorthPay Labs Summit Subscription Rewards Card,NorthPay Labs,Fintech,Subscription Rewards,Mastercard,2018,Active,49,0,30000,647,2.5,4.0,21.07,23.5,Statement Credits,1.87,Cashback Dollars,0,0,0,0,1,1,0,0,0,0,0,0,0,0,0,0,1,0,1,0,1,0,0,0,1,0,0,0,0,0,0,0,0,0,1,0,0,0,0,1,0,1,1,1,1,0,0,0,0,15000,0,96,1,0,Digital,Subscription,1,1,1,0,0,0,0,0,0.0,0.0,71.43,50.0,0.0,0.0,20.0,75.0,0.0
CAD-CC-00953,Prairie National Bank Aurora Rewards Essentials Card,Prairie National Bank,Bank,Rewards,Visa,2018,Active,99,0,30000,721,2.5,3.5,21.59,23.91,Hybrid Rewards,1.72,Travel Points,1,0,1,0,0,0,0,0,0,0,0,0,0,0,0,0,0,0,0,0,0,0,0,0,0,0,0,0,0,0,0,0,0,0,1,0,1,0,0,0,1,1,0,0,0,0,0,1,0,0,50,50,1,0,Digital,Sustainability,0,1,0,0,0,0,0,0,0.0,16.67,28.57,0.0,0.0,25.0,40.0,25.0,0.0
CAD-CC-00954,Atlantic Community CU Flex Travel Preferred Card,Atlantic Community CU,Credit Union,Travel,Mastercard,2018,Active,39,75,15000,772,0.0,4.0,21.31,23.6,Travel Points,1.72,Loyalty Miles,0,1,1,0,0,0,1,1,0,0,1,0,0,0,0,0,0,0,0,0,0,0,0,0,0,0,1,0,0,0,0,1,1,0,1,0,1,0,1,1,1,1,0,1,0,0,0,0,0,20000,0,145,0,6,Digital,Travel,0,1,1,1,0,0,1,0,44.44,33.33,57.14,0.0,33.33,0.0,60.0,75.0,40.0
CAD-CC-00955,Harbour Financial Select Student Plus Card,Harbour Financial,Bank,Student,American Express,2017,Active,39,0,0,682,3.0,2.0,22.47,23.53,Cashback,0.72,Flexible Points,1,0,0,0,0,0,1,0,0,0,0,0,1,0,0,1,0,0,0,0,0,0,0,0,0,1,0,0,0,0,0,0,0,0,0,1,1,1,0,0,0,1,1,0,0,0,0,0,0,0,0,0,1,6,Student,Cashback,1,1,1,1,0,0,0,0,0.0,33.33,28.57,8.33,22.22,0.0,60.0,100.0,0.0
CAD-CC-00956,PayWave Canada Aurora Lifestyle Rewards Infinite Card,PayWave Canada,Fintech,Lifestyle Rewards,Visa,2023,Active,39,0,15000,742,0.0,3.5,21.28,22.66,Flexible Points,2.04,Flexible Points,1,0,1,0,0,0,0,1,0,0,1,0,1,1,0,0,0,0,0,0,0,0,0,0,0,0,0,0,0,0,0,1,0,0,1,0,0,0,0,1,1,1,1,1,1,1,1,0,0,10000,0,77,0,12,Digital,Lifestyle,1,1,0,0,0,0,0,0,11.11,50.0,100.0,0.0,44.44,25.0,20.0,50.0,0.0
CAD-CC-00957,Ontario Mutual CU Signature Balance Transfer Plus Card,Ontario Mutual CU,Credit Union,Balance Transfer,Visa,2019,Pilot,0,0,30000,654,2.5,4.0,16.59,19.21,Hybrid Rewards,1.01,Cashback Dollars,1,0,0,0,0,0,0,0,0,1,0,0,0,0,0,0,1,0,0,0,0,0,0,0,0,0,0,1,0,0,0,0,0,0,1,0,1,1,0,0,0,0,1,1,1,1,0,0,0,15000,0,99,0,0,Digital,Cashback,1,1,1,1,0,0,0,0,11.11,33.33,57.14,8.33,11.11,0.0,60.0,100.0,0.0
CAD-CC-00958,MapleTrust Bank Prime Travel Rewards Card,MapleTrust Bank,Bank,Travel,Visa,2024,Active,120,0,60000,719,2.5,3.0,21.31,24.34,Travel Points,2.09,Travel Points,0,1,1,0,0,0,0,0,0,0,0,0,0,0,0,0,0,0,1,0,1,0,0,0,0,0,0,1,1,0,1,0,0,1,1,1,0,0,0,1,0,0,0,0,0,1,0,0,0,15000,0,138,0,0,Travel,Digital,1,1,1,0,1,0,0,0,55.56,0.0,28.57,16.67,0.0,0.0,40.0,75.0,20.0
CAD-CC-00960,TrueNorth Bank Maple Privilege Travel Preferred Card,TrueNorth Bank,Bank,Premium Travel,Visa,2024,Active,599,149,80000,819,0.0,3.5,21.17,23.17,Flexible Points,3.36,Travel Points,0,1,1,0,0,0,0,0,1,1,0,0,1,0,0,0,0,0,0,0,0,0,0,0,0,0,0,1,1,1,1,1,1,1,0,0,0,0,0,1,1,1,1,1,0,0,0,0,1,90000,0,1000,0,0,Travel,Digital,1,1,1,1,1,0,0,0,88.89,33.33,71.43,0.0,33.33,25.0,0.0,100.0,20.0
CAD-CC-00962,TrueNorth Bank Thrive Balance Transfer Advantage Card,TrueNorth Bank,Bank,Balance Transfer,Visa,2022,Active,0,20,30000,675,2.5,4.0,15.02,17.35,Hybrid Rewards,0.84,Cashback Dollars,1,0,1,1,0,0,0,1,1,0,0,1,0,0,0,0,0,0,0,0,0,0,0,0,0,0,0,0,0,0,0,0,0,0,1,1,0,0,1,1,1,0,1,1,0,0,1,0,0,0,100,100,0,0,Cashback,Digital,0,1,0,1,0,0,0,0,0.0,50.0,57.14,0.0,33.33,25.0,60.0,50.0,0.0
CAD-CC-00963,Ontario Mutual CU North Sustainability Advantage Card,Ontario Mutual CU,Credit Union,Sustainability,Visa,2016,Retired,0,50,30000,645,2.5,4.0,22.09,23.73,Hybrid Rewards,1.91,Flexible Points,1,0,0,0,0,0,0,1,0,0,0,0,0,1,1,0,0,0,0,0,0,0,0,0,0,0,0,0,0,0,0,0,0,0,1,0,0,0,0,1,0,1,0,0,0,0,1,1,1,25000,0,196,0,0,Sustainability,Cashback,1,1,0,1,0,0,0,0,0.0,50.0,28.57,0.0,22.22,100.0,20.0,75.0,0.0
CAD-CC-00964,MapleTrust Bank Flex Cashback Essentials Card,MapleTrust Bank,Bank,Cashback,Mastercard,2026,Active,39,0,30000,659,2.5,3.5,22.97,24.96,Cashback,2.16,Cashback Dollars,1,1,0,1,0,0,1,1,1,0,0,0,0,1,0,0,0,0,0,0,0,0,0,0,0,0,0,0,0,0,0,0,0,0,0,1,0,1,0,1,1,1,1,1,0,0,0,0,0,0,200,200,0,12,Cashback,Digital,1,1,1,1,0,0,0,0,11.11,83.33,71.43,0.0,44.44,0.0,40.0,100.0,0.0
CAD-CC-00966,Ontario Mutual CU Everyday Student Rewards Card,Ontario Mutual CU,Credit Union,Student,Visa,2018,Active,39,15,10000,591,0.0,2.0,21.06,24.19,Cashback,1.93,Flexible Points,0,0,0,0,0,0,1,0,0,0,0,0,0,0,0,1,0,0,0,1,1,0,1,0,0,0,0,0,0,0,0,1,0,0,0,0,0,0,0,0,1,0,1,1,0,0,0,0,0,0,0,0,1,6,Student,Digital,0,1,0,1,0,0,0,0,11.11,16.67,42.86,25.0,11.11,0.0,0.0,50.0,0.0
CAD-CC-00967,Prairie Community CU Thrive Cashback Plus Card,Prairie Community CU,Credit Union,Cashback,Visa,2020,Active,99,0,30000,638,2.5,3.5,21.12,24.21,Cashback,2.59,Cashback Dollars,1,0,0,1,0,0,0,0,0,1,0,0,1,1,0,0,0,1,0,0,0,0,0,0,0,0,0,0,0,0,0,0,0,0,0,0,0,1,0,0,1,0,0,1,1,0,0,0,0,0,150,150,1,6,Lifestyle,Cashback,1,0,1,1,0,0,0,0,0.0,50.0,42.86,8.33,33.33,0.0,20.0,75.0,0.0
CAD-CC-00968,PayWave Canada Voyage Balance Transfer Essentials Card,PayWave Canada,Fintech,Balance Transfer,Visa,2020,Active,0,0,30000,640,2.5,3.0,13.46,14.79,Cashback,0.61,Cashback Dollars,0,0,0,1,0,0,0,0,0,0,0,0,0,0,0,0,0,0,0,0,0,0,1,0,0,0,0,0,0,0,0,0,0,0,0,1,0,1,1,1,1,1,1,1,1,0,0,0,0,0,150,150,0,12,Digital,Subscription,1,1,0,1,0,0,0,0,0.0,0.0,85.71,8.33,0.0,0.0,60.0,75.0,0.0
CAD-CC-00969,MapleAir Elevate Privilege Travel Rewards Card,MapleAir,Airline Partner,Premium Travel,Mastercard,2023,Active,399,99,60000,728,2.0,3.5,21.72,23.8,Travel Points,1.62,Travel Points,0,1,1,0,0,0,0,0,0,0,1,0,1,0,0,0,0,0,0,0,0,0,0,0,0,0,1,1,1,1,1,0,0,1,1,1,1,0,0,1,0,1,1,1,0,0,0,0,0,60000,0,777,0,0,Business,Travel,1,1,1,1,1,1,1,0,77.78,0.0,57.14,0.0,22.22,0.0,60.0,100.0,80.0
CAD-CC-00971,NorthPay Labs Elevate Digital First Infinite Card,NorthPay Labs,Fintech,Digital First,Mastercard,2021,Active,0,0,0,699,0.0,4.0,21.22,24.38,Cashback,1.69,Cashback Dollars,0,0,1,1,0,0,1,0,0,1,0,0,0,0,0,0,0,0,0,1,1,0,0,0,1,0,0,0,0,0,0,1,0,0,0,0,1,1,1,1,1,1,1,1,0,1,1,0,0,0,100,100,0,12,Digital,Subscription,1,1,0,0,0,0,0,0,11.11,33.33,85.71,25.0,22.22,25.0,60.0,50.0,0.0
CAD-CC-00972,CanadaJet Rewards Momentum Travel Advantage Card,CanadaJet Rewards,Airline Partner,Travel,Mastercard,2016,Active,120,0,30000,733,0.0,4.0,21.59,23.7,Flexible Points,1.04,Travel Points,0,1,1,1,0,0,1,0,0,0,0,0,0,0,0,0,0,0,0,0,0,0,0,0,1,0,0,0,1,0,0,1,0,0,1,0,1,0,0,1,1,0,1,1,0,0,0,0,1,40000,0,320,1,0,Digital,Travel,1,1,0,1,0,0,0,0,33.33,16.67,57.14,8.33,11.11,25.0,40.0,75.0,0.0
CAD-CC-00973,Maple Leaf Credit Union Voyage Travel Advantage Card,Maple Leaf Credit Union,Credit Union,Travel,Visa,2015,Active,89,29,15000,773,0.0,3.5,22.54,26.0,Flexible Points,1.37,Flexible Points,0,1,1,0,0,0,0,0,0,1,1,0,0,0,0,0,0,1,0,0,0,0,0,0,0,0,0,1,0,0,1,1,1,1,0,0,0,1,0,1,0,1,0,0,0,0,0,0,1,20000,0,140,0,0,Travel,Lifestyle,1,1,1,0,0,1,0,1,66.67,16.67,28.57,8.33,22.22,25.0,20.0,75.0,40.0
CAD-CC-00974,Polar Wings Flex Travel Advantage Card,Polar Wings,Airline Partner,Travel,American Express,2015,Active,120,0,0,706,2.5,3.0,21.01,24.43,Travel Points,2.3,Travel Points,0,1,1,0,0,0,0,0,0,1,0,0,0,1,0,0,0,0,0,0,0,0,0,0,0,0,0,0,0,0,0,0,0,0,0,0,0,0,0,1,1,1,1,0,1,0,0,0,0,40000,0,318,0,6,Digital,Lifestyle,0,1,1,1,0,0,0,0,11.11,33.33,71.43,0.0,22.22,0.0,0.0,75.0,0.0
CAD-CC-00975,FlexiCard Digital Platinum Cashback Rewards Card,FlexiCard Digital,Fintech,Cashback,Mastercard,2015,Active,0,29,15000,745,2.5,2.0,21.64,23.37,Cashback,1.98,Cashback Dollars,1,0,1,0,1,0,1,0,0,1,0,0,0,1,0,0,0,0,0,0,0,0,0,0,0,0,0,0,0,0,0,0,0,0,0,1,0,0,0,1,1,1,1,1,1,0,0,0,0,0,50,50,0,0,Digital,Cashback,1,1,1,0,0,0,0,0,0.0,66.67,85.71,8.33,33.33,0.0,20.0,75.0,0.0
CAD-CC-00976,Maple Leaf Credit Union Maple Cashback World Card,Maple Leaf Credit Union,Credit Union,Cashback,Mastercard,2015,Active,39,29,60000,695,2.5,4.0,22.43,24.02,Cashback,2.98,Cashback Dollars,1,0,0,1,0,0,1,0,0,0,0,1,0,1,0,0,0,0,0,0,0,0,0,0,0,0,0,0,0,0,0,0,0,0,0,1,1,1,1,1,0,1,1,1,0,0,0,0,0,0,50,50,0,0,Cashback,Digital,1,1,1,0,0,0,0,0,0.0,50.0,57.14,0.0,33.33,0.0,80.0,75.0,0.0
CAD-CC-00977,Northern Dominion Bank Thrive Low Interest Preferred Card,Northern Dominion Bank,Bank,Low Interest,American Express,2015,Active,39,20,12000,664,2.5,4.0,9.4,11.33,Statement Credits,0.81,Cashback Dollars,1,1,0,0,0,0,1,0,0,0,0,0,0,0,0,0,0,0,0,0,0,0,0,0,0,0,0,0,0,0,0,0,0,0,1,0,0,1,1,0,1,0,1,1,0,0,0,0,0,0,0,0,0,0,Digital,Cashback,1,1,0,1,0,0,0,0,11.11,33.33,42.86,0.0,11.11,0.0,60.0,75.0,0.0
CAD-CC-00978,Coastline Credit Union Platinum Cashback Rewards Card,Coastline Credit Union,Credit Union,Cashback,Visa,2024,Active,0,0,30000,693,2.5,3.0,21.58,23.47,Cashback,1.43,Cashback Dollars,1,0,0,0,0,0,0,0,0,0,0,0,0,0,0,0,0,0,0,0,0,0,0,0,0,0,0,0,1,0,0,0,0,0,0,0,1,0,0,1,1,1,0,1,1,0,1,0,0,0,50,50,0,9,Digital,Sustainability,1,1,0,0,0,0,0,0,11.11,16.67,71.43,0.0,0.0,25.0,20.0,50.0,0.0
CAD-CC-00979,BrightSpend Everyday Subscription Rewards Advantage Card,BrightSpend,Fintech,Subscription Rewards,Mastercard,2017,Active,0,0,60000,652,2.5,4.0,20.46,23.75,Statement Credits,1.96,Cashback Dollars,0,0,0,0,1,1,1,0,0,0,0,1,1,0,0,0,0,1,0,1,0,0,1,1,1,0,0,0,0,0,0,0,0,0,0,0,0,0,0,1,1,1,0,1,1,0,0,0,0,25000,0,186,0,0,Digital,Subscription,1,1,0,0,0,0,0,0,0.0,16.67,71.43,58.33,33.33,0.0,0.0,50.0,0.0
CAD-CC-00980,NorthPay Labs Voyage Digital First Card,NorthPay Labs,Fintech,Digital First,Mastercard,2025,Active,120,15,0,678,3.0,3.5,21.72,22.83,Flexible Points,1.13,Cashback Dollars,0,0,1,0,0,0,0,0,0,0,0,0,0,1,0,0,0,1,0,0,0,0,0,0,0,1,0,0,0,0,0,0,0,0,1,1,0,1,0,1,1,1,1,1,1,1,0,0,0,25000,0,186,0,12,Digital,Cashback,1,1,0,1,0,0,1,0,0.0,16.67,100.0,16.67,11.11,0.0,60.0,75.0,20.0
CAD-CC-00981,Atlantic Community CU Edge Student Preferred Card,Atlantic Community CU,Credit Union,Student,Mastercard,2016,Active,0,0,0,633,2.5,4.0,21.59,24.79,Cashback,1.38,Cashback Dollars,1,0,0,1,0,1,1,1,1,0,0,0,0,1,0,1,0,0,0,0,0,0,0,0,0,0,0,0,0,1,1,0,0,0,0,1,1,1,0,1,0,1,1,1,0,0,0,0,0,0,0,0,0,9,Student,Cashback,1,1,0,0,0,0,0,0,22.22,83.33,57.14,8.33,44.44,0.0,60.0,50.0,0.0
CAD-CC-00982,Prairie National Bank Everyday Low Interest Card,Prairie National Bank,Bank,Low Interest,Visa,2021,Active,29,0,30000,621,2.5,3.5,9.42,10.99,Cashback,0.93,Cashback Dollars,0,0,1,0,0,0,0,0,1,0,0,0,0,0,0,0,0,0,0,0,0,0,0,0,0,0,0,1,0,0,1,0,0,1,0,0,1,0,0,0,0,1,1,0,0,0,0,0,0,0,75,75,0,12,Travel,Digital,1,1,1,0,0,0,0,0,33.33,16.67,28.57,0.0,11.11,0.0,20.0,75.0,0.0
CAD-CC-00983,Prairie National Bank Summit Rewards Infinite Card,Prairie National Bank,Bank,Rewards,Visa,2025,Active,39,0,60000,657,2.5,3.5,22.1,25.54,Hybrid Rewards,2.57,Flexible Points,0,0,0,0,0,0,1,0,1,0,0,0,0,1,0,0,0,0,0,0,0,0,0,0,0,1,0,0,0,0,0,0,0,0,0,0,1,1,1,1,1,0,0,0,0,0,0,0,0,10000,0,63,0,0,Cashback,Digital,0,1,0,0,0,0,0,0,0.0,50.0,28.57,8.33,33.33,0.0,60.0,25.0,0.0
CAD-CC-00984,NeoMaple Financial Maple Subscription Rewards Rewards Card,NeoMaple Financial,Fintech,Subscription Rewards,Visa,2015,Active,0,0,0,636,2.0,2.0,20.1,22.86,Statement Credits,1.01,Cashback Dollars,0,0,1,1,1,1,0,0,0,0,0,0,1,0,0,0,1,0,1,1,1,1,1,1,0,1,0,0,0,0,0,0,0,0,1,0,1,0,0,1,1,1,0,0,1,1,0,0,1,0,50,50,0,0,Subscription,Digital,1,1,0,0,0,0,0,0,0.0,0.0,71.43,83.33,22.22,25.0,40.0,50.0,0.0
CAD-CC-00985,Capital Crown Bank Voyage Student Explorer Card,Capital Crown Bank,Bank,Student,American Express,2019,Active,0,10,10000,583,2.5,3.5,21.62,23.5,Cashback,1.19,Cashback Dollars,1,0,0,0,0,0,1,1,0,0,0,0,0,0,0,1,0,0,0,0,0,0,0,0,0,0,0,0,0,0,1,0,0,0,1,1,1,1,1,0,0,0,1,1,0,0,0,0,0,0,50,50,0,0,Student,Cashback,1,1,0,0,0,0,0,0,11.11,50.0,28.57,0.0,22.22,0.0,100.0,50.0,0.0
CAD-CC-00986,CanStyle Retail Summit Rewards Infinite Card,CanStyle Retail,Retail Partner,Rewards,Mastercard,2023,Active,0,0,30000,671,2.0,2.0,22.64,26.07,Flexible Points,1.66,Flexible Points,0,0,1,0,0,0,0,1,1,0,0,0,0,0,0,0,0,0,0,0,0,0,0,0,0,0,0,1,0,0,0,0,0,1,0,1,0,0,0,0,0,0,0,0,1,0,0,0,0,15000,0,97,0,3,Cashback,Travel,1,1,0,0,0,0,0,0,22.22,33.33,14.29,0.0,22.22,0.0,20.0,50.0,0.0
CAD-CC-00987,BrightSpend Elevate Digital First Essentials Card,BrightSpend,Fintech,Digital First,Visa,2019,Active,0,0,0,668,2.5,3.0,22.68,25.82,Cashback,0.64,Flexible Points,1,1,0,0,0,1,0,0,0,0,0,0,0,1,0,0,0,0,0,0,0,0,0,0,0,0,0,0,0,0,0,0,0,0,1,0,1,0,1,1,1,1,1,0,1,1,1,0,0,0,150,150,0,0,Digital,Cashback,0,1,0,0,0,0,0,0,11.11,33.33,85.71,8.33,11.11,25.0,60.0,25.0,0.0
CAD-CC-00988,Prairie Community CU Select Travel Infinite Card,Prairie Community CU,Credit Union,Travel,Mastercard,2016,Active,0,0,60000,762,0.0,4.0,20.11,23.0,Travel Points,2.22,Loyalty Miles,0,1,1,0,0,0,0,1,0,1,0,0,0,1,0,0,0,0,0,0,0,0,1,0,0,0,0,0,1,0,1,1,1,1,0,0,0,0,0,1,0,1,0,0,1,0,0,0,0,20000,0,162,0,6,Travel,Lifestyle,1,1,1,0,0,1,0,0,66.67,50.0,42.86,8.33,33.33,0.0,0.0,75.0,20.0
CAD-CC-00989,UrbanCart Signature Cashback Card,UrbanCart,Retail Partner,Cashback,Visa,2024,Active,0,29,80000,751,2.5,4.0,21.05,23.71,Cashback,2.17,Cashback Dollars,1,0,0,1,0,0,1,1,1,0,1,0,0,0,0,0,0,0,0,0,0,0,0,1,0,0,0,1,0,0,0,0,0,0,1,0,0,0,0,0,1,0,1,0,0,1,1,0,0,0,150,150,1,6,Cashback,Digital,1,0,0,0,0,0,0,0,11.11,66.67,42.86,8.33,44.44,25.0,20.0,25.0,0.0
CAD-CC-00990,Northern Dominion Bank Maple Privilege Travel Rewards Card,Northern Dominion Bank,Bank,Premium Travel,Mastercard,2015,Active,499,149,150000,722,0.0,3.0,22.85,24.88,Travel Points,2.84,Travel Points,0,1,1,0,0,0,0,1,1,0,1,0,0,0,0,1,0,0,0,0,0,0,0,0,0,0,1,1,1,1,1,1,1,1,1,1,1,0,0,0,0,1,0,1,0,0,1,0,0,50000,0,639,1,0,Travel,Student,1,1,0,1,1,1,0,0,100.0,33.33,28.57,0.0,33.33,25.0,60.0,75.0,60.0
CAD-CC-00992,PayWave Canada Prime Subscription Rewards Rewards Card,PayWave Canada,Fintech,Subscription Rewards,Mastercard,2019,Active,49,0,0,754,2.5,2.0,21.89,24.68,Statement Credits,1.71,Cashback Dollars,0,0,1,0,1,1,0,0,0,0,0,0,0,0,0,0,1,1,0,0,0,1,0,1,1,1,0,0,0,0,0,0,0,0,0,1,1,1,0,1,1,1,1,1,1,1,0,0,0,15000,0,94,0,9,Digital,Subscription,1,0,1,1,0,0,0,0,0.0,0.0,100.0,66.67,11.11,0.0,60.0,75.0,0.0
CAD-CC-00993,Northern Dominion Bank Voyage Privilege Travel Preferred Card,Northern Dominion Bank,Bank,Premium Travel,Mastercard,2019,Active,499,99,100000,790,2.5,2.0,21.14,23.42,Travel Points,1.68,Travel Points,0,1,1,0,0,0,0,1,0,1,1,0,1,0,0,0,1,0,0,1,0,0,0,0,0,0,0,1,1,0,1,0,1,1,0,1,0,1,0,0,0,1,1,0,0,0,0,0,0,60000,0,820,0,9,Travel,Lifestyle,1,1,0,0,0,1,1,1,66.67,33.33,28.57,16.67,44.44,0.0,40.0,50.0,60.0
CAD-CC-00994,Laurentian Maple Bank Voyage Low Interest Plus Card,Laurentian Maple Bank,Bank,Low Interest,Visa,2023,Active,39,0,15000,716,3.0,3.0,10.38,13.72,Hybrid Rewards,0.66,Cashback Dollars,0,0,1,0,0,0,0,0,0,1,0,0,0,0,0,0,0,0,0,0,0,0,0,0,0,0,0,0,0,0,0,0,0,0,0,0,0,1,0,0,1,0,0,0,0,0,0,0,0,0,25,25,1,9,Lifestyle,Digital,1,1,1,0,0,0,0,0,0.0,16.67,14.29,0.0,11.11,0.0,20.0,75.0,0.0
CAD-CC-00995,Atlantic Community CU Everyday Travel Preferred Card,Atlantic Community CU,Credit Union,Travel,Visa,2015,Active,89,29,60000,674,2.5,3.5,20.2,22.83,Travel Points,1.81,Travel Points,0,1,1,1,0,0,0,0,0,1,0,0,1,0,0,0,0,0,0,0,0,0,0,0,0,0,0,1,0,1,1,0,1,1,0,1,0,0,0,1,0,0,0,0,0,0,0,0,0,10000,0,77,1,0,Travel,Lifestyle,1,1,0,1,0,0,0,0,66.67,16.67,14.29,0.0,22.22,0.0,20.0,75.0,0.0
CAD-CC-00996,PocketCredit Aurora Digital First Advantage Card,PocketCredit,Fintech,Digital First,Visa,2026,Active,0,50,0,667,2.5,3.0,21.24,23.99,Cashback,1.52,Cashback Dollars,0,1,1,0,1,0,0,0,0,0,0,0,0,0,0,0,1,0,0,0,0,0,1,0,0,0,0,0,0,0,1,0,0,0,1,1,0,0,0,1,1,1,1,1,1,1,0,0,0,15000,0,141,1,0,Digital,Subscription,1,1,0,1,0,0,0,0,22.22,0.0,100.0,25.0,0.0,0.0,40.0,75.0,0.0
CAD-CC-00997,Harbour Financial Maple Sustainability Preferred Card,Harbour Financial,Bank,Sustainability,Visa,2025,Active,0,0,0,661,2.5,3.0,20.98,22.39,Flexible Points,0.69,Cashback Dollars,0,0,1,0,0,0,1,0,0,1,1,0,0,0,1,0,0,0,0,0,0,0,0,0,0,0,0,0,0,0,0,0,0,1,1,0,0,0,0,1,0,1,1,0,0,0,0,1,1,0,50,50,0,3,Sustainability,Digital,0,0,0,0,0,0,0,0,11.11,33.33,42.86,0.0,33.33,75.0,20.0,0.0,0.0
CAD-CC-00998,Prairie National Bank Prime Cashback Infinite Card,Prairie National Bank,Bank,Cashback,Visa,2026,Active,0,0,60000,737,0.0,3.0,21.87,25.08,Cashback,2.09,Cashback Dollars,1,0,0,1,0,1,1,1,0,0,0,0,0,0,0,0,0,0,0,0,0,0,0,0,0,0,0,0,0,0,0,1,0,0,1,0,0,0,0,1,0,0,1,1,1,0,0,0,0,0,150,150,0,0,Cashback,Digital,1,1,1,0,0,0,0,0,11.11,50.0,57.14,8.33,22.22,0.0,20.0,75.0,0.0
CAD-CC-00999,MapleTrust Bank Elevate Cashback Card,MapleTrust Bank,Bank,Cashback,Mastercard,2022,Active,89,0,80000,706,2.5,2.0,21.44,23.56,Cashback,1.62,Cashback Dollars,1,0,0,0,0,0,1,0,1,0,0,0,0,1,0,0,0,0,0,0,0,0,0,0,0,0,0,1,0,0,0,0,0,0,1,1,0,1,0,1,0,0,1,0,1,0,0,0,0,0,50,50,0,3,Cashback,Digital,1,1,0,0,0,0,0,0,11.11,66.67,42.86,0.0,33.33,0.0,60.0,50.0,0.0
CAD-CC-01000,TrailStay Rewards Elevate Privilege Travel Explorer Card,TrailStay Rewards,Travel Partner,Premium Travel,Mastercard,2015,Active,399,175,100000,806,0.0,2.0,22.6,25.61,Flexible Points,3.09,Travel Points,0,1,1,0,0,0,0,1,0,0,1,0,0,1,0,0,0,0,0,0,0,0,0,0,0,0,1,1,1,1,1,1,1,1,0,0,1,0,0,1,1,1,0,1,1,0,0,1,0,50000,0,615,0,12,Travel,Digital,1,1,0,1,1,1,1,1,100.0,33.33,71.43,0.0,33.33,25.0,20.0,75.0,100.0
CAD-CC-01001,FlexiCard Digital Flex Balance Transfer Card,FlexiCard Digital,Fintech,Balance Transfer,Mastercard,2023,Active,0,10,15000,686,2.5,3.0,19.47,21.61,Hybrid Rewards,0.55,Cashback Dollars,0,0,0,1,0,0,0,0,0,0,0,0,0,0,0,0,0,0,0,0,0,0,0,0,0,0,1,1,0,0,0,0,0,0,1,1,1,1,1,1,1,1,0,1,1,0,0,0,0,10000,0,95,0,0,Digital,Travel,1,1,0,1,0,0,0,0,22.22,0.0,71.43,0.0,0.0,0.0,100.0,75.0,20.0
CAD-CC-01002,Coastline Credit Union Platinum Rewards Card,Coastline Credit Union,Credit Union,Rewards,American Express,2020,Active,99,0,60000,628,2.5,3.0,21.25,24.23,Flexible Points,1.78,Flexible Points,1,0,1,0,0,0,0,1,1,0,0,0,0,0,0,0,0,0,0,0,0,0,0,0,0,0,0,0,1,0,0,0,0,0,0,0,0,1,0,1,1,1,1,0,0,0,1,0,0,0,50,50,1,0,Cashback,Digital,1,1,1,1,0,0,0,0,11.11,50.0,57.14,0.0,22.22,25.0,20.0,100.0,0.0
CAD-CC-01003,Prairie Community CU Platinum Low Interest Essentials Card,Prairie Community CU,Credit Union,Low Interest,Visa,2024,Active,29,0,12000,629,2.5,3.5,13.02,16.29,Cashback,0.99,Cashback Dollars,0,0,0,0,0,0,0,0,0,0,0,0,1,0,0,0,0,0,0,0,0,0,0,0,0,0,0,0,0,0,0,0,0,0,1,0,0,1,0,0,1,0,1,0,1,0,0,0,0,0,0,0,0,0,Digital,Lifestyle,1,1,1,0,0,0,0,0,0.0,0.0,42.86,0.0,11.11,0.0,40.0,75.0,0.0
CAD-CC-01004,HomeBase Canada Momentum Cashback Preferred Card,HomeBase Canada,Retail Partner,Cashback,Mastercard,2016,Active,39,0,60000,645,2.5,4.0,20.48,23.37,Cashback,2.35,Cashback Dollars,1,0,0,0,1,0,1,1,1,0,0,0,0,1,0,0,0,0,0,0,0,0,0,0,0,0,0,0,0,0,1,0,0,0,1,0,0,0,0,1,0,0,1,1,0,0,0,0,1,0,50,50,0,12,Cashback,Digital,0,1,0,0,0,0,0,0,11.11,83.33,42.86,8.33,44.44,25.0,20.0,25.0,0.0
CAD-CC-01005,Coastline Credit Union Summit Cashback Plus Card,Coastline Credit Union,Credit Union,Cashback,Visa,2019,Active,0,50,0,654,2.5,3.5,20.79,24.14,Cashback,1.82,Cashback Dollars,1,1,0,0,0,0,0,1,0,0,0,0,0,1,0,0,0,0,0,0,0,0,0,0,0,0,0,0,0,0,1,0,0,1,1,0,0,0,0,1,1,0,0,1,1,0,0,0,0,0,150,150,0,0,Cashback,Digital,0,1,1,0,0,0,0,0,33.33,50.0,57.14,0.0,22.22,0.0,20.0,50.0,0.0
CAD-CC-01006,MapleTrust Bank Flex Rewards World Card,MapleTrust Bank,Bank,Rewards,Mastercard,2015,Retired,89,0,15000,646,3.0,4.0,22.93,25.3,Flexible Points,1.3,Flexible Points,0,0,0,0,0,0,1,1,0,0,0,1,0,0,0,0,0,0,0,0,0,0,0,0,0,0,0,0,0,0,0,0,0,0,0,0,0,1,0,1,1,1,0,1,0,0,0,1,0,15000,0,107,0,3,Digital,Cashback,0,1,1,0,0,0,0,0,0.0,33.33,57.14,0.0,33.33,25.0,20.0,50.0,0.0
CAD-CC-01007,Capital Crown Bank Aurora Rewards Explorer Card,Capital Crown Bank,Bank,Rewards,Mastercard,2021,Active,99,0,60000,728,3.0,3.5,22.74,24.88,Flexible Points,2.21,Flexible Points,0,0,1,0,0,0,0,1,1,0,0,0,0,0,0,0,0,0,0,0,0,0,0,0,0,0,0,0,0,0,0,0,0,0,1,0,0,1,0,1,1,0,0,1,0,0,1,1,0,10000,0,61,0,6,Sustainability,Cashback,0,1,1,0,0,0,0,0,0.0,33.33,42.86,0.0,22.22,50.0,40.0,50.0,0.0
CAD-CC-01008,FlexiCard Digital Voyage Subscription Rewards Essentials Card,FlexiCard Digital,Fintech,Subscription Rewards,American Express,2023,Active,0,0,30000,676,2.5,3.0,20.43,21.59,Statement Credits,1.68,Cashback Dollars,1,0,0,0,1,1,0,1,0,0,0,0,0,0,0,0,0,1,0,0,0,1,1,0,0,1,0,0,0,0,0,0,0,0,0,0,1,0,1,1,0,1,1,1,1,1,0,0,0,0,100,100,1,0,Digital,Subscription,0,1,0,1,0,0,0,0,0.0,33.33,85.71,50.0,22.22,0.0,40.0,50.0,0.0
CAD-CC-01009,Laurentian Maple Bank Voyage Travel World Card,Laurentian Maple Bank,Bank,Travel,Mastercard,2022,Active,39,75,30000,720,0.0,3.5,20.33,22.6,Travel Points,1.4,Travel Points,0,1,1,0,0,0,0,0,0,1,0,0,0,0,0,0,0,0,0,1,0,0,0,0,0,0,0,1,1,0,0,1,1,0,0,1,0,0,0,0,1,0,0,0,0,0,0,0,0,10000,0,77,1,3,Travel,Lifestyle,1,1,0,0,0,1,0,0,55.56,16.67,14.29,8.33,11.11,0.0,20.0,50.0,20.0
CAD-CC-01010,Capital Crown Bank Elevate Balance Transfer Explorer Card,Capital Crown Bank,Bank,Balance Transfer,Mastercard,2017,Active,39,20,12000,662,2.0,4.0,17.08,20.03,Statement Credits,0.42,Cashback Dollars,0,0,0,0,0,0,0,0,0,1,0,0,0,0,0,0,0,0,0,0,0,0,0,0,0,0,0,1,0,0,0,0,0,0,1,1,1,0,1,0,1,0,0,0,0,0,1,0,0,25000,0,211,0,0,Sustainability,Lifestyle,1,1,1,1,0,0,0,0,11.11,16.67,14.29,0.0,11.11,25.0,80.0,100.0,0.0
CAD-CC-01011,Maple Leaf Credit Union Everyday Rewards Essentials Card,Maple Leaf Credit Union,Credit Union,Rewards,Mastercard,2024,Active,0,0,60000,722,2.0,3.0,21.32,22.49,Cashback,1.36,Flexible Points,0,0,1,0,0,0,0,1,0,0,1,0,0,0,0,0,0,0,0,0,0,0,0,1,1,0,0,1,0,0,0,0,1,1,0,0,0,1,1,0,1,0,0,0,0,0,0,0,1,0,150,150,0,0,Travel,Lifestyle,1,1,0,0,0,0,0,0,33.33,16.67,14.29,16.67,22.22,25.0,40.0,50.0,0.0
CAD-CC-01012,Prairie National Bank Aurora Student Essentials Card,Prairie National Bank,Bank,Student,Visa,2020,Active,0,0,0,625,2.5,4.0,22.38,25.84,Hybrid Rewards,0.85,Cashback Dollars,1,0,0,1,0,1,1,1,0,0,0,0,0,0,0,1,1,0,0,0,0,0,0,0,0,0,0,0,0,0,0,0,0,0,1,0,1,0,1,1,1,0,0,0,0,0,0,0,0,0,25,25,0,0,Student,Cashback,1,1,0,0,0,0,0,0,0.0,50.0,28.57,16.67,22.22,0.0,60.0,50.0,0.0
CAD-CC-01013,Laurentian Maple Bank Momentum Low Interest Essentials Card,Laurentian Maple Bank,Bank,Low Interest,Mastercard,2022,Active,39,10,12000,690,2.5,2.0,11.33,14.37,Statement Credits,0.93,Cashback Dollars,0,0,1,0,0,0,0,0,1,0,0,0,0,0,0,0,0,0,0,0,0,0,0,0,0,0,0,0,0,0,0,0,0,0,1,1,0,0,1,1,0,0,1,1,0,0,0,0,0,0,75,75,0,0,Business,Digital,1,1,0,1,0,0,0,0,0.0,16.67,42.86,0.0,11.11,0.0,60.0,75.0,0.0
CAD-CC-01014,Northern Lights CU Select Sustainability Card,Northern Lights CU,Credit Union,Sustainability,Mastercard,2024,Active,0,0,30000,694,2.5,3.0,22.26,25.13,Flexible Points,1.73,Cashback Dollars,0,0,1,1,0,0,0,0,0,1,0,0,0,1,1,0,0,0,0,0,0,0,0,0,1,0,0,0,0,0,0,0,0,0,1,0,0,0,0,1,1,1,1,0,1,0,1,1,1,25000,0,199,0,0,Sustainability,Digital,0,1,0,1,0,0,0,0,0.0,33.33,71.43,8.33,22.22,100.0,20.0,50.0,0.0
CAD-CC-01015,Prairie Community CU North Cashback Card,Prairie Community CU,Credit Union,Cashback,Mastercard,2026,Active,0,50,80000,625,0.0,3.0,22.86,24.41,Cashback,2.88,Cashback Dollars,1,0,0,1,0,0,1,0,1,0,0,0,0,0,0,0,0,0,0,0,0,0,1,0,0,0,0,0,0,0,0,1,0,0,0,0,0,1,0,1,0,0,0,0,1,0,0,0,0,0,50,50,0,9,Cashback,Digital,1,1,1,0,0,0,0,0,11.11,50.0,28.57,8.33,22.22,0.0,20.0,75.0,0.0
CAD-CC-01016,Northern Lights CU Prime Travel Card,Northern Lights CU,Credit Union,Travel,Mastercard,2020,Active,89,50,80000,692,2.0,3.5,20.23,22.78,Flexible Points,1.22,Loyalty Miles,0,1,1,1,0,0,0,1,0,1,0,0,0,0,0,0,0,0,0,0,0,0,1,0,1,0,0,0,0,0,1,0,0,1,0,0,0,0,0,1,1,1,1,1,1,0,0,0,0,20000,0,168,1,0,Digital,Travel,1,1,0,1,0,0,0,0,33.33,33.33,85.71,16.67,22.22,0.0,0.0,75.0,0.0
CAD-CC-01017,Harbour Financial Maple Subscription Rewards Plus Card,Harbour Financial,Bank,Subscription Rewards,Mastercard,2015,Active,0,0,15000,661,2.5,4.0,20.43,23.42,Statement Credits,0.98,Cashback Dollars,1,0,0,0,1,1,0,0,0,0,0,1,1,0,0,0,1,0,0,0,1,0,1,0,0,0,0,0,0,0,0,0,0,0,0,0,1,0,0,1,0,1,0,0,0,0,0,0,0,25000,0,193,0,0,Subscription,Lifestyle,1,1,1,0,0,0,0,0,0.0,16.67,28.57,41.67,22.22,0.0,20.0,75.0,0.0
CAD-CC-01018,Coastline Credit Union Everyday Travel World Card,Coastline Credit Union,Credit Union,Travel,Mastercard,2019,Active,0,29,30000,682,2.5,2.0,22.08,24.53,Travel Points,1.37,Travel Points,0,1,1,0,0,0,0,1,0,0,0,0,0,0,0,0,0,0,0,0,0,0,0,0,0,0,0,1,0,1,0,0,0,1,0,0,1,0,0,1,1,1,0,0,0,0,0,0,0,30000,0,263,0,0,Travel,Digital,1,1,0,0,0,1,0,0,44.44,16.67,42.86,0.0,11.11,0.0,20.0,50.0,20.0
CAD-CC-01019,Northern Lights CU Elevate Balance Transfer Essentials Card,Northern Lights CU,Credit Union,Balance Transfer,American Express,2025,Active,0,0,12000,668,2.5,3.0,19.05,21.6,Cashback,0.82,Cashback Dollars,0,0,0,1,0,0,0,0,0,0,0,0,0,0,0,0,0,0,0,0,0,0,0,0,0,0,0,0,0,0,0,0,0,0,0,1,0,0,0,1,1,1,0,0,0,0,0,0,0,25000,0,219,0,0,Digital,Cashback,1,1,0,0,0,0,0,0,0.0,0.0,42.86,0.0,0.0,0.0,20.0,50.0,0.0
CAD-CC-01020,Prairie National Bank Everyday Rewards Preferred Card,Prairie National Bank,Bank,Rewards,Visa,2017,Active,99,29,15000,725,3.0,4.0,20.41,21.91,Flexible Points,2.57,Flexible Points,1,0,1,0,0,0,1,1,0,0,0,0,1,0,0,1,1,0,0,0,0,0,1,0,0,0,0,0,0,0,1,0,0,0,0,0,0,0,0,1,1,1,1,1,0,0,0,0,1,10000,0,62,0,12,Student,Digital,0,1,0,0,0,0,0,0,11.11,50.0,71.43,16.67,33.33,25.0,0.0,25.0,0.0
CAD-CC-01021,BrightSpend Summit Subscription Rewards Essentials Card,BrightSpend,Fintech,Subscription Rewards,Visa,2015,Active,0,15,30000,694,2.5,2.0,20.07,23.57,Statement Credits,1.69,Cashback Dollars,0,0,0,0,1,1,1,1,0,0,1,0,1,0,0,0,1,0,1,0,1,1,1,1,0,0,1,0,0,0,0,0,0,0,1,0,1,0,0,0,1,1,1,1,1,0,0,0,1,25000,0,153,0,0,Digital,Subscription,1,1,1,1,0,0,0,0,11.11,33.33,71.43,66.67,55.56,25.0,40.0,100.0,20.0
CAD-CC-01022,Atlantic Community CU Platinum Sustainability Infinite Card,Atlantic Community CU,Credit Union,Sustainability,Visa,2024,Active,0,30,30000,744,3.0,2.0,21.41,22.63,Flexible Points,1.74,Cashback Dollars,0,0,0,0,0,0,0,1,0,1,0,0,1,0,1,0,0,0,0,0,0,0,0,0,0,0,0,0,0,0,0,0,0,0,0,0,1,0,0,0,0,0,0,0,0,0,1,1,1,15000,0,100,0,6,Sustainability,Lifestyle,1,1,0,0,0,0,0,0,0.0,33.33,0.0,0.0,33.33,100.0,20.0,50.0,0.0
CAD-CC-01023,CanadaJet Rewards Edge Travel Plus Card,CanadaJet Rewards,Airline Partner,Travel,Visa,2025,Active,89,50,30000,743,0.0,3.5,20.69,22.53,Travel Points,1.21,Loyalty Miles,0,1,1,0,0,0,0,1,1,0,1,0,0,0,0,0,0,0,0,0,0,0,0,0,0,0,0,1,0,0,1,1,0,0,0,1,0,0,0,0,0,1,1,0,0,0,0,1,0,40000,0,277,1,0,Travel,Cashback,1,1,0,1,0,1,1,0,44.44,33.33,28.57,0.0,33.33,25.0,20.0,75.0,40.0
CAD-CC-01024,FlexiCard Digital Momentum Cashback Essentials Card,FlexiCard Digital,Fintech,Cashback,Mastercard,2022,Active,99,29,60000,659,2.5,2.0,20.72,23.53,Cashback,1.48,Cashback Dollars,1,0,0,1,0,0,1,1,1,0,0,0,0,1,0,0,0,0,0,0,0,0,0,0,0,0,0,0,0,0,1,0,0,0,1,0,0,0,0,1,1,1,1,1,0,0,1,0,1,0,100,100,0,12,Cashback,Digital,1,1,1,1,0,0,0,0,11.11,83.33,71.43,0.0,44.44,50.0,20.0,100.0,0.0
CAD-CC-01025,NorthPay Labs Thrive Digital First Preferred Card,NorthPay Labs,Fintech,Digital First,Mastercard,2022,Active,89,15,15000,679,2.5,3.0,21.71,24.77,Cashback,1.7,Flexible Points,1,0,0,0,1,0,0,0,0,0,0,0,0,1,0,0,1,1,1,0,1,0,0,0,0,0,0,0,0,0,0,0,0,0,0,0,1,0,1,1,1,1,1,1,1,1,0,0,0,25000,0,178,0,0,Digital,Cashback,1,1,0,0,0,0,0,0,0.0,33.33,100.0,41.67,11.11,0.0,40.0,50.0,0.0
CAD-CC-01026,TrueNorth Bank North Travel Advantage Card,TrueNorth Bank,Bank,Travel,Visa,2024,Active,89,0,0,768,0.0,4.0,21.79,23.87,Travel Points,1.18,Travel Points,1,1,1,0,0,0,0,1,0,0,0,0,0,0,0,0,0,0,0,0,0,0,0,0,0,0,0,1,0,1,1,1,0,1,0,1,1,0,0,0,0,1,1,0,1,0,0,0,0,20000,0,135,0,6,Travel,Digital,1,0,0,0,0,1,0,0,66.67,33.33,42.86,0.0,11.11,0.0,40.0,25.0,20.0
CAD-CC-01027,FlexiCard Digital Flex Balance Transfer Infinite Card,FlexiCard Digital,Fintech,Balance Transfer,Mastercard,2021,Active,20,20,12000,644,2.5,2.0,13.59,15.55,Statement Credits,0.78,Cashback Dollars,0,0,0,1,0,0,0,0,0,1,0,0,0,0,0,0,0,0,0,0,0,0,0,0,0,0,0,0,0,0,0,0,0,0,1,1,1,1,1,1,1,1,1,1,0,1,0,0,0,0,50,50,1,3,Digital,Lifestyle,1,1,0,0,0,0,0,0,0.0,16.67,85.71,0.0,11.11,0.0,100.0,50.0,0.0
CAD-CC-01028,NeoMaple Financial Thrive Cashback World Card,NeoMaple Financial,Fintech,Cashback,Mastercard,2026,Active,39,50,30000,667,2.5,2.0,22.94,25.79,Cashback,1.02,Cashback Dollars,1,0,0,0,0,0,1,1,0,0,0,0,0,1,0,0,0,0,0,0,0,0,0,0,0,0,0,0,0,0,0,0,0,0,1,0,1,1,0,1,0,1,0,1,1,0,0,1,0,0,150,150,0,12,Cashback,Digital,1,1,1,1,0,0,0,0,0.0,66.67,57.14,0.0,33.33,25.0,60.0,100.0,0.0
CAD-CC-01029,Northern Dominion Bank Elevate Sustainability Plus Card,Northern Dominion Bank,Bank,Sustainability,Mastercard,2015,Active,0,0,0,723,2.0,4.0,21.19,23.08,Cashback,1.61,Flexible Points,0,0,1,0,0,0,0,0,0,1,0,0,0,0,1,0,0,0,0,0,0,0,0,0,0,0,0,1,0,0,0,0,0,0,0,0,0,1,0,0,1,0,1,1,1,0,0,1,0,15000,0,112,1,3,Digital,Sustainability,0,1,0,1,0,0,0,0,11.11,16.67,57.14,0.0,11.11,50.0,20.0,50.0,0.0
CAD-CC-01030,Laurentian Maple Bank Flex Rewards Card,Laurentian Maple Bank,Bank,Rewards,Mastercard,2022,Active,99,0,30000,710,2.5,3.5,20.7,22.42,Hybrid Rewards,1.75,Travel Points,0,0,1,0,0,0,0,0,0,0,0,0,0,1,0,0,0,0,0,0,0,0,0,0,0,0,0,0,0,0,0,0,1,0,0,1,0,0,0,0,1,1,1,0,1,0,0,0,0,15000,0,96,0,3,Digital,Cashback,1,1,0,1,0,0,0,0,11.11,16.67,57.14,0.0,11.11,0.0,20.0,75.0,0.0
CAD-CC-01031,HomeBase Canada Voyage Cashback Explorer Card,HomeBase Canada,Retail Partner,Cashback,Mastercard,2026,Active,0,0,30000,700,2.0,4.0,20.02,23.43,Cashback,2.1,Cashback Dollars,1,0,0,1,0,0,1,1,0,0,0,0,0,0,0,0,0,0,0,0,0,0,1,0,0,0,0,0,0,0,0,0,0,0,0,0,0,0,0,1,1,1,0,1,0,0,0,0,0,0,150,150,1,0,Cashback,Digital,0,1,0,0,0,0,0,0,0.0,50.0,57.14,8.33,22.22,0.0,0.0,25.0,0.0
CAD-CC-01032,Northern Lights CU Edge Student Infinite Card,Northern Lights CU,Credit Union,Student,Mastercard,2025,Active,0,10,10000,654,2.5,3.5,22.15,25.22,Hybrid Rewards,1.85,Cashback Dollars,0,0,1,1,0,0,1,0,0,0,0,0,0,0,0,1,0,0,0,0,0,0,0,0,0,0,0,1,0,0,0,0,0,0,1,1,1,1,0,1,0,1,1,1,0,0,0,1,0,0,75,75,0,0,Student,Digital,1,1,0,0,0,0,0,0,11.11,16.67,57.14,0.0,11.11,25.0,80.0,50.0,0.0
CAD-CC-01033,ShopNorth Edge Cashback Essentials Card,ShopNorth,Retail Partner,Cashback,Visa,2019,Active,120,0,30000,745,2.5,3.0,22.78,25.15,Cashback,0.95,Cashback Dollars,1,0,0,0,1,0,1,1,0,1,0,0,1,0,0,0,0,0,0,0,0,0,0,0,0,0,0,0,0,0,0,0,0,0,0,0,0,0,0,0,0,1,0,1,0,0,0,0,0,0,100,100,0,12,Cashback,Lifestyle,1,1,0,1,0,0,0,0,0.0,66.67,28.57,8.33,44.44,0.0,0.0,75.0,0.0
CAD-CC-01034,TrailStay Rewards Select Travel Advantage Card,TrailStay Rewards,Travel Partner,Travel,Mastercard,2026,Active,120,50,15000,774,2.5,4.0,22.54,24.54,Travel Points,1.57,Loyalty Miles,0,1,1,0,0,0,0,1,0,0,1,0,0,0,0,0,0,0,0,0,0,0,0,0,0,0,1,0,1,1,1,0,0,0,1,0,1,0,0,1,0,1,0,0,1,0,0,0,0,15000,0,113,0,0,Travel,Digital,0,1,0,0,0,0,0,1,55.56,16.67,42.86,0.0,22.22,0.0,40.0,25.0,40.0
CAD-CC-01035,Atlantic Community CU Voyage Rewards Rewards Card,Atlantic Community CU,Credit Union,Rewards,Mastercard,2025,Active,39,0,80000,747,2.5,4.0,21.15,23.63,Hybrid Rewards,2.28,Flexible Points,0,0,1,0,0,0,0,0,0,0,0,0,0,0,0,0,1,0,0,0,0,0,0,0,0,0,0,0,0,0,1,0,0,0,0,0,0,0,0,0,0,1,0,0,1,0,0,0,0,0,100,100,1,0,Digital,Travel,1,1,0,1,0,0,0,0,11.11,0.0,28.57,8.33,0.0,0.0,0.0,75.0,0.0
CAD-CC-01036,TrueNorth Bank Maple Travel Preferred Card,TrueNorth Bank,Bank,Travel,Visa,2022,Active,89,75,60000,712,2.5,4.0,21.02,22.72,Flexible Points,1.64,Travel Points,1,1,1,0,0,0,0,0,0,1,0,0,0,0,0,0,0,0,0,0,0,0,0,0,0,1,0,0,1,0,1,0,1,0,1,0,0,0,1,1,0,0,1,1,0,0,0,0,0,20000,0,185,1,6,Travel,Digital,1,0,0,0,0,1,0,0,44.44,33.33,42.86,8.33,11.11,0.0,40.0,25.0,20.0
CAD-CC-01037,Laurentian Maple Bank Maple Travel World Card,Laurentian Maple Bank,Bank,Travel,Visa,2015,Active,150,29,30000,753,2.0,4.0,22.64,26.0,Travel Points,1.02,Flexible Points,1,1,1,0,0,0,0,0,0,0,1,0,0,0,0,0,0,0,1,0,0,0,0,0,0,0,0,0,1,0,0,0,0,1,0,0,1,0,0,1,1,1,0,0,0,0,0,0,0,30000,0,262,0,12,Digital,Travel,1,1,1,0,0,0,0,0,33.33,16.67,42.86,8.33,11.11,0.0,20.0,75.0,0.0
CAD-CC-01041,MapleTrust Bank Select Privilege Travel Plus Card,MapleTrust Bank,Bank,Premium Travel,Visa,2023,Active,599,99,150000,789,0.0,3.0,22.19,24.84,Travel Points,2.14,Loyalty Miles,0,1,1,0,0,0,1,1,0,1,0,0,0,0,1,0,0,0,0,0,0,0,0,0,0,0,0,1,1,1,1,1,1,1,1,1,0,0,0,1,1,1,1,1,0,0,0,0,0,70000,0,710,0,6,Travel,Digital,1,1,0,0,1,1,0,1,88.89,50.0,71.43,0.0,33.33,25.0,40.0,50.0,60.0
CAD-CC-01042,MapleTrust Bank Aurora Sustainability Card,MapleTrust Bank,Bank,Sustainability,Visa,2023,Active,49,0,30000,759,3.0,4.0,22.59,26.07,Cashback,1.0,Cashback Dollars,0,0,0,1,0,0,0,0,0,1,0,0,0,0,1,0,0,0,0,0,0,0,0,0,0,0,0,0,0,0,0,0,0,0,1,0,0,0,0,0,1,1,0,0,0,0,0,1,1,15000,0,123,0,6,Sustainability,Digital,1,1,0,0,0,0,0,0,0.0,16.67,28.57,0.0,11.11,75.0,20.0,50.0,0.0
CAD-CC-01043,ShopNorth Thrive Cashback Rewards Card,ShopNorth,Retail Partner,Cashback,American Express,2016,Active,39,0,30000,695,2.5,3.0,21.56,23.01,Cashback,2.1,Cashback Dollars,1,0,0,0,0,0,1,0,0,0,0,1,0,1,0,0,1,0,0,0,0,0,0,0,0,1,0,0,0,0,0,0,1,0,1,0,1,1,1,1,1,0,1,0,0,0,0,0,0,0,100,100,0,0,Cashback,Digital,0,1,1,1,0,0,0,0,11.11,50.0,42.86,16.67,33.33,0.0,80.0,75.0,0.0
CAD-CC-01044,Capital Crown Bank Maple Subscription Rewards Essentials Card,Capital Crown Bank,Bank,Subscription Rewards,American Express,2018,Active,89,30,30000,665,0.0,3.5,22.46,25.29,Statement Credits,1.3,Cashback Dollars,1,0,0,0,1,1,0,0,0,0,0,1,0,0,0,1,1,0,0,0,0,1,1,0,1,0,0,0,0,0,0,1,0,0,1,1,1,0,0,1,1,0,1,0,0,0,0,1,0,0,50,50,0,9,Student,Subscription,0,1,1,0,0,0,0,0,11.11,16.67,42.86,50.0,22.22,25.0,60.0,50.0,0.0
CAD-CC-01045,FlexiCard Digital Signature Student World Card,FlexiCard Digital,Fintech,Student,Mastercard,2024,Active,25,0,5000,673,2.5,3.5,20.29,21.5,Cashback,1.41,Cashback Dollars,1,0,0,0,0,0,0,1,0,0,0,0,0,0,0,1,0,0,0,1,0,0,0,0,0,0,0,0,0,0,0,0,0,0,0,0,1,1,1,1,1,1,0,1,1,0,0,0,0,0,25,25,1,6,Student,Digital,1,1,1,1,0,0,0,0,0.0,33.33,71.43,8.33,11.11,0.0,60.0,100.0,0.0
CAD-CC-01047,Northern Dominion Bank Edge Rewards Preferred Card,Northern Dominion Bank,Bank,Rewards,Mastercard,2017,Active,120,29,30000,636,0.0,2.0,20.56,22.34,Flexible Points,1.69,Flexible Points,0,0,1,1,0,0,1,0,0,0,0,0,1,0,0,0,0,0,0,0,0,0,0,0,0,0,0,0,0,0,0,1,0,0,1,1,0,0,0,0,1,1,0,0,0,0,0,0,1,10000,0,93,0,0,Digital,Sustainability,1,1,0,1,1,0,0,0,11.11,16.67,28.57,0.0,22.22,25.0,40.0,75.0,20.0
CAD-CC-01048,Harbour Financial Select Balance Transfer Plus Card,Harbour Financial,Bank,Balance Transfer,Visa,2015,Active,0,20,12000,638,2.5,2.0,18.81,21.49,Statement Credits,0.75,Cashback Dollars,0,1,0,0,0,0,1,0,0,0,0,0,0,0,0,0,0,0,0,0,0,1,0,0,0,0,0,0,0,0,0,0,0,0,1,1,1,0,1,1,1,0,0,1,1,0,0,0,0,15000,0,96,0,12,Digital,Cashback,1,1,0,1,0,0,0,0,11.11,16.67,57.14,8.33,22.22,0.0,80.0,75.0,0.0
CAD-CC-01050,NeoMaple Financial Platinum Digital First Rewards Card,NeoMaple Financial,Fintech,Digital First,Mastercard,2017,Active,0,15,30000,696,2.5,2.0,20.24,22.17,Flexible Points,0.84,Cashback Dollars,0,0,0,1,1,1,1,0,0,0,0,0,0,0,0,0,1,0,0,1,0,0,0,0,0,0,0,1,0,0,0,0,0,0,1,0,1,1,0,1,1,1,1,1,1,1,0,0,0,10000,0,98,1,0,Digital,Subscription,1,1,0,1,0,0,0,0,11.11,16.67,100.0,33.33,11.11,0.0,60.0,75.0,0.0
CAD-CC-01052,Maple Leaf Credit Union Elevate Low Interest Advantage Card,Maple Leaf Credit Union,Credit Union,Low Interest,Visa,2017,Active,39,20,30000,633,2.0,3.0,13.3,14.52,Statement Credits,0.27,Cashback Dollars,0,0,1,0,0,0,0,0,0,0,0,0,1,1,0,1,0,1,0,0,0,0,0,0,0,0,0,1,0,0,0,0,0,0,1,0,0,0,0,1,1,0,0,1,0,0,0,0,0,0,25,25,0,12,Student,Digital,1,0,0,1,0,0,0,0,11.11,16.67,42.86,8.33,22.22,0.0,20.0,50.0,0.0
CAD-CC-01053,Prairie National Bank Prime Digital First Infinite Card,Prairie National Bank,Bank,Digital First,Visa,2026,Active,89,50,30000,711,2.0,4.0,21.55,24.27,Cashback,1.72,Flexible Points,1,0,1,0,1,1,1,0,0,1,0,0,0,0,0,0,0,0,0,0,0,0,0,1,1,0,0,0,0,0,0,0,0,0,1,1,0,1,1,1,1,1,1,1,1,1,0,0,0,10000,0,77,1,9,Digital,Cashback,0,1,0,1,0,0,0,0,0.0,50.0,100.0,33.33,22.22,0.0,80.0,50.0,0.0
CAD-CC-01055,Maple Leaf Credit Union Maple Travel World Card,Maple Leaf Credit Union,Credit Union,Travel,Mastercard,2024,Active,150,29,15000,660,2.0,3.5,20.82,23.95,Travel Points,1.06,Loyalty Miles,0,1,1,1,0,0,0,0,0,0,1,0,1,1,1,0,1,0,0,0,0,0,0,0,0,0,0,1,0,1,0,0,0,0,0,0,1,0,0,1,0,1,0,1,0,0,0,0,0,40000,0,244,1,0,Lifestyle,Digital,0,1,0,0,0,1,0,0,33.33,16.67,42.86,8.33,33.33,25.0,20.0,25.0,20.0
CAD-CC-01057,TrueNorth Bank Prime Sustainability Advantage Card,TrueNorth Bank,Bank,Sustainability,Mastercard,2026,Active,0,0,60000,715,2.0,4.0,20.32,23.68,Cashback,1.24,Cashback Dollars,1,0,1,0,0,0,0,1,0,1,0,0,0,1,1,0,0,0,0,0,0,0,0,0,0,0,0,0,0,0,0,0,0,0,1,1,0,0,0,1,0,1,0,0,0,0,1,1,1,25000,0,165,1,9,Sustainability,Cashback,1,1,0,0,0,0,0,0,0.0,66.67,28.57,0.0,33.33,100.0,40.0,50.0,0.0
CAD-CC-01058,PocketCredit Summit Student Rewards Card,PocketCredit,Fintech,Student,Visa,2016,Active,0,0,5000,645,2.5,2.0,20.75,22.18,Hybrid Rewards,1.34,Cashback Dollars,1,0,1,0,0,1,0,0,0,0,0,0,0,0,0,1,0,0,0,0,0,1,0,0,0,0,0,0,1,0,0,0,0,0,1,1,0,0,1,1,1,1,0,1,0,0,0,0,0,0,75,75,0,12,Student,Digital,1,1,0,1,0,0,0,0,11.11,16.67,57.14,16.67,11.11,0.0,60.0,75.0,0.0
CAD-CC-01059,Capital Crown Bank Elevate Travel World Card,Capital Crown Bank,Bank,Travel,Visa,2015,Active,39,75,30000,759,2.5,2.0,22.9,24.35,Travel Points,1.64,Flexible Points,0,1,1,0,0,0,1,0,0,0,0,0,1,0,0,0,0,0,0,0,0,0,0,0,0,0,1,1,1,1,0,0,0,0,0,0,1,0,0,0,1,0,0,0,1,0,0,1,0,15000,0,121,1,0,Travel,Digital,1,1,0,0,0,0,0,0,55.56,16.67,28.57,0.0,22.22,25.0,20.0,50.0,20.0
CAD-CC-01060,Polar Wings North Travel Rewards Card,Polar Wings,Airline Partner,Travel,Mastercard,2023,Active,150,0,60000,762,0.0,3.5,22.12,24.71,Travel Points,1.79,Loyalty Miles,0,1,1,0,0,0,1,0,0,1,0,0,0,0,0,0,0,0,0,0,0,0,0,0,0,0,0,1,1,0,1,1,1,1,0,0,0,0,1,0,0,0,0,0,0,0,0,0,0,20000,0,163,0,9,Travel,Cashback,1,1,0,0,0,0,1,0,77.78,33.33,0.0,0.0,22.22,0.0,20.0,50.0,20.0
CAD-CC-01062,Coastline Credit Union Voyage Rewards Preferred Card,Coastline Credit Union,Credit Union,Rewards,Visa,2025,Active,39,0,15000,739,2.5,3.5,21.52,24.32,Hybrid Rewards,1.22,Flexible Points,0,0,1,0,0,0,0,1,0,0,0,0,0,0,0,0,0,0,0,0,0,0,0,0,0,0,0,0,0,0,0,0,0,0,1,0,0,0,0,1,0,0,0,1,0,0,0,0,0,10000,0,98,0,9,Digital,Cashback,1,1,1,1,0,0,0,0,0.0,16.67,28.57,0.0,11.11,0.0,20.0,100.0,0.0
CAD-CC-01063,Laurentian Maple Bank Voyage Low Interest Explorer Card,Laurentian Maple Bank,Bank,Low Interest,Visa,2020,Active,0,0,0,668,2.5,3.5,10.58,11.64,Cashback,0.65,Cashback Dollars,0,0,0,1,0,0,1,0,0,0,0,0,0,1,0,0,0,0,0,0,0,0,0,1,0,0,0,0,0,0,0,0,0,0,1,1,1,1,0,0,1,0,0,0,0,0,0,0,0,0,75,75,0,9,Cashback,Lifestyle,1,1,1,0,0,0,0,0,0.0,33.33,14.29,8.33,22.22,0.0,80.0,75.0,0.0
CAD-CC-01064,TrailStay Rewards Platinum Privilege Travel Infinite Card,TrailStay Rewards,Travel Partner,Premium Travel,Visa,2021,Active,499,149,100000,736,2.5,4.0,20.59,22.45,Travel Points,2.91,Travel Points,0,1,1,1,0,0,0,1,0,0,0,0,0,0,0,0,0,0,0,0,0,0,0,1,0,0,0,1,1,1,1,0,1,0,0,0,1,0,0,0,1,1,1,0,1,0,0,0,0,80000,0,814,0,6,Travel,Digital,1,0,0,1,1,1,1,0,66.67,16.67,57.14,8.33,11.11,0.0,20.0,50.0,60.0
CAD-CC-01065,Ontario Mutual CU Maple Travel Advantage Card,Ontario Mutual CU,Credit Union,Travel,Mastercard,2023,Active,150,29,60000,661,0.0,3.5,22.09,23.83,Travel Points,1.7,Travel Points,0,1,1,1,0,0,0,0,0,0,0,0,0,0,0,0,0,0,0,0,0,0,0,0,0,0,0,1,1,0,0,1,0,0,1,0,0,1,0,1,0,1,0,1,0,0,0,0,0,40000,0,324,1,0,Travel,Digital,1,1,0,1,0,0,0,0,44.44,0.0,42.86,0.0,0.0,0.0,40.0,75.0,0.0
CAD-CC-01066,PayWave Canada Select Sustainability Preferred Card,PayWave Canada,Fintech,Sustainability,Visa,2025,Active,0,15,15000,736,2.5,4.0,20.06,22.82,Flexible Points,1.62,Flexible Points,0,0,0,0,0,0,1,0,0,0,0,0,0,0,1,0,0,0,0,0,0,0,0,0,0,0,0,0,0,0,0,0,0,0,1,0,0,0,1,0,1,1,0,1,0,0,1,1,1,25000,0,174,0,0,Sustainability,Digital,0,1,0,0,0,0,0,0,0.0,16.67,42.86,0.0,11.11,100.0,40.0,25.0,0.0
CAD-CC-01067,TrueNorth Bank Platinum Travel Plus Card,TrueNorth Bank,Bank,Travel,Mastercard,2023,Active,120,29,60000,718,2.0,2.0,22.44,25.52,Flexible Points,1.22,Travel Points,1,1,1,0,0,0,0,1,1,0,1,0,0,0,0,0,0,0,1,0,0,0,0,0,0,0,0,0,1,0,0,0,0,0,1,1,0,0,0,1,1,1,0,1,0,0,0,0,1,30000,0,192,1,6,Cashback,Digital,1,1,0,1,0,0,1,0,22.22,50.0,57.14,8.33,33.33,25.0,40.0,75.0,20.0
CAD-CC-01068,Maple Leaf Credit Union Flex Low Interest Essentials Card,Maple Leaf Credit Union,Credit Union,Low Interest,Mastercard,2024,Active,0,0,12000,655,2.5,4.0,11.46,14.89,Hybrid Rewards,0.42,Cashback Dollars,0,0,1,1,0,0,0,0,0,0,0,0,0,1,0,0,0,0,0,0,0,0,0,0,0,0,0,0,0,0,0,0,0,0,1,0,1,0,1,1,0,0,1,1,1,0,0,1,0,0,50,50,0,12,Digital,Sustainability,0,1,1,0,0,0,0,0,0.0,16.67,57.14,0.0,11.11,25.0,60.0,50.0,0.0
CAD-CC-01070,Capital Crown Bank North Balance Transfer Rewards Card,Capital Crown Bank,Bank,Balance Transfer,Mastercard,2016,Active,29,10,15000,713,2.5,3.0,13.12,15.44,Statement Credits,0.61,Cashback Dollars,0,0,1,0,0,0,0,1,0,0,0,1,0,0,0,0,0,0,0,0,0,0,0,0,0,0,0,0,0,0,0,0,0,0,1,0,1,1,0,0,1,0,1,0,0,0,0,0,0,10000,0,89,1,0,Lifestyle,Digital,1,1,0,1,0,0,0,0,0.0,16.67,28.57,0.0,22.22,0.0,60.0,75.0,0.0
CAD-CC-01071,VoyagePlus Edge Travel Advantage Card,VoyagePlus,Travel Partner,Travel,Visa,2020,Active,120,29,60000,717,2.5,3.5,21.42,22.71,Travel Points,1.56,Loyalty Miles,0,1,1,0,0,1,0,0,0,0,1,0,0,0,0,0,0,0,0,0,0,0,0,0,0,0,0,0,1,1,1,0,0,0,1,0,0,0,0,1,0,1,1,1,0,1,0,0,0,30000,0,297,1,0,Digital,Travel,1,0,0,1,1,0,0,0,44.44,0.0,71.43,8.33,11.11,0.0,20.0,50.0,20.0
CAD-CC-01072,BrightSpend Summit Sustainability Essentials Card,BrightSpend,Fintech,Sustainability,Mastercard,2026,Active,0,30,0,756,2.5,3.0,20.9,22.36,Flexible Points,0.69,Cashback Dollars,0,0,0,0,0,0,0,0,0,0,0,0,0,0,1,0,0,1,0,0,0,0,0,0,0,0,0,0,0,0,0,0,0,1,0,0,0,0,0,1,1,1,1,1,1,0,1,1,1,10000,0,78,0,3,Sustainability,Digital,1,1,0,0,0,0,0,0,11.11,0.0,85.71,8.33,0.0,100.0,0.0,50.0,0.0
CAD-CC-01073,Maple Leaf Credit Union Elevate Cashback Plus Card,Maple Leaf Credit Union,Credit Union,Cashback,Visa,2021,Active,39,0,80000,695,3.0,3.0,20.25,21.5,Cashback,2.29,Cashback Dollars,1,0,0,1,0,0,1,1,0,1,0,0,0,0,0,0,0,0,0,0,0,0,0,0,0,0,0,1,0,0,0,0,0,0,1,0,0,0,0,1,1,1,1,0,0,0,0,0,0,0,200,200,1,0,Cashback,Digital,1,1,0,0,0,0,0,0,11.11,66.67,57.14,0.0,33.33,0.0,20.0,50.0,0.0
CAD-CC-01074,TrueNorth Bank Maple Travel Infinite Card,TrueNorth Bank,Bank,Travel,Visa,2023,Active,89,50,30000,704,0.0,3.0,20.68,21.68,Travel Points,1.72,Loyalty Miles,1,1,1,0,0,0,0,0,0,0,0,0,0,0,0,0,0,0,0,0,0,0,0,0,0,0,0,1,1,0,1,1,0,0,0,0,0,0,0,0,1,0,1,1,0,0,0,0,0,15000,0,116,1,6,Travel,Digital,1,1,0,0,0,0,0,0,55.56,16.67,42.86,0.0,0.0,0.0,0.0,50.0,0.0
CAD-CC-01075,Northern Lights CU Flex Travel Card,Northern Lights CU,Credit Union,Travel,Mastercard,2017,Active,89,0,15000,661,2.5,2.0,21.62,23.11,Flexible Points,2.14,Loyalty Miles,1,1,1,1,0,0,1,1,0,1,0,0,0,0,0,0,0,0,0,0,0,0,0,0,0,0,0,1,1,0,0,0,1,1,1,0,0,0,0,0,1,1,0,0,1,0,0,1,1,40000,0,333,1,0,Cashback,Travel,1,1,0,0,0,0,0,0,55.56,66.67,42.86,0.0,33.33,50.0,20.0,50.0,0.0
CAD-CC-01076,Capital Crown Bank Flex Cashback Plus Card,Capital Crown Bank,Bank,Cashback,Visa,2020,Active,0,0,60000,664,2.5,3.0,22.27,23.62,Cashback,2.6,Cashback Dollars,1,0,0,0,0,0,1,0,1,0,0,0,0,0,0,0,0,0,0,0,0,0,0,0,0,0,0,0,0,0,0,0,0,0,0,1,1,0,0,0,1,1,0,1,0,0,0,0,0,0,50,50,0,6,Cashback,Digital,0,1,1,0,0,0,0,0,0.0,50.0,42.86,0.0,22.22,0.0,40.0,50.0,0.0
CAD-CC-01077,ShopNorth Maple Rewards Essentials Card,ShopNorth,Retail Partner,Rewards,Mastercard,2024,Active,99,29,30000,744,2.5,3.5,22.88,24.92,Cashback,2.06,Flexible Points,0,0,1,0,0,0,1,1,0,0,0,0,0,0,0,0,0,0,0,0,0,0,0,0,0,0,0,0,0,0,0,0,0,0,0,0,0,0,1,1,0,0,1,0,0,0,0,0,0,0,150,150,1,0,Cashback,Digital,1,1,0,1,0,0,0,0,0.0,33.33,28.57,0.0,22.22,0.0,20.0,75.0,0.0
CAD-CC-01078,Prairie Community CU Summit Travel Card,Prairie Community CU,Credit Union,Travel,Visa,2024,Active,39,0,15000,686,2.5,3.5,21.29,23.24,Travel Points,2.23,Travel Points,0,1,1,0,0,1,0,1,1,0,0,0,0,0,0,0,0,0,0,0,0,0,0,0,0,0,1,0,0,1,0,0,1,0,0,0,0,0,0,0,1,0,0,0,0,0,0,0,0,30000,0,298,0,9,Travel,Cashback,1,1,0,0,0,1,0,0,44.44,33.33,14.29,8.33,22.22,0.0,0.0,50.0,40.0
CAD-CC-01079,Laurentian Maple Bank Voyage Student Preferred Card,Laurentian Maple Bank,Bank,Student,Visa,2024,Active,0,0,5000,606,2.5,3.0,21.8,24.66,Cashback,0.73,Cashback Dollars,1,0,0,0,0,0,0,0,0,0,0,0,0,0,0,1,0,0,0,0,1,0,0,0,0,0,0,0,0,0,0,0,0,0,1,1,1,0,1,0,1,0,1,0,0,0,0,1,1,0,50,50,0,0,Student,Sustainability,1,1,0,1,0,0,0,0,0.0,16.67,28.57,8.33,0.0,50.0,80.0,75.0,0.0
CAD-CC-01080,Polar Wings Flex Privilege Travel Essentials Card,Polar Wings,Airline Partner,Premium Travel,American Express,2017,Active,499,149,100000,781,0.0,3.0,20.89,24.13,Flexible Points,2.98,Flexible Points,0,1,1,0,0,0,0,0,0,1,0,0,0,0,0,0,0,0,0,0,0,0,0,0,0,0,1,1,1,1,1,1,1,1,0,0,0,0,0,1,0,1,0,1,0,0,0,0,0,90000,0,1155,0,0,Travel,Digital,1,1,0,0,0,1,0,0,100.0,16.67,42.86,0.0,11.11,0.0,0.0,50.0,40.0
CAD-CC-01081,TrueNorth Bank Voyage Low Interest Explorer Card,TrueNorth Bank,Bank,Low Interest,Mastercard,2018,Active,20,20,0,664,2.5,3.0,9.34,12.71,Statement Credits,0.67,Cashback Dollars,0,0,0,0,0,0,0,0,0,0,0,0,0,1,0,0,0,0,0,0,0,0,0,0,0,0,0,0,0,0,0,0,0,0,1,0,1,0,0,1,0,0,0,0,1,0,0,0,0,0,50,50,1,0,Business,Digital,1,1,0,1,0,0,0,0,0.0,16.67,28.57,0.0,11.11,0.0,40.0,75.0,0.0
CAD-CC-01082,TrueNorth Bank Voyage Lifestyle Rewards Explorer Card,TrueNorth Bank,Bank,Lifestyle Rewards,Mastercard,2021,Active,39,0,30000,752,2.5,3.5,21.83,24.62,Hybrid Rewards,2.58,Flexible Points,1,0,0,0,0,1,1,0,0,0,0,0,1,1,0,0,0,0,1,0,0,1,0,0,0,1,0,0,0,0,0,0,0,0,0,1,0,1,0,1,0,1,1,0,1,0,0,0,0,25000,0,207,0,0,Cashback,Digital,1,1,0,0,0,0,0,0,0.0,50.0,57.14,33.33,44.44,0.0,40.0,50.0,0.0
CAD-CC-01083,BrightSpend Aurora Cashback Infinite Card,BrightSpend,Fintech,Cashback,Visa,2015,Active,120,0,60000,754,2.5,2.0,21.38,23.72,Cashback,2.08,Cashback Dollars,1,1,1,0,0,0,1,1,0,0,0,0,0,0,0,0,0,1,0,1,0,0,0,0,0,1,0,0,0,0,0,0,0,1,0,1,0,0,0,1,1,1,1,1,0,0,1,1,0,0,150,150,1,6,Digital,Cashback,0,1,1,0,0,0,0,0,22.22,50.0,71.43,25.0,22.22,50.0,20.0,50.0,0.0
CAD-CC-01084,Northern Dominion Bank Elevate Low Interest Infinite Card,Northern Dominion Bank,Bank,Low Interest,Visa,2019,Active,0,0,12000,620,2.5,3.5,13.31,16.21,Cashback,0.28,Cashback Dollars,0,0,1,0,0,0,0,0,0,0,0,0,0,1,0,0,0,0,0,0,0,0,0,0,0,0,0,0,0,1,0,0,0,0,0,1,1,0,1,0,0,1,0,0,0,0,0,0,0,0,0,0,1,6,Lifestyle,Cashback,1,1,0,1,0,0,0,0,11.11,16.67,14.29,0.0,11.11,0.0,60.0,75.0,0.0
CAD-CC-01085,Northern Lights CU Voyage Rewards Card,Northern Lights CU,Credit Union,Rewards,Visa,2022,Active,39,50,15000,642,2.5,3.0,20.75,22.7,Flexible Points,1.78,Flexible Points,0,0,1,0,0,0,0,0,0,0,1,0,1,0,0,0,0,0,0,0,0,0,0,0,1,0,0,1,0,0,0,0,0,0,1,0,0,0,1,0,0,1,0,1,1,0,0,0,0,25000,0,162,0,0,Digital,Lifestyle,1,1,0,0,0,0,0,0,11.11,0.0,42.86,8.33,22.22,0.0,40.0,50.0,0.0
CAD-CC-01086,MapleMart Voyage Cashback World Card,MapleMart,Retail Partner,Cashback,Mastercard,2023,Active,0,0,0,662,3.0,4.0,22.7,24.36,Cashback,2.52,Cashback Dollars,1,0,0,1,0,0,0,1,0,0,0,0,0,0,0,0,0,0,0,0,0,0,0,0,0,0,0,0,0,0,0,0,0,0,0,0,1,0,0,0,1,1,0,1,0,0,0,0,0,0,150,150,0,0,Cashback,Digital,1,1,0,1,0,0,0,0,0.0,33.33,42.86,0.0,11.11,0.0,20.0,75.0,0.0
CAD-CC-01087,NorthPay Labs Select Student Infinite Card,NorthPay Labs,Fintech,Student,Mastercard,2023,Retired,39,0,10000,615,0.0,3.0,20.78,22.1,Hybrid Rewards,1.82,Cashback Dollars,0,0,0,0,0,0,0,0,0,0,0,0,0,0,0,1,0,0,0,0,0,0,1,0,1,1,0,0,0,0,0,1,0,0,1,0,0,0,0,1,1,1,0,1,1,0,0,0,1,0,0,0,0,12,Student,Digital,1,1,0,0,0,0,0,0,11.11,0.0,71.43,25.0,0.0,25.0,20.0,50.0,0.0
CAD-CC-01088,Atlantic Community CU Select Balance Transfer Essentials Card,Atlantic Community CU,Credit Union,Balance Transfer,Visa,2015,Active,20,0,30000,667,2.0,2.0,13.17,15.39,Cashback,0.44,Cashback Dollars,0,1,1,0,0,0,0,0,0,0,0,0,0,0,0,0,0,0,0,0,0,0,0,0,0,0,0,0,0,0,0,0,0,1,1,1,0,0,1,1,1,1,0,0,0,0,0,0,1,15000,0,132,0,0,Digital,Sustainability,0,1,0,1,0,0,0,0,22.22,0.0,42.86,0.0,0.0,25.0,60.0,50.0,0.0
CAD-CC-01089,MapleTrust Bank Summit Digital First Card,MapleTrust Bank,Bank,Digital First,Mastercard,2015,Active,0,0,15000,734,2.0,4.0,21.68,23.93,Cashback,0.64,Flexible Points,0,0,1,1,1,0,0,0,0,1,0,0,0,1,0,0,0,1,0,0,0,0,1,1,0,0,0,0,1,0,0,0,0,0,1,1,1,1,1,1,1,1,1,1,1,1,0,0,0,25000,0,152,0,0,Digital,Lifestyle,1,1,1,1,0,0,0,0,11.11,33.33,100.0,33.33,22.22,0.0,100.0,100.0,0.0
CAD-CC-01090,Harbour Financial Momentum Privilege Travel Infinite Card,Harbour Financial,Bank,Premium Travel,American Express,2022,Active,599,149,80000,762,2.5,2.0,20.3,21.91,Travel Points,1.88,Flexible Points,0,1,1,0,0,0,0,1,0,0,0,0,1,1,0,0,0,0,0,0,0,0,0,0,0,0,1,1,1,1,1,0,1,0,0,0,0,0,0,0,0,1,0,0,0,0,0,0,0,80000,0,1092,0,6,Travel,Lifestyle,1,1,0,1,1,1,1,1,77.78,33.33,14.29,0.0,33.33,0.0,0.0,75.0,100.0
CAD-CC-01091,HotelMaple Group Everyday Privilege Travel World Card,HotelMaple Group,Travel Partner,Premium Travel,Mastercard,2021,Active,399,99,80000,765,0.0,4.0,22.17,24.5,Travel Points,2.55,Travel Points,0,1,1,0,0,0,1,1,0,1,1,0,1,0,0,1,0,0,0,0,0,0,0,0,0,0,0,1,0,1,0,1,1,1,0,0,0,0,1,1,1,0,0,0,0,0,0,1,0,90000,0,763,1,12,Student,Travel,1,1,0,0,1,0,0,0,66.67,50.0,28.57,0.0,55.56,25.0,20.0,50.0,20.0
CAD-CC-01092,Harbour Financial Maple Lifestyle Rewards Essentials Card,Harbour Financial,Bank,Lifestyle Rewards,Visa,2015,Active,120,0,30000,652,2.5,4.0,20.46,23.59,Cashback,0.82,Flexible Points,0,0,0,0,0,1,1,1,0,0,0,0,0,1,0,0,0,1,1,0,0,0,0,0,0,0,0,0,0,0,0,0,0,1,1,0,0,0,0,1,1,1,1,1,0,0,0,0,0,10000,0,61,0,3,Digital,Cashback,1,1,1,0,1,0,0,0,11.11,50.0,71.43,25.0,33.33,0.0,20.0,75.0,20.0
CAD-CC-01093,GlobePass Canada North Travel Card,GlobePass Canada,Travel Partner,Travel,Mastercard,2017,Active,150,0,60000,718,2.0,3.0,21.3,24.15,Travel Points,1.17,Travel Points,0,1,1,1,0,0,0,0,0,1,0,0,0,0,0,0,0,0,0,0,0,0,0,0,0,0,0,1,0,0,1,0,0,1,0,0,1,0,0,0,1,0,1,1,0,0,0,0,0,15000,0,130,1,0,Travel,Digital,1,1,0,0,0,0,0,0,44.44,16.67,42.86,0.0,11.11,0.0,20.0,50.0,0.0
CAD-CC-01094,FlexiCard Digital Maple Sustainability Plus Card,FlexiCard Digital,Fintech,Sustainability,Visa,2018,Active,0,0,60000,664,3.0,2.0,20.47,22.5,Cashback,0.96,Flexible Points,0,0,1,0,0,0,0,1,0,1,0,0,0,0,1,0,0,0,0,0,0,0,0,0,0,0,0,0,0,0,0,0,0,0,0,0,0,0,0,1,1,1,1,0,0,1,1,1,0,10000,0,81,0,0,Sustainability,Digital,1,1,0,0,0,0,0,0,0.0,33.33,71.43,0.0,22.22,75.0,0.0,50.0,0.0
CAD-CC-01095,PocketCredit Signature Student Rewards Card,PocketCredit,Fintech,Student,Mastercard,2016,Active,39,15,10000,657,2.5,4.0,22.06,25.01,Hybrid Rewards,0.73,Cashback Dollars,1,0,0,1,0,0,1,0,0,0,0,0,0,0,0,1,0,0,0,1,1,0,0,0,0,0,0,0,0,0,1,0,0,0,1,1,0,1,0,1,1,1,1,1,1,0,0,0,0,0,75,75,0,0,Student,Digital,1,1,0,0,0,0,0,0,11.11,33.33,85.71,16.67,11.11,0.0,60.0,50.0,0.0
CAD-CC-01096,Laurentian Maple Bank Voyage Balance Transfer Preferred Card,Laurentian Maple Bank,Bank,Balance Transfer,Mastercard,2020,Active,29,0,15000,693,2.0,3.0,15.97,18.64,Statement Credits,0.83,Cashback Dollars,1,1,0,1,0,0,0,0,0,1,0,0,0,0,0,0,0,0,0,0,0,0,0,0,0,0,0,0,0,0,0,0,0,0,1,0,1,1,0,1,1,0,1,1,0,0,0,0,0,10000,0,78,1,6,Digital,Cashback,1,1,1,1,0,0,0,0,11.11,33.33,57.14,0.0,11.11,0.0,60.0,100.0,0.0
CAD-CC-01097,CanStyle Retail Elevate Cashback Preferred Card,CanStyle Retail,Retail Partner,Cashback,Mastercard,2021,Active,89,0,60000,749,2.5,3.0,20.99,24.0,Cashback,0.94,Cashback Dollars,1,1,0,1,0,0,1,1,1,0,0,0,0,1,0,0,0,0,0,0,0,0,0,0,0,0,0,0,0,0,1,0,0,0,1,1,0,0,0,0,0,1,0,0,1,0,0,0,0,0,150,150,0,0,Cashback,Lifestyle,0,1,0,0,0,0,0,0,22.22,83.33,28.57,0.0,44.44,0.0,40.0,25.0,0.0
CAD-CC-01099,Atlantic Community CU Voyage Sustainability Advantage Card,Atlantic Community CU,Credit Union,Sustainability,American Express,2017,Active,0,0,15000,711,3.0,3.5,22.56,25.68,Hybrid Rewards,1.2,Flexible Points,0,0,1,0,1,0,0,0,0,1,0,0,0,0,1,0,0,0,0,0,0,0,0,0,0,0,0,0,0,1,0,0,0,0,0,0,1,0,0,0,1,1,0,0,0,0,1,0,1,25000,0,222,1,0,Sustainability,Digital,1,1,1,1,0,0,0,0,11.11,16.67,28.57,8.33,11.11,75.0,20.0,100.0,0.0
CAD-CC-01100,Coastline Credit Union Platinum Student Infinite Card,Coastline Credit Union,Credit Union,Student,Visa,2020,Active,0,10,10000,582,0.0,3.0,20.67,23.96,Hybrid Rewards,0.52,Cashback Dollars,1,0,1,0,0,0,1,0,1,0,0,1,0,1,0,1,0,0,1,0,0,1,0,0,0,1,0,0,0,0,0,1,0,0,1,1,1,0,0,1,0,1,0,0,0,0,0,0,1,0,50,50,1,9,Student,Cashback,1,1,1,0,0,0,0,0,11.11,66.67,28.57,25.0,55.56,25.0,60.0,75.0,0.0
CAD-CC-01101,Laurentian Maple Bank Voyage Low Interest Explorer Card,Laurentian Maple Bank,Bank,Low Interest,Mastercard,2022,Active,39,20,30000,717,2.5,4.0,10.79,12.91,Statement Credits,0.69,Cashback Dollars,0,0,0,0,1,0,0,1,0,0,0,0,0,0,0,0,0,0,0,0,0,0,0,0,0,0,0,0,0,0,0,0,0,0,1,1,1,1,1,1,0,1,1,0,1,0,0,0,0,0,25,25,1,0,Digital,Cashback,1,1,1,0,0,0,0,0,0.0,16.67,57.14,8.33,11.11,0.0,100.0,75.0,0.0
CAD-CC-01102,CanadaJet Rewards Maple Privilege Travel Essentials Card,CanadaJet Rewards,Airline Partner,Premium Travel,Visa,2021,Active,599,149,150000,797,2.5,2.0,21.07,24.55,Travel Points,1.3,Flexible Points,0,1,1,0,0,0,0,1,0,1,0,0,0,0,0,0,0,0,0,0,0,0,0,0,1,0,1,1,1,1,1,0,1,1,0,1,1,0,0,0,1,0,0,0,0,0,0,0,0,80000,0,730,0,0,Travel,Lifestyle,0,1,1,0,1,0,0,1,88.89,33.33,14.29,8.33,22.22,0.0,40.0,50.0,60.0
CAD-CC-01103,Polar Wings Thrive Travel Preferred Card,Polar Wings,Airline Partner,Travel,Mastercard,2019,Active,39,50,15000,757,2.5,3.5,20.53,23.52,Travel Points,1.16,Travel Points,0,1,1,0,0,1,0,0,0,0,0,0,0,1,0,0,0,0,0,0,1,0,0,0,0,0,0,1,0,1,0,0,0,1,1,0,1,0,0,1,1,1,0,1,1,0,0,0,0,20000,0,189,0,3,Digital,Travel,1,1,1,0,0,1,0,0,44.44,16.67,71.43,16.67,11.11,0.0,40.0,75.0,20.0
CAD-CC-01104,Capital Crown Bank Flex Digital First Plus Card,Capital Crown Bank,Bank,Digital First,Visa,2024,Active,49,0,15000,640,0.0,3.5,22.9,24.3,Flexible Points,0.53,Flexible Points,0,0,0,0,0,0,0,0,0,0,0,0,0,0,0,0,1,0,0,0,1,1,1,0,0,0,0,0,0,0,0,1,0,0,1,1,0,1,1,1,1,1,0,1,1,1,0,0,0,0,150,150,0,0,Digital,Subscription,1,1,1,0,0,0,0,0,11.11,0.0,85.71,33.33,11.11,0.0,80.0,75.0,0.0
CAD-CC-01105,TrailStay Rewards Select Travel World Card,TrailStay Rewards,Travel Partner,Travel,Visa,2026,Active,39,29,60000,716,2.5,3.5,20.97,23.41,Flexible Points,1.29,Travel Points,0,1,1,0,0,0,0,1,1,1,1,0,0,0,0,0,0,0,0,0,0,0,0,1,0,0,0,1,0,1,0,0,1,1,1,0,1,0,0,0,1,1,0,0,0,0,0,0,0,10000,0,91,0,0,Travel,Lifestyle,1,0,1,0,0,1,0,0,55.56,50.0,28.57,8.33,44.44,0.0,40.0,50.0,20.0
CAD-CC-01106,FreshBasket Platinum Lifestyle Rewards Preferred Card,FreshBasket,Retail Partner,Lifestyle Rewards,Mastercard,2017,Active,0,0,80000,630,0.0,4.0,20.51,21.58,Hybrid Rewards,1.49,Flexible Points,0,0,0,0,0,0,0,1,1,0,0,0,1,0,0,0,0,0,0,0,0,0,1,1,0,0,0,0,0,0,1,1,0,0,1,0,0,1,0,0,0,0,0,0,1,0,0,0,0,15000,0,140,0,0,Cashback,Lifestyle,1,1,1,0,0,0,0,0,22.22,33.33,14.29,16.67,33.33,0.0,40.0,75.0,0.0
CAD-CC-01107,Harbour Financial Voyage Privilege Travel Explorer Card,Harbour Financial,Bank,Premium Travel,Mastercard,2016,Active,599,149,80000,797,0.0,2.0,20.11,21.2,Travel Points,2.94,Flexible Points,1,1,1,0,0,0,1,0,0,0,1,0,0,0,1,0,0,0,0,0,0,0,0,0,0,0,1,1,1,0,1,1,1,1,1,0,0,0,0,0,1,1,0,0,0,0,0,0,0,60000,0,730,0,0,Travel,Cashback,1,1,1,1,1,1,0,0,88.89,33.33,28.57,0.0,22.22,25.0,20.0,100.0,60.0
CAD-CC-01108,Maple Leaf Credit Union Select Travel Advantage Card,Maple Leaf Credit Union,Credit Union,Travel,Visa,2022,Active,89,29,0,692,0.0,3.5,20.38,23.55,Flexible Points,2.39,Flexible Points,1,1,1,0,0,0,0,1,1,1,0,0,0,0,0,0,0,0,0,0,0,1,0,0,0,0,0,1,0,0,0,1,1,0,0,0,1,0,0,1,1,1,0,0,0,0,0,0,0,30000,0,279,0,0,Cashback,Travel,1,1,1,0,0,0,0,0,44.44,66.67,42.86,8.33,44.44,0.0,20.0,75.0,0.0
CAD-CC-01109,Capital Crown Bank Momentum Digital First Explorer Card,Capital Crown Bank,Bank,Digital First,Visa,2026,Retired,0,0,0,641,2.5,3.5,21.87,23.92,Hybrid Rewards,1.34,Flexible Points,0,0,1,0,1,0,0,0,0,0,0,0,0,0,0,0,0,0,1,1,1,0,0,0,0,0,0,0,0,0,0,0,0,0,1,0,1,0,1,1,1,1,0,1,1,1,0,0,0,0,150,150,0,12,Digital,Subscription,1,1,0,0,0,0,0,0,0.0,0.0,85.71,33.33,0.0,0.0,60.0,50.0,0.0
CAD-CC-01110,Laurentian Maple Bank Flex Rewards Preferred Card,Laurentian Maple Bank,Bank,Rewards,Visa,2016,Active,39,0,30000,621,2.5,4.0,22.27,23.56,Cashback,1.07,Flexible Points,0,0,1,0,0,0,0,1,0,0,0,0,1,0,0,0,0,0,0,0,0,0,0,0,0,0,0,0,1,0,1,0,0,0,1,0,0,0,0,1,0,1,0,0,0,1,0,0,0,25000,0,226,1,0,Digital,Lifestyle,0,1,0,0,0,0,0,0,22.22,16.67,42.86,0.0,22.22,0.0,20.0,25.0,0.0
CAD-CC-01111,Ontario Mutual CU Platinum Cashback Card,Ontario Mutual CU,Credit Union,Cashback,Visa,2023,Active,89,0,30000,638,3.0,2.0,22.32,24.18,Cashback,0.86,Cashback Dollars,1,0,0,1,0,0,1,0,1,0,0,0,0,1,0,0,0,0,0,0,0,0,0,0,0,0,0,0,0,0,0,0,0,0,0,0,0,0,0,0,0,1,1,0,1,0,0,0,0,0,50,50,1,0,Cashback,Digital,1,1,0,0,0,0,0,0,0.0,66.67,42.86,0.0,33.33,0.0,0.0,50.0,0.0
CAD-CC-01112,BrightSpend Edge Digital First Card,BrightSpend,Fintech,Digital First,Mastercard,2018,Active,0,0,30000,710,2.5,4.0,20.73,22.55,Cashback,1.51,Cashback Dollars,0,0,0,1,0,1,0,0,0,0,0,0,0,0,0,0,0,1,0,1,0,0,0,1,1,1,0,0,0,0,0,0,0,0,1,0,1,1,0,1,1,1,1,1,1,1,0,0,0,25000,0,206,1,0,Digital,Subscription,1,1,1,1,0,0,0,0,0.0,0.0,100.0,50.0,0.0,0.0,60.0,100.0,0.0
CAD-CC-01113,Harbour Financial Summit Privilege Travel Plus Card,Harbour Financial,Bank,Premium Travel,Mastercard,2016,Active,499,175,60000,767,0.0,4.0,22.28,23.85,Travel Points,1.83,Travel Points,0,1,1,0,0,0,0,0,0,1,0,0,0,0,0,0,0,0,0,0,0,0,0,0,0,0,1,1,1,1,1,1,1,1,0,0,0,0,0,1,1,1,0,0,1,1,0,0,1,80000,0,839,0,0,Travel,Digital,1,1,0,0,1,1,1,1,100.0,16.67,71.43,0.0,11.11,25.0,0.0,50.0,100.0
CAD-CC-01114,Air NorthStar Select Travel Infinite Card,Air NorthStar,Airline Partner,Travel,Visa,2022,Active,89,75,60000,662,2.5,4.0,21.01,22.98,Flexible Points,2.38,Travel Points,1,1,1,1,0,0,0,0,0,0,0,0,0,0,0,0,0,0,0,0,0,0,0,0,0,0,0,1,0,0,1,0,0,0,0,0,1,0,0,0,1,0,1,0,0,0,0,0,0,15000,0,92,0,6,Travel,Digital,1,1,1,1,0,0,0,0,33.33,16.67,28.57,0.0,0.0,0.0,20.0,100.0,0.0
CAD-CC-01115,Ontario Mutual CU Momentum Rewards Infinite Card,Ontario Mutual CU,Credit Union,Rewards,American Express,2015,Retired,89,0,30000,715,2.0,2.0,20.45,23.28,Cashback,1.06,Flexible Points,0,0,0,0,0,0,1,1,0,0,0,0,0,0,0,0,0,0,0,0,0,0,0,0,0,0,0,1,0,0,0,0,0,0,1,0,1,1,0,1,0,0,0,1,0,0,0,0,0,0,50,50,0,0,Cashback,Digital,1,1,1,0,0,0,0,0,11.11,33.33,28.57,0.0,22.22,0.0,60.0,75.0,0.0
CAD-CC-01116,Maple Leaf Credit Union Momentum Rewards Infinite Card,Maple Leaf Credit Union,Credit Union,Rewards,Mastercard,2017,Active,89,50,0,699,2.5,3.0,21.83,22.9,Flexible Points,2.01,Travel Points,1,1,0,1,0,0,1,0,0,0,0,1,0,0,1,0,0,0,0,0,0,0,0,0,0,0,0,1,0,0,0,0,0,0,0,0,0,0,1,1,1,1,1,0,0,0,0,0,0,15000,0,115,1,6,Digital,Cashback,1,1,1,0,0,0,0,0,22.22,33.33,57.14,0.0,22.22,25.0,20.0,75.0,0.0
CAD-CC-01117,Ontario Mutual CU Maple Balance Transfer Explorer Card,Ontario Mutual CU,Credit Union,Balance Transfer,Mastercard,2015,Active,59,20,15000,625,2.5,4.0,15.21,16.45,Cashback,1.02,Cashback Dollars,0,0,0,0,0,0,1,0,0,0,0,0,0,0,0,0,0,0,0,0,1,0,0,0,0,0,0,0,0,0,0,0,0,1,0,1,1,0,0,1,1,0,0,1,0,0,0,0,0,15000,0,125,0,3,Digital,Cashback,0,1,0,1,0,0,0,0,11.11,16.67,42.86,8.33,11.11,0.0,40.0,50.0,0.0
CAD-CC-01118,Northern Dominion Bank Voyage Cashback Infinite Card,Northern Dominion Bank,Bank,Cashback,Mastercard,2026,Pilot,89,29,15000,711,2.5,4.0,20.71,21.72,Cashback,2.14,Cashback Dollars,1,0,1,0,0,0,0,0,1,0,0,0,0,0,0,0,0,0,0,0,0,0,0,0,0,0,0,0,0,0,0,0,0,0,1,0,0,0,0,0,0,1,1,0,0,0,0,0,0,0,100,100,1,0,Cashback,Digital,1,1,1,0,0,0,0,0,0.0,33.33,28.57,0.0,11.11,0.0,20.0,75.0,0.0
CAD-CC-01119,Maple Leaf Credit Union Edge Student Preferred Card,Maple Leaf Credit Union,Credit Union,Student,American Express,2019,Active,0,10,10000,624,2.0,2.0,22.1,24.69,Cashback,1.62,Flexible Points,0,0,1,0,0,0,1,1,1,0,0,0,0,0,0,1,0,1,0,0,0,0,1,0,0,0,0,0,0,0,1,0,0,0,0,0,0,0,0,0,0,1,0,0,1,0,0,0,0,0,0,0,0,0,Student,Cashback,1,1,1,1,0,0,0,0,11.11,50.0,28.57,16.67,33.33,0.0,0.0,100.0,0.0
CAD-CC-01120,Maple Leaf Credit Union Signature Cashback Rewards Card,Maple Leaf Credit Union,Credit Union,Cashback,Mastercard,2016,Active,120,29,0,644,0.0,2.0,21.99,24.49,Cashback,1.1,Cashback Dollars,1,0,0,0,0,0,0,0,1,0,0,0,0,0,1,0,0,0,0,0,0,0,0,0,0,0,0,1,0,0,1,1,0,0,0,0,1,0,0,1,1,0,0,0,1,0,0,0,0,0,100,100,0,9,Digital,Cashback,1,1,1,0,0,0,0,0,33.33,33.33,42.86,0.0,11.11,25.0,20.0,75.0,0.0
CAD-CC-01121,PayWave Canada Momentum Student Rewards Card,PayWave Canada,Fintech,Student,American Express,2018,Active,39,15,0,673,2.5,2.0,20.73,23.39,Cashback,1.46,Flexible Points,1,0,0,0,0,0,0,1,0,0,0,0,1,0,0,1,0,0,0,0,1,0,0,0,0,0,0,0,0,0,0,0,0,0,0,1,1,0,0,1,1,1,1,1,1,0,0,0,0,0,25,25,1,9,Student,Digital,0,1,1,1,0,0,0,0,0.0,33.33,85.71,8.33,22.22,0.0,40.0,75.0,0.0
CAD-CC-01122,PocketCredit Summit Subscription Rewards Plus Card,PocketCredit,Fintech,Subscription Rewards,Mastercard,2025,Active,89,0,15000,683,2.5,4.0,22.61,24.1,Statement Credits,1.7,Cashback Dollars,0,0,0,0,1,1,0,0,0,0,0,0,1,1,0,0,0,0,1,0,1,1,0,1,0,1,0,0,0,0,0,0,0,0,0,0,1,0,0,1,1,1,1,0,1,1,0,0,0,15000,0,98,0,3,Digital,Subscription,1,1,0,0,0,0,0,0,0.0,16.67,85.71,58.33,33.33,0.0,20.0,50.0,0.0
CAD-CC-01123,MapleAir Signature Travel Card,MapleAir,Airline Partner,Travel,Mastercard,2016,Active,89,29,30000,664,2.5,4.0,22.69,24.89,Travel Points,2.19,Travel Points,0,1,1,1,0,0,1,0,1,0,1,1,0,0,0,0,0,0,1,0,0,0,0,0,0,0,1,1,0,0,0,0,1,0,1,0,1,0,0,0,0,1,1,1,0,0,0,0,0,15000,0,100,0,0,Travel,Cashback,1,1,0,0,0,0,0,0,44.44,33.33,42.86,8.33,44.44,0.0,40.0,50.0,20.0
CAD-CC-01124,Capital Crown Bank Momentum Low Interest Plus Card,Capital Crown Bank,Bank,Low Interest,Mastercard,2018,Active,29,10,12000,658,2.5,2.0,9.86,10.88,Cashback,1.02,Cashback Dollars,0,0,0,1,0,0,0,1,0,0,0,0,0,0,0,0,0,0,0,0,0,0,0,0,0,0,0,1,0,0,0,0,0,1,0,0,1,1,1,0,1,1,1,0,0,0,0,1,1,0,50,50,0,6,Sustainability,Digital,0,1,0,1,0,0,0,0,22.22,16.67,42.86,0.0,11.11,50.0,60.0,50.0,0.0
CAD-CC-01125,NeoMaple Financial Voyage Sustainability Plus Card,NeoMaple Financial,Fintech,Sustainability,American Express,2018,Active,89,15,15000,664,2.5,3.5,20.29,22.89,Cashback,1.16,Cashback Dollars,0,0,0,1,0,0,0,0,0,1,0,0,0,0,1,0,0,0,0,0,0,0,0,0,0,0,0,0,0,0,0,0,0,0,1,0,0,0,0,1,1,1,0,1,0,0,1,1,1,25000,0,177,1,3,Sustainability,Digital,1,1,1,0,0,0,0,0,0.0,16.67,57.14,0.0,11.11,100.0,20.0,75.0,0.0
CAD-CC-01126,CanadaJet Rewards Aurora Travel Plus Card,CanadaJet Rewards,Airline Partner,Travel,Visa,2024,Pilot,39,29,60000,682,0.0,2.0,20.01,22.19,Travel Points,1.88,Flexible Points,0,1,1,0,0,0,0,0,0,0,1,0,0,0,0,0,0,0,0,0,0,0,0,0,0,0,1,1,1,1,1,1,1,0,0,0,0,0,0,0,0,1,1,0,0,0,0,0,0,15000,0,101,1,0,Travel,Digital,0,1,0,0,0,0,0,0,88.89,0.0,28.57,0.0,11.11,0.0,0.0,25.0,20.0
CAD-CC-01128,Atlantic Community CU Voyage Low Interest Preferred Card,Atlantic Community CU,Credit Union,Low Interest,Visa,2017,Active,39,20,0,666,2.5,3.5,9.53,12.84,Hybrid Rewards,0.63,Cashback Dollars,0,1,1,0,0,0,1,0,0,0,0,0,0,0,0,0,0,0,0,0,0,0,0,0,0,0,0,1,0,0,0,0,0,0,0,1,1,0,0,0,1,1,1,0,1,0,0,0,0,0,75,75,1,0,Digital,Travel,1,1,1,1,0,0,0,0,22.22,16.67,57.14,0.0,11.11,0.0,40.0,100.0,0.0
CAD-CC-01129,Laurentian Maple Bank Voyage Cashback Preferred Card,Laurentian Maple Bank,Bank,Cashback,American Express,2024,Active,120,29,30000,723,2.5,4.0,22.16,25.02,Cashback,1.04,Cashback Dollars,1,0,0,0,0,0,1,0,0,1,0,0,0,1,0,0,0,0,0,0,0,1,0,0,0,0,0,0,0,0,0,0,0,0,0,0,1,0,0,0,1,1,1,0,1,0,0,1,0,0,150,150,0,0,Cashback,Digital,1,1,1,1,1,0,0,0,0.0,66.67,57.14,8.33,44.44,25.0,20.0,100.0,20.0
CAD-CC-01130,MapleTrust Bank Prime Sustainability Advantage Card,MapleTrust Bank,Bank,Sustainability,Visa,2015,Active,89,0,30000,731,2.5,3.0,22.88,24.97,Cashback,0.58,Flexible Points,0,0,0,0,0,0,0,1,0,1,0,0,0,0,1,0,0,0,0,0,1,0,0,0,0,0,0,0,0,0,0,0,0,0,0,0,0,0,0,0,1,1,1,0,0,0,1,1,1,25000,0,246,1,9,Sustainability,Digital,1,1,0,1,0,0,0,0,0.0,33.33,42.86,8.33,22.22,100.0,0.0,75.0,0.0
CAD-CC-01131,Capital Crown Bank North Rewards World Card,Capital Crown Bank,Bank,Rewards,American Express,2026,Active,99,0,60000,670,2.5,4.0,21.1,23.26,Hybrid Rewards,1.79,Travel Points,0,0,1,0,0,0,1,1,0,1,0,0,1,0,0,0,0,0,0,0,0,0,0,0,0,0,0,0,0,0,0,0,0,0,0,1,0,0,1,1,1,0,1,1,1,0,0,0,0,0,150,150,0,6,Digital,Lifestyle,0,1,0,1,0,0,0,0,0.0,50.0,71.43,0.0,44.44,0.0,40.0,50.0,0.0
CAD-CC-01132,Maple Leaf Credit Union Thrive Student Preferred Card,Maple Leaf Credit Union,Credit Union,Student,American Express,2022,Active,25,0,0,635,2.5,4.0,21.64,24.97,Cashback,0.76,Flexible Points,1,0,0,0,0,1,0,0,1,0,0,0,0,0,0,1,0,1,0,0,0,0,0,0,0,0,0,1,0,0,0,0,0,0,0,1,1,0,1,0,0,0,1,1,1,1,0,0,0,0,75,75,0,0,Student,Digital,1,1,0,1,0,0,0,0,11.11,33.33,57.14,16.67,11.11,0.0,60.0,75.0,0.0
CAD-CC-01133,Coastline Credit Union Maple Balance Transfer Infinite Card,Coastline Credit Union,Credit Union,Balance Transfer,Mastercard,2024,Active,20,20,15000,685,2.5,2.0,13.98,15.05,Statement Credits,0.56,Cashback Dollars,0,0,0,1,0,0,0,0,0,0,0,0,0,0,0,0,0,0,1,0,0,0,0,0,0,0,0,0,0,0,0,0,0,1,1,1,1,1,0,1,1,0,1,0,0,0,0,0,0,25000,0,191,1,0,Digital,Travel,1,1,1,1,0,0,0,0,11.11,0.0,42.86,8.33,0.0,0.0,80.0,100.0,0.0
CAD-CC-01134,Maple Leaf Credit Union Maple Balance Transfer World Card,Maple Leaf Credit Union,Credit Union,Balance Transfer,Mastercard,2023,Active,39,0,0,666,2.5,1.0,16.74,19.3,Statement Credits,1.15,Cashback Dollars,1,0,0,0,0,0,1,0,0,0,0,0,0,0,0,0,0,0,0,0,0,0,0,1,0,0,0,0,0,0,0,0,0,0,0,0,0,0,0,1,1,0,1,0,1,0,0,0,1,0,150,150,1,12,Digital,Cashback,1,0,0,1,0,0,0,0,0.0,33.33,57.14,8.33,11.11,25.0,0.0,50.0,0.0
CAD-CC-01135,Capital Crown Bank Summit Balance Transfer Plus Card,Capital Crown Bank,Bank,Balance Transfer,Visa,2015,Active,29,0,15000,729,2.5,3.0,16.22,18.43,Cashback,0.63,Cashback Dollars,1,0,0,1,0,0,0,0,0,0,0,0,0,0,0,0,0,0,0,0,0,0,0,0,0,0,0,0,0,0,0,0,0,0,0,0,1,1,1,0,1,1,0,0,1,0,0,0,0,25000,0,164,0,0,Digital,Cashback,1,1,0,0,0,0,0,0,0.0,16.67,42.86,0.0,0.0,0.0,60.0,50.0,0.0
CAD-CC-01136,Ontario Mutual CU Prime Rewards Preferred Card,Ontario Mutual CU,Credit Union,Rewards,Visa,2022,Active,89,0,15000,745,2.5,3.5,20.33,21.39,Flexible Points,1.38,Cashback Dollars,1,0,1,0,0,0,1,0,0,1,0,0,1,0,0,0,0,0,0,0,0,0,0,0,0,0,0,0,0,0,0,0,0,0,0,0,0,0,0,1,1,0,0,0,0,0,0,0,0,15000,0,135,1,0,Cashback,Lifestyle,1,1,1,0,0,0,0,0,0.0,50.0,28.57,0.0,33.33,0.0,0.0,75.0,0.0
CAD-CC-01137,Prairie National Bank North Travel Rewards Card,Prairie National Bank,Bank,Travel,Visa,2021,Active,120,0,60000,704,2.5,2.0,20.82,23.85,Flexible Points,1.11,Loyalty Miles,0,1,1,0,0,0,0,0,0,0,0,0,0,0,0,0,0,0,0,0,0,0,0,0,0,0,1,0,0,1,1,0,1,0,1,0,1,0,1,0,1,0,0,1,0,0,0,0,0,20000,0,145,1,0,Travel,Digital,1,1,0,1,0,0,0,0,55.56,0.0,28.57,0.0,0.0,0.0,60.0,75.0,20.0
CAD-CC-01138,TrueNorth Bank Thrive Rewards Plus Card,TrueNorth Bank,Bank,Rewards,Visa,2023,Active,39,0,15000,744,2.5,2.0,20.76,22.38,Flexible Points,2.37,Flexible Points,0,0,1,1,0,0,1,0,0,0,1,0,0,0,0,0,0,0,0,0,0,0,0,0,0,0,0,1,0,1,0,0,0,0,0,0,1,0,0,0,1,1,1,1,1,0,0,0,0,25000,0,188,0,6,Digital,Cashback,0,1,1,1,0,0,0,0,22.22,16.67,71.43,0.0,22.22,0.0,20.0,75.0,0.0
CAD-CC-01139,NorthPay Labs North Digital First World Card,NorthPay Labs,Fintech,Digital First,Mastercard,2015,Active,49,0,60000,685,2.0,4.0,20.12,21.97,Cashback,0.62,Cashback Dollars,0,0,0,0,0,1,1,0,1,0,0,0,0,0,0,0,0,0,0,1,0,0,0,1,1,0,0,0,0,0,0,0,0,0,1,1,0,0,1,1,1,1,1,1,1,1,0,0,0,15000,0,120,1,12,Digital,Cashback,1,1,0,0,0,0,0,0,0.0,33.33,100.0,33.33,22.22,0.0,60.0,50.0,0.0
CAD-CC-01140,Prairie Community CU Thrive Balance Transfer Infinite Card,Prairie Community CU,Credit Union,Balance Transfer,Visa,2017,Active,20,10,30000,651,2.5,4.0,13.21,14.62,Hybrid Rewards,0.84,Cashback Dollars,0,0,0,0,0,0,0,1,0,0,0,0,0,0,0,0,0,1,0,0,0,0,0,0,0,0,0,0,0,0,0,0,0,0,1,1,1,1,0,0,1,1,0,1,1,0,0,0,0,25000,0,158,1,0,Digital,Cashback,1,1,0,0,0,0,0,0,0.0,16.67,57.14,8.33,11.11,0.0,80.0,50.0,0.0
CAD-CC-01141,NeoMaple Financial Maple Sustainability Rewards Card,NeoMaple Financial,Fintech,Sustainability,American Express,2017,Active,49,0,30000,658,2.5,3.0,22.36,23.74,Hybrid Rewards,1.71,Cashback Dollars,1,0,0,0,0,0,1,0,0,1,0,0,0,0,1,0,0,0,0,0,0,0,0,0,0,0,0,0,0,0,0,0,0,0,0,0,1,0,0,1,1,1,0,1,1,0,1,0,1,25000,0,249,1,6,Sustainability,Digital,1,1,0,0,0,0,0,0,0.0,50.0,71.43,0.0,22.22,75.0,20.0,50.0,0.0
CAD-CC-01142,NorthPay Labs Elevate Digital First Infinite Card,NorthPay Labs,Fintech,Digital First,Visa,2024,Active,0,0,15000,651,2.5,2.0,22.8,24.49,Hybrid Rewards,1.36,Flexible Points,1,0,1,0,0,0,0,0,0,0,0,0,0,0,0,0,1,0,1,0,0,0,1,0,0,0,0,1,0,0,0,0,0,0,0,0,0,0,1,1,1,1,1,1,1,1,1,0,0,25000,0,210,1,12,Digital,Subscription,1,1,0,0,0,0,0,0,11.11,16.67,100.0,25.0,0.0,25.0,20.0,50.0,0.0
CAD-CC-01143,TrueNorth Bank Everyday Cashback Advantage Card,TrueNorth Bank,Bank,Cashback,Mastercard,2022,Active,0,50,15000,754,3.0,3.0,22.04,23.32,Cashback,1.77,Cashback Dollars,1,0,0,1,0,0,1,1,1,0,0,1,0,1,0,0,0,0,0,0,0,0,1,0,0,0,0,0,0,0,0,0,0,0,0,1,1,1,0,1,0,1,1,0,0,0,0,0,0,0,50,50,0,0,Cashback,Lifestyle,1,0,0,1,0,0,0,0,0.0,83.33,42.86,8.33,55.56,0.0,60.0,50.0,0.0
CAD-CC-01144,CanStyle Retail Maple Subscription Rewards Explorer Card,CanStyle Retail,Retail Partner,Subscription Rewards,Visa,2017,Pilot,120,0,0,732,2.5,3.5,22.46,23.65,Statement Credits,1.47,Cashback Dollars,0,0,0,1,1,1,0,0,0,0,0,0,0,0,0,0,1,0,1,1,1,1,1,1,1,0,0,1,0,1,0,0,0,0,0,0,0,0,0,0,1,0,1,0,0,0,0,0,0,10000,0,68,1,0,Subscription,Digital,1,1,1,0,0,0,0,0,22.22,0.0,28.57,83.33,11.11,0.0,0.0,75.0,0.0
CAD-CC-01145,Prairie Community CU Flex Travel Preferred Card,Prairie Community CU,Credit Union,Travel,American Express,2022,Active,120,29,60000,676,2.0,3.5,21.69,22.87,Flexible Points,1.81,Loyalty Miles,0,1,1,0,0,0,0,1,0,0,0,0,0,0,0,0,0,0,0,0,0,0,0,0,0,0,0,1,0,0,0,0,0,1,0,0,1,0,1,1,1,1,0,0,0,0,0,0,1,20000,0,187,1,0,Digital,Travel,1,1,0,1,0,0,0,0,33.33,16.67,42.86,0.0,11.11,25.0,40.0,75.0,0.0
CAD-CC-01146,Polar Wings Everyday Privilege Travel Explorer Card,Polar Wings,Airline Partner,Premium Travel,Mastercard,2015,Active,399,199,80000,735,0.0,2.0,20.63,23.79,Travel Points,1.86,Loyalty Miles,0,1,1,0,0,0,0,1,0,1,1,0,0,0,0,0,0,0,0,0,0,0,0,0,0,0,1,1,1,1,1,1,0,1,1,0,1,0,0,1,1,1,1,0,1,0,0,0,0,90000,0,1071,0,0,Travel,Digital,1,1,0,1,1,1,1,0,88.89,33.33,71.43,0.0,33.33,0.0,40.0,75.0,80.0
CAD-CC-01147,CanadaJet Rewards North Privilege Travel Card,CanadaJet Rewards,Airline Partner,Premium Travel,Mastercard,2025,Active,499,99,100000,816,0.0,3.0,22.65,25.0,Travel Points,3.08,Travel Points,0,1,1,0,0,0,0,1,0,0,0,1,1,0,0,0,0,0,0,0,0,0,0,0,0,0,0,0,1,0,1,1,1,1,0,0,1,0,0,0,1,0,0,0,0,0,0,0,0,70000,0,878,0,0,Travel,Lifestyle,1,1,0,1,0,1,0,0,66.67,16.67,14.29,0.0,33.33,0.0,20.0,75.0,20.0
CAD-CC-01148,NorthPay Labs North Balance Transfer World Card,NorthPay Labs,Fintech,Balance Transfer,American Express,2023,Active,29,20,15000,710,2.0,4.0,14.92,17.41,Statement Credits,0.41,Cashback Dollars,0,0,1,0,0,0,1,0,0,0,0,0,0,0,0,0,0,0,0,0,0,0,0,0,0,0,0,0,0,0,1,0,0,0,1,1,0,0,0,1,1,1,1,0,1,0,0,0,0,25000,0,164,1,0,Digital,Cashback,1,1,0,0,0,0,0,0,11.11,16.67,71.43,0.0,11.11,0.0,40.0,50.0,0.0
CAD-CC-01149,ShopNorth Momentum Lifestyle Rewards Rewards Card,ShopNorth,Retail Partner,Lifestyle Rewards,American Express,2025,Active,0,29,60000,719,2.5,3.5,21.36,23.35,Flexible Points,1.33,Flexible Points,1,0,0,0,0,0,0,1,1,1,0,0,0,1,0,0,1,0,0,0,0,0,0,0,1,0,0,0,0,0,0,0,0,0,0,0,1,0,0,1,1,0,1,1,0,0,0,0,0,0,150,150,0,12,Cashback,Digital,1,1,1,1,0,0,0,0,0.0,83.33,57.14,16.67,44.44,0.0,20.0,100.0,0.0
CAD-CC-01150,MapleMart Voyage Cashback Preferred Card,MapleMart,Retail Partner,Cashback,Mastercard,2022,Active,99,0,60000,639,2.5,3.5,20.46,23.65,Cashback,1.52,Cashback Dollars,1,0,0,0,0,0,0,1,0,0,0,0,0,1,0,1,0,0,0,0,0,0,0,0,0,0,0,0,0,0,0,0,0,0,0,1,0,0,0,0,0,1,1,1,1,0,0,1,0,0,50,50,1,6,Student,Cashback,1,1,0,1,0,0,0,0,0.0,50.0,57.14,0.0,22.22,25.0,20.0,75.0,0.0
CAD-CC-01151,Atlantic Community CU Everyday Cashback Explorer Card,Atlantic Community CU,Credit Union,Cashback,Visa,2015,Active,99,29,30000,704,2.5,4.0,22.16,25.62,Cashback,1.46,Cashback Dollars,1,1,0,1,0,0,1,1,1,0,0,0,0,1,0,0,1,1,0,0,0,0,0,0,0,0,0,0,0,0,0,0,0,0,0,0,0,1,0,0,0,1,1,1,0,0,0,0,0,0,150,150,0,9,Cashback,Digital,1,1,1,1,0,0,0,0,11.11,83.33,42.86,16.67,44.44,0.0,20.0,100.0,0.0
CAD-CC-01152,PocketCredit Signature Balance Transfer World Card,PocketCredit,Fintech,Balance Transfer,Mastercard,2018,Active,29,0,15000,692,2.5,3.0,17.5,20.87,Statement Credits,1.14,Cashback Dollars,0,0,0,0,0,0,0,0,0,0,0,0,0,0,0,0,0,0,0,1,0,0,0,0,0,0,0,0,0,0,0,0,0,0,1,0,0,0,0,1,1,1,1,1,0,1,0,0,0,10000,0,97,0,6,Digital,Subscription,1,1,0,0,0,0,0,0,0.0,0.0,85.71,8.33,0.0,0.0,20.0,50.0,0.0
CAD-CC-01154,Prairie Community CU Maple Rewards Preferred Card,Prairie Community CU,Credit Union,Rewards,Mastercard,2022,Active,0,0,0,749,2.5,2.0,21.16,24.18,Flexible Points,2.03,Flexible Points,1,0,0,0,0,0,0,0,0,0,0,0,0,1,0,0,0,0,0,0,0,0,0,0,0,1,0,1,0,0,0,0,0,0,0,0,0,0,0,1,1,0,0,0,0,0,1,0,0,15000,0,134,0,9,Cashback,Digital,0,1,0,0,0,0,0,0,11.11,33.33,28.57,8.33,11.11,25.0,0.0,25.0,0.0
CAD-CC-01155,PayWave Canada Prime Cashback Infinite Card,PayWave Canada,Fintech,Cashback,American Express,2026,Active,0,0,0,648,2.5,3.5,21.0,23.96,Cashback,1.82,Cashback Dollars,1,0,0,1,0,0,0,1,1,0,0,0,0,1,0,0,0,0,0,0,0,0,0,0,0,0,0,0,0,0,0,0,0,0,0,0,1,0,0,1,1,1,1,1,1,0,0,0,0,0,200,200,0,0,Digital,Cashback,1,1,0,1,0,0,0,0,0.0,66.67,85.71,0.0,33.33,0.0,20.0,75.0,0.0
CAD-CC-01156,TrueNorth Bank Elevate Privilege Travel Rewards Card,TrueNorth Bank,Bank,Premium Travel,Visa,2020,Retired,499,175,80000,790,0.0,2.0,20.4,23.15,Flexible Points,2.27,Travel Points,1,1,1,0,0,0,0,1,0,0,1,0,0,0,1,0,0,0,0,0,0,0,0,0,0,0,1,1,1,0,1,1,1,1,0,0,1,0,0,0,1,0,0,1,0,0,0,0,0,70000,0,846,1,6,Travel,Cashback,1,1,0,0,1,1,0,0,88.89,33.33,28.57,0.0,22.22,25.0,20.0,50.0,60.0
CAD-CC-01157,MapleTrust Bank Flex Travel Advantage Card,MapleTrust Bank,Bank,Travel,Visa,2016,Active,120,0,60000,742,2.5,3.5,20.06,21.61,Flexible Points,1.71,Travel Points,0,1,1,0,0,0,0,0,0,0,0,0,0,0,0,0,0,0,0,0,0,0,0,0,0,0,0,0,0,1,1,0,0,1,0,0,0,0,0,0,1,0,1,0,0,0,0,0,0,15000,0,125,0,6,Travel,Digital,1,1,1,0,0,1,0,0,44.44,0.0,28.57,0.0,0.0,0.0,0.0,75.0,20.0
CAD-CC-01158,ShopNorth Summit Rewards Explorer Card,ShopNorth,Retail Partner,Rewards,Mastercard,2020,Active,89,29,60000,694,2.5,3.5,21.8,25.08,Hybrid Rewards,1.29,Cashback Dollars,1,0,1,0,0,0,0,1,0,0,0,0,0,1,0,0,0,1,0,0,0,0,0,0,0,0,0,0,0,0,0,0,0,0,1,0,0,0,0,1,1,1,0,1,0,0,0,0,1,25000,0,215,0,0,Cashback,Digital,1,0,0,1,0,0,0,0,0.0,50.0,57.14,8.33,22.22,25.0,20.0,50.0,0.0
CAD-CC-01159,Coastline Credit Union Voyage Rewards World Card,Coastline Credit Union,Credit Union,Rewards,Visa,2015,Active,0,0,0,663,0.0,3.0,21.56,24.55,Flexible Points,1.27,Cashback Dollars,0,0,1,0,0,0,0,0,0,0,0,0,1,1,0,0,0,0,0,0,0,0,0,0,0,0,0,0,0,0,0,1,0,0,0,0,1,0,0,1,0,1,0,0,0,0,0,1,1,0,50,50,1,3,Sustainability,Lifestyle,1,1,0,1,0,0,0,0,11.11,16.67,28.57,0.0,22.22,50.0,20.0,75.0,0.0
CAD-CC-01160,PayWave Canada Momentum Cashback Card,PayWave Canada,Fintech,Cashback,Mastercard,2023,Active,0,0,30000,731,3.0,2.0,21.45,24.13,Cashback,2.49,Cashback Dollars,1,0,0,0,0,0,1,0,1,0,0,0,0,1,0,0,0,0,0,0,0,0,0,0,0,1,0,1,0,0,0,0,0,0,0,1,0,1,0,1,1,1,1,1,1,0,0,0,0,0,150,150,0,0,Digital,Cashback,1,0,1,0,0,0,0,0,11.11,66.67,85.71,8.33,33.33,0.0,40.0,50.0,0.0
CAD-CC-01161,Prairie National Bank Thrive Cashback Preferred Card,Prairie National Bank,Bank,Cashback,Visa,2025,Active,120,0,30000,678,2.0,3.5,22.93,24.92,Cashback,1.37,Cashback Dollars,1,0,0,0,0,0,1,1,0,0,0,0,0,0,0,0,0,1,0,0,0,0,0,0,0,0,0,0,0,0,0,0,0,0,0,0,0,0,0,1,0,1,0,0,1,0,0,0,0,0,100,100,1,6,Cashback,Digital,1,1,0,0,0,0,0,0,0.0,50.0,42.86,8.33,22.22,0.0,0.0,50.0,0.0
CAD-CC-01162,BrightSpend Everyday Cashback Infinite Card,BrightSpend,Fintech,Cashback,Visa,2026,Active,99,29,30000,622,3.0,2.0,20.69,23.07,Cashback,2.62,Cashback Dollars,1,0,0,0,0,0,0,1,1,0,1,0,0,1,0,0,0,0,0,0,0,0,0,0,0,0,0,1,0,0,0,0,0,0,1,1,1,0,0,1,1,1,1,1,1,0,0,0,0,0,200,200,0,6,Digital,Cashback,0,1,1,0,0,0,0,0,11.11,66.67,85.71,0.0,44.44,0.0,60.0,50.0,0.0
CAD-CC-01163,NorthPay Labs Maple Student Card,NorthPay Labs,Fintech,Student,Mastercard,2021,Active,0,0,5000,646,2.5,2.0,22.46,23.48,Hybrid Rewards,1.2,Cashback Dollars,1,0,0,1,0,0,0,0,0,0,0,0,0,0,0,1,1,0,0,1,0,0,1,1,0,0,0,0,0,0,0,0,0,0,1,0,1,1,0,1,1,1,1,1,1,0,0,1,0,0,75,75,0,3,Student,Digital,1,1,1,1,0,0,0,0,0.0,16.67,85.71,33.33,0.0,25.0,60.0,100.0,0.0
CAD-CC-01164,Laurentian Maple Bank Edge Rewards Essentials Card,Laurentian Maple Bank,Bank,Rewards,Mastercard,2019,Active,0,29,0,683,2.5,3.0,21.01,23.97,Flexible Points,1.71,Flexible Points,1,0,1,0,0,0,0,1,0,0,0,0,0,1,0,0,0,0,0,0,0,0,0,0,0,0,0,0,0,0,1,0,0,0,0,1,1,0,0,1,1,1,0,1,0,0,0,0,0,25000,0,163,0,12,Cashback,Digital,1,1,1,1,0,0,0,0,11.11,50.0,57.14,0.0,22.22,0.0,40.0,100.0,0.0
CAD-CC-01165,Atlantic Community CU Maple Low Interest Infinite Card,Atlantic Community CU,Credit Union,Low Interest,Visa,2018,Active,29,20,15000,725,2.0,3.0,9.18,11.84,Cashback,0.88,Cashback Dollars,0,0,0,0,0,0,1,0,0,1,0,0,0,0,0,0,1,0,0,0,0,0,0,0,0,0,0,0,0,0,0,0,0,0,1,1,1,1,1,0,1,0,0,1,1,0,0,0,1,0,25,25,0,0,Digital,Sustainability,1,1,1,0,0,0,0,0,0.0,33.33,42.86,8.33,22.22,25.0,100.0,75.0,0.0
CAD-CC-01166,NorthPay Labs Elevate Lifestyle Rewards Rewards Card,NorthPay Labs,Fintech,Lifestyle Rewards,Mastercard,2026,Active,89,0,30000,713,2.5,3.0,21.99,23.62,Hybrid Rewards,2.04,Travel Points,0,1,0,0,0,0,0,0,0,0,0,0,1,0,0,0,0,0,0,0,1,0,0,0,0,0,0,0,0,0,0,0,0,1,1,0,0,0,1,1,1,1,1,1,0,0,0,0,0,15000,0,100,1,6,Digital,Travel,0,1,1,0,0,0,0,0,22.22,0.0,71.43,8.33,11.11,0.0,40.0,50.0,0.0
CAD-CC-01167,Atlantic Community CU Voyage Rewards Advantage Card,Atlantic Community CU,Credit Union,Rewards,American Express,2026,Active,39,0,0,688,2.5,2.0,21.99,25.42,Hybrid Rewards,0.82,Flexible Points,1,0,1,1,0,0,1,0,0,0,0,0,1,1,0,0,0,0,0,1,0,0,0,0,0,0,0,0,0,0,0,0,0,0,0,0,1,1,0,1,0,0,1,0,1,0,0,0,0,10000,0,81,0,0,Cashback,Digital,1,1,0,0,0,0,0,0,0.0,50.0,42.86,8.33,33.33,0.0,40.0,50.0,0.0
CAD-CC-01168,MapleTrust Bank Voyage Low Interest Card,MapleTrust Bank,Bank,Low Interest,Visa,2017,Active,39,20,15000,678,3.0,2.0,10.41,11.76,Hybrid Rewards,0.81,Cashback Dollars,1,0,0,0,0,0,0,0,0,0,0,1,0,0,0,0,0,0,0,0,0,0,0,0,0,0,0,0,0,0,0,0,0,0,1,0,1,0,1,1,0,1,1,1,1,0,0,0,0,0,0,0,0,0,Digital,Cashback,1,0,1,0,0,0,0,0,0.0,16.67,71.43,0.0,11.11,0.0,60.0,50.0,0.0
CAD-CC-01169,Laurentian Maple Bank North Cashback Infinite Card,Laurentian Maple Bank,Bank,Cashback,American Express,2021,Active,99,0,15000,670,2.5,2.0,21.28,24.55,Cashback,1.29,Cashback Dollars,1,0,1,0,1,0,1,1,1,0,1,0,0,1,0,0,0,0,0,0,0,0,0,0,0,0,0,0,0,0,0,0,0,0,1,0,0,0,0,0,1,0,1,1,0,0,0,0,0,0,200,200,1,3,Cashback,Lifestyle,1,1,0,1,0,0,0,0,0.0,83.33,42.86,8.33,55.56,0.0,20.0,75.0,0.0
CAD-CC-01170,MapleMart Voyage Rewards Rewards Card,MapleMart,Retail Partner,Rewards,Visa,2015,Active,0,0,30000,743,2.5,2.0,20.0,21.49,Hybrid Rewards,1.21,Travel Points,0,1,1,0,0,0,1,1,0,0,0,0,0,0,0,0,0,0,0,0,0,0,0,0,0,0,0,0,0,0,0,0,0,0,1,0,0,1,0,1,1,0,0,1,0,0,0,0,0,25000,0,152,0,3,Digital,Cashback,1,1,1,0,0,0,0,0,11.11,33.33,42.86,0.0,22.22,0.0,40.0,75.0,0.0
CAD-CC-01171,Polar Wings Aurora Travel Plus Card,Polar Wings,Airline Partner,Travel,American Express,2026,Active,120,50,30000,755,2.5,3.0,20.05,22.74,Travel Points,2.04,Loyalty Miles,0,1,1,0,0,1,0,0,0,1,1,0,0,0,0,0,0,0,0,0,0,0,0,0,0,0,1,0,0,0,0,0,1,1,0,0,0,0,0,1,0,1,1,1,1,0,0,0,0,15000,0,115,0,9,Digital,Travel,0,1,1,0,0,0,1,0,44.44,16.67,71.43,8.33,22.22,0.0,0.0,50.0,40.0
CAD-CC-01172,Prairie National Bank Flex Lifestyle Rewards Rewards Card,Prairie National Bank,Bank,Lifestyle Rewards,Mastercard,2019,Active,0,0,0,654,2.5,4.0,21.73,24.74,Flexible Points,1.57,Flexible Points,0,0,0,0,0,0,0,0,0,0,0,0,1,0,0,0,0,0,0,1,0,0,0,0,0,1,0,0,0,0,0,0,0,0,0,1,0,1,1,1,1,1,0,1,0,0,0,0,0,0,50,50,0,0,Digital,Lifestyle,1,1,0,0,0,0,0,0,0.0,0.0,57.14,16.67,11.11,0.0,60.0,50.0,0.0
CAD-CC-01173,Capital Crown Bank Flex Privilege Travel Advantage Card,Capital Crown Bank,Bank,Premium Travel,Visa,2022,Active,699,199,80000,773,0.0,3.0,20.25,22.57,Flexible Points,1.75,Travel Points,1,1,1,0,1,0,0,1,0,1,0,0,1,0,0,0,0,0,0,0,0,0,0,0,0,0,1,1,1,1,1,1,1,1,0,1,0,1,0,0,0,1,1,1,0,0,0,0,0,70000,0,950,0,9,Travel,Lifestyle,1,0,1,0,1,1,0,1,100.0,50.0,42.86,8.33,33.33,0.0,40.0,50.0,80.0
CAD-CC-01174,Capital Crown Bank Signature Privilege Travel Explorer Card,Capital Crown Bank,Bank,Premium Travel,Mastercard,2015,Active,499,99,60000,758,0.0,3.0,21.69,23.97,Flexible Points,1.89,Flexible Points,1,1,1,0,0,0,0,0,0,0,0,0,0,0,0,0,0,0,0,0,0,0,0,0,0,0,1,1,1,1,1,1,0,1,1,0,0,0,0,1,1,1,0,0,1,0,0,0,0,70000,0,906,0,0,Travel,Digital,1,1,1,1,1,1,1,0,88.89,16.67,57.14,0.0,0.0,0.0,20.0,100.0,80.0
CAD-CC-01175,Prairie Community CU Select Rewards Advantage Card,Prairie Community CU,Credit Union,Rewards,Mastercard,2020,Pilot,89,29,0,707,2.5,3.0,22.06,23.45,Cashback,2.14,Cashback Dollars,1,0,1,0,0,0,0,1,1,0,0,0,0,0,1,0,0,0,0,0,0,0,0,0,0,0,0,0,0,0,0,0,0,0,0,0,0,0,1,0,0,1,0,0,0,0,0,0,0,0,50,50,1,0,Cashback,Sustainability,1,1,0,1,0,0,0,0,0.0,50.0,14.29,0.0,22.22,25.0,20.0,75.0,0.0
CAD-CC-01176,Atlantic Community CU Signature Rewards Rewards Card,Atlantic Community CU,Credit Union,Rewards,Mastercard,2018,Active,89,0,60000,711,2.5,4.0,21.2,23.94,Hybrid Rewards,2.52,Flexible Points,1,0,1,0,0,0,1,1,0,0,0,0,0,0,0,0,0,0,0,0,0,0,0,0,0,1,0,1,0,0,0,0,0,0,0,0,0,1,0,0,1,0,1,0,1,0,0,0,0,0,100,100,0,0,Cashback,Digital,0,1,0,1,0,0,0,0,11.11,50.0,42.86,8.33,22.22,0.0,20.0,50.0,0.0
CAD-CC-01177,GlobePass Canada Platinum Travel Essentials Card,GlobePass Canada,Travel Partner,Travel,Mastercard,2022,Active,120,50,60000,749,2.5,4.0,21.14,23.81,Flexible Points,1.32,Loyalty Miles,0,1,1,1,0,0,0,0,0,1,1,0,0,0,0,0,0,0,0,0,0,1,0,0,0,0,0,1,0,1,1,0,0,0,1,0,0,0,0,1,1,0,1,1,1,0,0,0,0,15000,0,110,1,12,Digital,Travel,1,1,1,0,0,0,0,0,44.44,16.67,71.43,8.33,33.33,0.0,20.0,75.0,0.0
CAD-CC-01179,Atlantic Community CU Maple Student Card,Atlantic Community CU,Credit Union,Student,Mastercard,2023,Active,0,0,0,664,2.5,3.5,21.37,23.56,Hybrid Rewards,1.79,Cashback Dollars,1,1,0,0,0,1,0,0,0,0,0,0,0,0,1,1,1,1,1,0,0,0,1,0,0,1,0,0,0,0,0,0,0,0,0,0,1,0,1,0,1,1,0,1,0,0,0,0,0,0,50,50,0,6,Student,Subscription,1,1,1,1,0,0,0,0,11.11,16.67,42.86,50.0,0.0,25.0,40.0,100.0,0.0
CAD-CC-01180,Coastline Credit Union Momentum Rewards World Card,Coastline Credit Union,Credit Union,Rewards,Visa,2023,Active,99,29,15000,633,2.0,3.0,21.86,24.83,Flexible Points,1.0,Flexible Points,0,1,0,0,0,0,1,1,0,1,0,0,0,0,0,0,0,0,0,0,0,0,0,0,0,0,0,0,0,0,0,0,0,0,0,0,0,0,0,1,0,1,0,1,1,0,0,1,0,10000,0,90,0,0,Digital,Cashback,0,1,0,0,0,0,0,0,11.11,50.0,57.14,0.0,33.33,25.0,0.0,25.0,0.0
CAD-CC-01181,Capital Crown Bank Voyage Low Interest Plus Card,Capital Crown Bank,Bank,Low Interest,Mastercard,2021,Active,29,20,15000,626,2.5,3.0,9.34,11.12,Cashback,0.35,Cashback Dollars,0,0,0,0,0,0,0,1,0,0,0,0,0,0,0,0,0,0,0,0,0,0,0,0,0,0,0,1,0,0,0,0,1,0,1,0,1,1,0,0,1,1,0,0,1,0,0,0,0,0,50,50,1,0,Digital,Travel,0,1,0,1,0,0,0,0,22.22,16.67,42.86,0.0,11.11,0.0,60.0,50.0,0.0
CAD-CC-01182,Laurentian Maple Bank Momentum Privilege Travel Rewards Card,Laurentian Maple Bank,Bank,Premium Travel,Visa,2020,Active,499,199,80000,728,2.5,4.0,22.36,25.25,Travel Points,2.47,Travel Points,1,1,1,0,0,0,0,1,0,0,1,0,1,0,0,0,0,0,0,0,0,0,0,0,0,0,1,1,0,0,1,0,1,1,0,0,0,0,0,1,1,1,0,1,1,0,0,0,0,60000,0,786,0,0,Travel,Digital,1,1,1,1,1,1,1,0,66.67,33.33,71.43,0.0,33.33,0.0,0.0,100.0,80.0
CAD-CC-01183,Prairie Community CU Prime Rewards Explorer Card,Prairie Community CU,Credit Union,Rewards,Visa,2025,Active,0,29,60000,630,2.0,4.0,21.66,23.8,Hybrid Rewards,2.55,Flexible Points,0,1,0,0,0,0,1,1,0,0,0,0,1,0,0,0,0,0,1,0,0,0,0,0,0,0,0,0,0,0,0,0,0,0,1,0,1,1,0,0,0,0,1,1,1,0,0,0,0,15000,0,98,1,9,Business,Cashback,1,1,0,0,0,0,0,0,11.11,33.33,42.86,8.33,33.33,0.0,60.0,50.0,0.0
CAD-CC-01184,Ontario Mutual CU Thrive Student Explorer Card,Ontario Mutual CU,Credit Union,Student,Mastercard,2023,Active,0,15,10000,627,2.5,3.5,20.76,23.32,Flexible Points,0.71,Flexible Points,1,0,0,0,0,0,1,1,0,0,0,0,0,0,0,1,0,0,0,0,0,0,1,0,0,0,0,0,0,0,0,0,0,0,0,1,1,0,0,1,0,1,1,1,0,0,0,0,0,0,50,50,0,6,Student,Cashback,1,1,0,1,0,0,0,0,0.0,50.0,57.14,8.33,22.22,0.0,40.0,75.0,0.0
CAD-CC-01185,TrueNorth Bank Thrive Cashback Preferred Card,TrueNorth Bank,Bank,Cashback,Visa,2018,Active,0,50,60000,661,2.5,4.0,20.01,22.1,Cashback,1.74,Cashback Dollars,1,1,1,0,0,0,1,1,0,0,0,0,0,1,0,0,0,0,0,0,0,1,0,0,0,0,0,0,0,0,0,0,0,0,0,0,1,0,0,1,1,0,0,0,1,0,0,0,0,0,100,100,0,0,Cashback,Digital,1,0,0,0,0,0,0,0,11.11,66.67,42.86,8.33,44.44,0.0,20.0,25.0,0.0
CAD-CC-01186,Capital Crown Bank Maple Lifestyle Rewards World Card,Capital Crown Bank,Bank,Lifestyle Rewards,Mastercard,2019,Active,0,29,60000,755,2.5,4.0,22.93,25.71,Hybrid Rewards,1.78,Flexible Points,1,0,0,0,0,0,0,0,1,0,1,0,1,1,0,0,0,1,0,0,0,0,1,0,0,0,0,0,0,0,0,0,0,0,0,0,1,0,0,1,1,0,0,0,1,0,0,0,0,10000,0,81,0,0,Cashback,Lifestyle,1,1,0,1,0,0,0,0,0.0,50.0,42.86,16.67,44.44,0.0,20.0,75.0,0.0
CAD-CC-01188,Laurentian Maple Bank Aurora Balance Transfer Card,Laurentian Maple Bank,Bank,Balance Transfer,American Express,2021,Active,29,0,12000,717,2.0,4.0,14.87,16.92,Hybrid Rewards,1.2,Cashback Dollars,0,1,0,0,0,0,1,0,0,0,0,0,0,0,0,0,0,0,0,0,0,0,0,0,0,0,0,0,0,0,0,0,0,1,1,0,1,0,1,0,0,0,0,0,0,0,0,0,1,10000,0,60,1,0,Sustainability,Travel,1,1,0,0,0,0,0,0,22.22,16.67,0.0,0.0,11.11,25.0,60.0,50.0,0.0
CAD-CC-01190,PocketCredit Flex Cashback Advantage Card,PocketCredit,Fintech,Cashback,Visa,2026,Active,99,0,60000,738,3.0,3.0,22.36,24.9,Cashback,1.82,Cashback Dollars,1,0,0,0,0,0,0,1,1,1,0,0,0,1,0,0,0,0,0,0,0,0,1,0,0,0,0,0,0,0,0,0,0,1,1,0,0,0,0,0,1,1,1,0,1,0,0,0,0,0,150,150,1,0,Cashback,Digital,0,1,1,0,0,0,0,0,11.11,83.33,57.14,8.33,44.44,0.0,20.0,50.0,0.0
CAD-CC-01191,Coastline Credit Union Maple Low Interest Card,Coastline Credit Union,Credit Union,Low Interest,Visa,2026,Active,29,0,15000,666,0.0,2.0,9.88,12.44,Hybrid Rewards,0.54,Cashback Dollars,1,0,0,0,0,0,0,0,0,0,0,0,0,0,0,0,0,0,0,0,0,0,0,0,0,0,0,1,0,0,0,1,1,0,1,0,0,1,0,1,1,1,0,0,1,0,0,0,0,0,25,25,1,3,Digital,Travel,0,1,1,0,0,0,0,0,33.33,16.67,57.14,0.0,0.0,0.0,40.0,50.0,0.0
CAD-CC-01192,Coastline Credit Union Voyage Travel World Card,Coastline Credit Union,Credit Union,Travel,Visa,2020,Retired,39,50,60000,705,0.0,3.0,20.04,22.52,Flexible Points,1.28,Travel Points,1,1,1,0,0,0,0,1,0,1,0,1,0,1,0,0,0,0,0,0,0,0,0,0,0,0,0,0,0,1,0,1,1,0,0,0,1,0,1,0,1,0,0,1,0,0,1,0,0,15000,0,93,0,0,Lifestyle,Cashback,0,0,1,0,0,1,0,0,44.44,66.67,28.57,0.0,44.44,25.0,40.0,25.0,20.0
CAD-CC-01193,TrailStay Rewards Prime Privilege Travel Explorer Card,TrailStay Rewards,Travel Partner,Premium Travel,Visa,2017,Active,599,175,100000,745,0.0,3.0,22.93,26.26,Travel Points,1.82,Travel Points,0,1,1,1,0,0,0,0,0,1,0,0,1,1,0,0,0,1,0,0,0,0,0,0,0,0,0,1,1,1,0,1,1,0,1,1,0,0,0,1,0,1,1,1,0,0,0,0,0,90000,0,1062,0,12,Travel,Lifestyle,0,1,0,0,1,1,0,1,66.67,33.33,57.14,8.33,33.33,0.0,40.0,25.0,60.0
CAD-CC-01194,FlexiCard Digital Voyage Cashback Plus Card,FlexiCard Digital,Fintech,Cashback,Mastercard,2024,Active,39,29,0,688,2.0,3.5,21.56,22.84,Cashback,1.23,Cashback Dollars,1,0,1,0,0,0,0,1,0,1,0,0,0,0,0,0,0,0,0,0,0,0,0,0,0,0,0,0,0,0,0,0,0,0,0,0,0,0,0,0,1,1,1,1,1,0,0,0,0,0,100,100,0,3,Digital,Cashback,1,1,0,0,0,0,0,0,0.0,50.0,71.43,0.0,22.22,0.0,0.0,50.0,0.0
CAD-CC-01196,Prairie Community CU North Low Interest Card,Prairie Community CU,Credit Union,Low Interest,Mastercard,2021,Active,20,0,12000,704,2.5,3.5,12.18,13.22,Statement Credits,0.39,Cashback Dollars,1,0,0,1,0,0,0,0,0,0,0,0,0,0,0,0,0,0,0,0,0,1,0,0,0,0,0,0,0,0,0,0,0,1,0,1,1,1,0,0,1,1,0,0,0,1,0,0,0,0,25,25,0,6,Digital,Cashback,1,1,0,1,0,0,0,0,11.11,16.67,42.86,8.33,11.11,0.0,60.0,75.0,0.0
CAD-CC-01197,UrbanCart Thrive Rewards World Card,UrbanCart,Retail Partner,Rewards,Visa,2023,Active,0,0,60000,628,2.5,2.0,21.56,24.51,Hybrid Rewards,1.3,Travel Points,1,0,1,0,0,0,0,0,0,0,0,0,0,1,0,1,0,0,0,0,0,0,0,0,0,0,0,1,0,0,0,0,0,1,0,0,0,0,0,1,1,1,1,0,0,0,0,0,0,25000,0,179,0,6,Student,Digital,1,1,0,0,0,0,0,0,22.22,33.33,57.14,0.0,11.11,0.0,0.0,50.0,0.0
CAD-CC-01198,Northern Lights CU Momentum Balance Transfer Infinite Card,Northern Lights CU,Credit Union,Balance Transfer,Visa,2015,Active,20,0,0,621,2.5,4.0,18.88,20.63,Cashback,0.87,Cashback Dollars,0,0,0,0,0,0,0,1,0,0,0,1,0,0,0,0,0,0,0,0,0,0,0,0,0,0,0,0,0,0,0,0,0,0,0,1,1,1,1,1,1,1,1,1,1,0,1,0,0,25000,0,175,1,0,Digital,Lifestyle,1,1,0,0,0,0,0,0,0.0,16.67,85.71,0.0,22.22,25.0,80.0,50.0,0.0
CAD-CC-01199,PocketCredit Aurora Digital First Explorer Card,PocketCredit,Fintech,Digital First,Mastercard,2023,Active,0,0,30000,685,2.5,2.0,22.23,24.67,Hybrid Rewards,0.98,Cashback Dollars,0,0,1,1,0,0,0,0,1,0,0,0,0,1,0,0,0,0,0,0,0,0,1,0,0,0,0,0,0,0,0,0,0,0,1,0,1,0,1,1,1,1,1,1,1,1,0,0,0,0,150,150,0,3,Digital,Cashback,1,1,0,1,0,0,0,0,0.0,33.33,100.0,8.33,22.22,0.0,60.0,75.0,0.0
CAD-CC-01200,Harbour Financial Aurora Low Interest Plus Card,Harbour Financial,Bank,Low Interest,Mastercard,2021,Active,29,10,15000,626,2.5,3.5,11.92,15.18,Hybrid Rewards,0.79,Cashback Dollars,0,1,0,1,0,1,0,0,1,0,0,0,0,1,1,0,0,0,0,0,0,0,1,0,0,0,0,0,0,0,0,0,0,0,0,1,0,1,1,1,1,0,0,0,0,0,0,0,0,0,75,75,0,0,Cashback,Digital,1,1,0,1,0,0,0,0,11.11,33.33,28.57,16.67,22.22,25.0,60.0,75.0,0.0
CAD-CC-01201,TrueNorth Bank Thrive Low Interest Plus Card,TrueNorth Bank,Bank,Low Interest,Visa,2024,Active,39,0,15000,621,2.5,4.0,12.72,15.78,Cashback,1.01,Cashback Dollars,0,0,1,1,0,0,0,0,0,0,0,0,0,0,0,0,0,0,0,0,0,0,0,0,0,0,0,0,0,0,0,0,0,0,0,1,1,1,1,0,0,0,0,0,0,0,1,0,0,0,50,50,1,3,Sustainability,Cashback,1,1,0,0,0,0,0,0,0.0,0.0,0.0,0.0,0.0,25.0,80.0,50.0,0.0
CAD-CC-01202,Northern Lights CU Momentum Student Card,Northern Lights CU,Credit Union,Student,Mastercard,2025,Active,0,0,5000,648,3.0,3.0,20.29,23.51,Cashback,1.49,Flexible Points,0,0,0,1,0,1,1,1,0,0,0,0,0,0,0,1,0,0,0,1,0,0,0,0,0,1,0,0,0,0,0,0,0,0,0,0,1,1,0,1,1,1,1,0,0,0,0,0,0,0,0,0,0,6,Student,Digital,1,1,1,0,0,0,0,0,0.0,33.33,57.14,25.0,22.22,0.0,40.0,75.0,0.0
CAD-CC-01203,Capital Crown Bank Flex Digital First Rewards Card,Capital Crown Bank,Bank,Digital First,Mastercard,2019,Active,0,0,0,715,2.5,2.0,21.27,23.88,Cashback,0.78,Flexible Points,0,0,1,0,0,0,0,0,0,0,0,0,0,0,0,0,0,1,0,0,0,1,0,1,0,1,0,1,0,0,0,0,0,1,1,1,1,0,1,1,1,1,1,1,0,1,0,0,0,25000,0,222,0,0,Digital,Subscription,1,1,0,1,0,0,0,0,22.22,0.0,85.71,33.33,11.11,0.0,80.0,75.0,0.0
CAD-CC-01205,VoyagePlus Select Travel Infinite Card,VoyagePlus,Travel Partner,Travel,Mastercard,2023,Active,89,50,30000,717,2.5,2.0,22.58,25.18,Flexible Points,1.42,Travel Points,0,1,1,0,0,1,1,1,0,0,1,0,0,1,0,0,0,0,0,0,0,0,0,0,0,0,0,1,1,0,1,0,1,0,1,0,0,1,0,1,1,1,1,0,0,0,0,1,0,15000,0,122,1,0,Cashback,Digital,1,1,1,1,0,0,0,0,55.56,50.0,57.14,8.33,44.44,25.0,40.0,100.0,0.0
CAD-CC-01206,Prairie Community CU Everyday Cashback Rewards Card,Prairie Community CU,Credit Union,Cashback,American Express,2016,Active,39,0,60000,664,2.0,2.0,20.46,23.02,Cashback,1.58,Cashback Dollars,1,0,0,0,0,0,1,1,1,0,0,0,0,1,0,1,0,0,0,0,0,0,0,0,0,1,0,0,0,0,0,0,0,0,0,1,1,0,0,1,1,1,1,1,0,0,0,1,0,0,150,150,0,12,Student,Cashback,1,1,1,0,0,0,0,0,0.0,83.33,71.43,8.33,44.44,25.0,40.0,75.0,0.0
CAD-CC-01207,FreshBasket Momentum Rewards Explorer Card,FreshBasket,Retail Partner,Rewards,Mastercard,2024,Active,89,0,0,740,2.5,3.0,22.68,24.87,Cashback,1.8,Cashback Dollars,0,0,1,0,0,0,0,0,0,0,0,0,1,1,0,0,1,0,0,0,0,0,0,0,0,0,0,0,0,0,0,0,0,0,1,0,0,0,0,0,0,1,0,0,0,0,0,0,0,0,150,150,0,0,Lifestyle,Cashback,1,1,0,1,0,0,0,0,0.0,16.67,14.29,8.33,22.22,0.0,20.0,75.0,0.0
CAD-CC-01208,Coastline Credit Union Platinum Cashback Explorer Card,Coastline Credit Union,Credit Union,Cashback,Mastercard,2016,Active,89,29,80000,742,2.5,3.5,21.28,22.31,Cashback,2.66,Cashback Dollars,1,0,0,1,0,0,1,1,1,0,0,0,0,0,0,0,0,0,0,0,0,0,0,0,0,0,0,0,0,1,0,0,0,0,1,0,0,0,0,1,0,1,1,0,0,0,0,0,1,0,100,100,0,0,Cashback,Digital,1,1,0,0,0,0,0,0,11.11,66.67,42.86,0.0,33.33,25.0,20.0,50.0,0.0
CAD-CC-01209,CanStyle Retail Aurora Cashback Card,CanStyle Retail,Retail Partner,Cashback,Visa,2024,Active,89,0,0,760,2.5,3.5,20.59,21.91,Cashback,1.68,Cashback Dollars,1,0,1,0,0,0,1,0,1,0,0,0,0,0,0,0,0,0,0,0,0,0,0,0,0,0,0,0,0,0,1,0,0,0,0,0,1,0,0,1,1,1,0,0,0,0,0,0,0,0,50,50,1,9,Cashback,Digital,0,1,0,0,0,0,0,0,11.11,50.0,42.86,0.0,22.22,0.0,20.0,25.0,0.0
CAD-CC-01210,Prairie Community CU Aurora Balance Transfer Preferred Card,Prairie Community CU,Credit Union,Balance Transfer,Visa,2022,Active,20,10,15000,713,2.5,4.0,14.94,18.36,Statement Credits,0.54,Cashback Dollars,0,0,0,0,0,0,0,1,0,0,0,0,0,0,0,0,0,0,0,0,0,0,0,0,0,0,0,0,0,0,1,0,0,0,1,0,1,0,0,1,0,0,1,1,1,0,0,0,0,0,100,100,1,0,Digital,Cashback,1,1,0,1,0,0,0,0,11.11,16.67,57.14,0.0,11.11,0.0,40.0,75.0,0.0
CAD-CC-01211,CanadaJet Rewards Edge Travel Plus Card,CanadaJet Rewards,Airline Partner,Travel,Mastercard,2015,Active,0,0,60000,662,2.5,3.0,21.49,23.88,Travel Points,1.26,Loyalty Miles,1,1,1,0,0,0,0,1,0,1,0,0,0,0,0,0,0,0,0,0,0,0,0,0,1,0,0,1,0,0,0,0,1,0,1,0,0,0,0,0,1,0,1,1,1,0,0,0,1,10000,0,99,0,0,Digital,Cashback,1,1,0,1,0,0,0,0,33.33,50.0,57.14,8.33,22.22,25.0,20.0,75.0,0.0
CAD-CC-01212,Atlantic Community CU Select Low Interest Plus Card,Atlantic Community CU,Credit Union,Low Interest,Mastercard,2024,Active,0,20,30000,677,0.0,4.0,10.5,12.95,Statement Credits,0.47,Cashback Dollars,0,0,1,0,0,0,0,0,0,0,0,1,0,0,0,0,0,0,0,0,0,0,0,0,0,0,0,1,0,0,0,1,0,0,1,1,1,0,1,1,1,1,1,1,0,0,0,0,0,0,75,75,0,0,Digital,Travel,1,1,0,1,0,0,0,0,22.22,0.0,71.43,0.0,11.11,0.0,80.0,75.0,0.0
CAD-CC-01213,Coastline Credit Union Momentum Rewards Essentials Card,Coastline Credit Union,Credit Union,Rewards,Visa,2019,Active,89,50,30000,752,2.5,3.5,20.99,23.84,Hybrid Rewards,2.17,Cashback Dollars,0,0,0,0,0,0,0,0,0,1,0,0,1,0,0,0,0,0,0,0,0,0,0,0,0,0,0,0,0,0,0,0,0,0,1,1,0,0,0,1,1,1,1,0,1,0,0,0,0,25000,0,152,0,6,Digital,Lifestyle,1,1,0,0,0,0,0,0,0.0,16.67,71.43,0.0,22.22,0.0,40.0,50.0,0.0
CAD-CC-01215,CanStyle Retail Everyday Subscription Rewards Card,CanStyle Retail,Retail Partner,Subscription Rewards,American Express,2019,Active,0,0,30000,638,2.5,2.0,22.66,24.89,Statement Credits,1.78,Cashback Dollars,1,0,0,0,1,1,0,0,0,1,0,0,0,0,0,0,1,1,0,1,1,1,1,0,1,0,0,0,1,0,0,0,0,1,0,0,0,0,0,1,0,0,0,0,0,0,0,0,0,15000,0,144,1,3,Subscription,Cashback,0,1,0,0,0,0,0,0,22.22,33.33,14.29,75.0,22.22,0.0,0.0,25.0,0.0
CAD-CC-01216,Harbour Financial Select Rewards Infinite Card,Harbour Financial,Bank,Rewards,American Express,2020,Active,0,29,30000,716,2.0,3.0,20.83,23.62,Hybrid Rewards,1.66,Flexible Points,1,0,1,0,0,0,0,1,0,0,0,0,1,1,0,0,0,0,0,0,0,0,0,0,0,0,0,0,0,0,0,0,0,0,1,0,0,0,0,1,1,0,0,0,1,0,0,0,0,15000,0,137,0,0,Cashback,Lifestyle,1,1,1,0,0,0,0,0,0.0,50.0,42.86,0.0,33.33,0.0,20.0,75.0,0.0
CAD-CC-01217,MapleMart Everyday Cashback Infinite Card,MapleMart,Retail Partner,Cashback,Visa,2017,Active,39,0,60000,659,2.5,3.5,22.2,23.43,Cashback,2.79,Cashback Dollars,1,1,0,0,0,0,1,1,1,0,0,0,0,1,0,0,0,0,0,0,0,0,0,0,0,0,0,0,0,0,1,0,0,0,1,0,1,0,0,1,0,1,1,1,0,0,0,0,0,0,150,150,1,12,Cashback,Digital,1,1,1,0,0,0,0,0,22.22,83.33,57.14,0.0,44.44,0.0,40.0,75.0,0.0
CAD-CC-01219,FlexiCard Digital Select Lifestyle Rewards Explorer Card,FlexiCard Digital,Fintech,Lifestyle Rewards,Visa,2023,Active,99,0,30000,709,2.5,4.0,21.62,22.98,Flexible Points,2.19,Flexible Points,0,0,0,1,0,0,1,1,0,0,1,0,1,1,0,0,0,0,0,1,0,0,0,0,0,1,0,0,0,0,0,0,0,0,0,1,0,0,0,1,1,1,1,1,1,1,0,0,0,15000,0,118,0,0,Digital,Lifestyle,1,1,1,0,0,0,0,0,0.0,50.0,100.0,16.67,55.56,0.0,20.0,75.0,0.0
CAD-CC-01220,Laurentian Maple Bank Momentum Low Interest Essentials Card,Laurentian Maple Bank,Bank,Low Interest,Mastercard,2025,Active,39,0,0,714,2.5,4.0,9.54,10.68,Statement Credits,0.28,Cashback Dollars,0,0,1,1,0,0,0,0,0,0,0,0,0,0,0,0,0,0,0,0,0,0,0,0,0,0,0,0,0,0,1,0,0,0,1,0,1,1,1,1,1,0,0,1,0,0,0,0,0,0,0,0,1,0,Digital,Travel,1,1,0,0,0,0,0,0,11.11,0.0,42.86,0.0,0.0,0.0,80.0,50.0,0.0
CAD-CC-01221,Ontario Mutual CU North Rewards Essentials Card,Ontario Mutual CU,Credit Union,Rewards,American Express,2026,Active,0,0,30000,660,2.5,3.5,22.72,26.17,Hybrid Rewards,1.46,Flexible Points,0,0,0,0,0,0,0,0,0,0,0,0,0,0,0,0,1,0,0,0,0,0,0,0,1,0,0,0,0,0,0,0,0,0,1,0,1,0,0,0,0,0,0,0,1,0,0,0,0,15000,0,145,1,0,Subscription,Digital,0,1,0,1,0,0,0,0,0.0,0.0,14.29,16.67,0.0,0.0,40.0,50.0,0.0
CAD-CC-01222,Capital Crown Bank Summit Travel Preferred Card,Capital Crown Bank,Bank,Travel,Visa,2017,Active,89,50,0,756,2.5,3.5,21.13,23.92,Flexible Points,2.19,Loyalty Miles,0,1,1,0,0,0,0,0,0,0,0,0,0,0,0,0,0,0,0,0,0,0,0,0,0,0,0,0,0,1,0,0,0,1,1,0,0,0,0,0,0,0,1,1,1,0,0,1,0,40000,0,314,1,3,Digital,Travel,1,1,0,1,0,0,0,1,33.33,0.0,42.86,0.0,0.0,25.0,20.0,75.0,20.0
CAD-CC-01223,Northern Dominion Bank Momentum Balance Transfer Explorer Card,Northern Dominion Bank,Bank,Balance Transfer,Visa,2024,Active,29,0,0,659,2.5,2.0,13.41,16.58,Cashback,0.51,Cashback Dollars,0,0,0,0,0,0,0,0,0,0,0,0,1,1,0,0,0,0,0,0,0,0,0,0,0,0,0,0,0,1,0,0,0,0,1,1,1,0,0,1,1,0,0,0,0,0,0,0,0,15000,0,106,1,12,Lifestyle,Digital,1,1,1,0,0,0,0,0,11.11,16.67,28.57,0.0,22.22,0.0,60.0,75.0,0.0
CAD-CC-01224,Polar Wings Everyday Travel Preferred Card,Polar Wings,Airline Partner,Travel,American Express,2017,Active,89,50,30000,695,2.5,3.5,22.52,24.81,Travel Points,2.37,Travel Points,0,1,1,0,0,0,0,0,0,0,0,0,0,1,0,0,0,0,0,0,0,0,0,0,1,0,0,0,1,0,0,0,0,0,1,0,0,1,0,0,1,0,0,0,0,0,0,0,1,20000,0,177,1,12,Sustainability,Cashback,1,1,0,0,0,0,1,0,22.22,16.67,14.29,8.33,11.11,25.0,40.0,50.0,20.0
CAD-CC-01225,Harbour Financial Elevate Sustainability Advantage Card,Harbour Financial,Bank,Sustainability,Visa,2017,Active,89,0,0,734,3.0,2.0,20.83,23.04,Flexible Points,1.74,Flexible Points,0,0,1,0,1,0,1,0,0,1,0,0,0,0,1,0,0,0,0,0,0,0,0,0,0,0,0,0,0,0,0,0,0,0,0,0,1,0,0,1,1,0,1,0,0,0,1,1,1,15000,0,107,0,6,Sustainability,Digital,1,1,0,1,0,0,0,0,0.0,33.33,42.86,8.33,22.22,100.0,20.0,75.0,0.0
CAD-CC-01226,NorthPay Labs Platinum Digital First World Card,NorthPay Labs,Fintech,Digital First,Visa,2015,Active,89,0,0,709,2.5,2.0,22.56,25.68,Hybrid Rewards,0.88,Flexible Points,1,0,1,0,0,1,0,0,0,0,0,0,0,0,0,0,0,0,1,0,0,0,1,0,0,0,0,0,0,0,0,0,0,0,0,1,1,1,1,1,1,1,1,1,1,1,1,0,0,10000,0,97,0,6,Digital,Subscription,0,1,0,0,0,0,0,0,0.0,16.67,100.0,25.0,0.0,25.0,80.0,25.0,0.0
CAD-CC-01227,Laurentian Maple Bank Platinum Rewards World Card,Laurentian Maple Bank,Bank,Rewards,Visa,2023,Active,39,50,0,631,2.5,4.0,21.01,23.85,Hybrid Rewards,1.86,Flexible Points,1,0,1,0,0,0,1,1,0,0,0,0,0,1,1,0,0,0,0,0,0,0,0,0,0,0,0,0,0,0,1,0,0,0,0,1,0,0,0,0,0,0,0,0,0,1,0,0,0,15000,0,147,0,3,Business,Cashback,0,1,1,1,0,0,0,0,11.11,66.67,14.29,0.0,33.33,25.0,20.0,75.0,0.0
CAD-CC-01228,Coastline Credit Union Flex Travel World Card,Coastline Credit Union,Credit Union,Travel,Mastercard,2015,Active,89,29,80000,756,0.0,3.0,21.13,23.9,Flexible Points,1.12,Flexible Points,0,1,1,0,0,0,0,0,0,0,1,0,0,0,0,0,0,0,0,0,0,0,0,0,0,0,0,0,1,0,1,1,1,1,0,1,0,0,0,0,1,1,1,1,0,0,0,0,0,10000,0,94,1,0,Travel,Digital,1,1,0,0,0,1,0,0,66.67,0.0,57.14,0.0,11.11,0.0,20.0,50.0,20.0
CAD-CC-01229,Atlantic Community CU Momentum Cashback Explorer Card,Atlantic Community CU,Credit Union,Cashback,Visa,2023,Active,89,0,60000,651,2.5,3.0,20.86,22.14,Cashback,2.68,Cashback Dollars,1,0,0,0,0,0,1,1,0,0,0,0,0,0,1,0,0,0,0,0,0,0,0,0,0,0,0,0,0,0,0,0,0,0,0,0,0,1,0,0,1,0,0,0,0,0,0,0,0,0,200,200,0,0,Cashback,Sustainability,1,1,0,1,0,0,0,0,0.0,50.0,14.29,0.0,22.22,25.0,20.0,75.0,0.0
CAD-CC-01230,Coastline Credit Union Platinum Cashback Preferred Card,Coastline Credit Union,Credit Union,Cashback,Visa,2025,Active,0,0,15000,698,2.5,4.0,22.24,23.93,Cashback,1.28,Cashback Dollars,1,0,0,1,1,0,1,0,0,0,0,0,0,0,0,0,0,0,0,0,0,0,0,0,0,0,1,0,0,0,0,0,0,0,0,0,0,0,0,0,1,1,1,1,0,0,0,0,1,0,150,150,0,0,Digital,Cashback,1,1,0,1,0,0,0,0,11.11,33.33,57.14,8.33,11.11,25.0,0.0,75.0,20.0
CAD-CC-01231,BrightSpend Everyday Digital First Explorer Card,BrightSpend,Fintech,Digital First,American Express,2026,Active,89,0,60000,718,2.5,2.0,20.84,24.2,Cashback,0.79,Cashback Dollars,0,0,0,0,0,0,0,0,0,0,0,0,0,1,0,0,0,0,0,1,1,0,0,1,0,1,0,0,0,0,0,0,0,0,1,0,1,1,0,1,1,1,0,1,1,1,0,0,0,25000,0,239,0,0,Digital,Subscription,1,1,0,1,0,0,0,0,0.0,16.67,85.71,33.33,11.11,0.0,60.0,75.0,0.0
CAD-CC-01233,Atlantic Community CU Thrive Cashback Card,Atlantic Community CU,Credit Union,Cashback,Visa,2021,Retired,0,0,60000,724,0.0,3.0,22.89,24.52,Cashback,2.55,Cashback Dollars,1,1,1,1,0,0,1,1,0,0,0,1,0,0,0,0,0,0,0,0,0,0,0,0,0,0,0,0,0,0,0,1,0,0,0,0,1,0,0,1,0,0,0,0,0,0,0,0,0,0,150,150,0,0,Business,Cashback,0,1,0,1,0,0,0,0,22.22,50.0,14.29,0.0,33.33,0.0,20.0,50.0,0.0
CAD-CC-01234,Prairie National Bank Platinum Subscription Rewards Explorer Card,Prairie National Bank,Bank,Subscription Rewards,Visa,2017,Active,0,0,15000,632,2.5,2.0,21.79,23.36,Statement Credits,0.92,Cashback Dollars,0,0,0,1,1,1,0,0,0,0,0,0,1,0,0,0,1,0,0,0,0,1,1,1,1,0,0,0,0,0,0,0,1,0,0,0,0,0,0,0,0,0,1,1,0,0,0,1,0,25000,0,218,0,9,Subscription,Digital,1,1,0,1,0,0,0,0,11.11,0.0,28.57,58.33,22.22,25.0,0.0,75.0,0.0
CAD-CC-01235,Coastline Credit Union Summit Rewards World Card,Coastline Credit Union,Credit Union,Rewards,American Express,2017,Retired,99,0,30000,720,2.0,3.0,21.81,23.08,Flexible Points,1.88,Flexible Points,0,0,0,0,0,0,1,1,0,0,0,0,1,0,0,0,0,0,0,0,0,0,0,0,0,0,0,0,0,1,0,0,0,0,0,1,0,0,0,1,1,1,0,1,0,0,0,0,0,15000,0,113,1,0,Digital,Cashback,1,1,0,0,0,0,0,0,11.11,33.33,57.14,0.0,33.33,0.0,20.0,50.0,0.0
CAD-CC-01236,Maple Leaf Credit Union Edge Cashback Infinite Card,Maple Leaf Credit Union,Credit Union,Cashback,Visa,2017,Active,99,29,30000,679,2.5,4.0,20.7,22.43,Cashback,2.37,Cashback Dollars,1,0,1,0,0,0,1,1,1,1,1,0,0,1,0,0,0,0,0,0,0,0,0,0,0,0,0,0,0,0,0,0,0,0,0,0,0,0,0,1,0,1,0,0,0,0,0,0,0,0,100,100,1,0,Cashback,Lifestyle,0,0,1,1,0,0,0,0,0.0,100.0,28.57,0.0,66.67,0.0,0.0,50.0,0.0
CAD-CC-01237,Maple Leaf Credit Union Signature Rewards Plus Card,Maple Leaf Credit Union,Credit Union,Rewards,American Express,2016,Active,89,50,30000,689,3.0,3.5,21.5,24.24,Flexible Points,2.6,Cashback Dollars,1,0,0,0,0,0,1,1,0,0,0,0,1,0,0,0,0,0,0,0,0,0,0,0,0,0,0,0,0,0,0,0,0,0,1,0,1,1,0,0,1,1,1,1,0,0,0,0,0,15000,0,148,1,0,Cashback,Digital,1,1,0,1,0,0,0,0,0.0,50.0,57.14,0.0,33.33,0.0,60.0,75.0,0.0
CAD-CC-01238,TrailStay Rewards Select Privilege Travel Advantage Card,TrailStay Rewards,Travel Partner,Premium Travel,Visa,2025,Active,399,149,80000,775,0.0,4.0,21.83,24.41,Travel Points,1.73,Loyalty Miles,0,1,1,0,0,0,0,1,1,0,0,0,0,1,0,1,0,0,0,0,0,0,0,0,0,0,0,1,1,1,1,1,1,0,0,0,0,0,0,1,1,1,1,0,0,0,0,0,0,80000,0,654,0,9,Student,Travel,1,1,1,1,1,1,0,1,77.78,50.0,57.14,0.0,33.33,0.0,0.0,100.0,60.0
CAD-CC-01239,Laurentian Maple Bank Edge Travel World Card,Laurentian Maple Bank,Bank,Travel,American Express,2020,Active,89,0,30000,675,2.5,3.0,22.25,25.31,Flexible Points,1.59,Loyalty Miles,0,1,1,0,0,0,0,0,0,0,0,0,1,0,0,0,0,0,0,0,0,0,0,0,0,0,1,1,0,1,0,0,0,1,0,0,0,0,0,1,1,1,0,1,0,1,0,0,0,20000,0,172,0,0,Digital,Travel,1,1,0,0,0,0,0,0,55.56,0.0,71.43,0.0,11.11,0.0,0.0,50.0,20.0
CAD-CC-01240,Maple Leaf Credit Union Edge Low Interest Card,Maple Leaf Credit Union,Credit Union,Low Interest,Mastercard,2015,Active,0,20,15000,631,2.5,3.0,13.0,14.69,Cashback,1.07,Cashback Dollars,1,1,1,0,0,0,0,0,0,0,0,0,0,0,0,0,0,0,0,0,0,0,0,0,0,0,0,0,0,0,1,0,0,0,1,1,0,0,0,1,0,1,0,1,0,0,1,0,0,0,0,0,0,0,Digital,Sustainability,1,1,1,0,0,0,0,0,22.22,16.67,42.86,0.0,0.0,25.0,40.0,75.0,0.0
CAD-CC-01241,PayWave Canada Everyday Balance Transfer Preferred Card,PayWave Canada,Fintech,Balance Transfer,American Express,2021,Active,20,20,0,692,2.5,1.0,18.51,19.66,Statement Credits,0.27,Cashback Dollars,0,0,0,0,0,0,0,0,0,0,0,0,0,0,0,0,0,0,0,0,0,0,0,0,0,0,0,0,0,0,0,0,0,0,1,1,0,0,1,1,1,1,1,1,1,0,0,0,0,15000,0,133,1,12,Digital,Cashback,1,1,1,1,0,0,0,0,0.0,0.0,85.71,0.0,0.0,0.0,60.0,100.0,0.0
CAD-CC-01242,BrightSpend Maple Digital First Advantage Card,BrightSpend,Fintech,Digital First,Visa,2022,Active,0,15,30000,710,0.0,3.0,22.27,23.99,Hybrid Rewards,0.7,Flexible Points,0,0,1,0,0,0,1,0,0,0,0,0,0,0,0,0,0,0,0,0,1,0,0,0,1,0,0,0,0,0,0,1,0,0,1,0,0,0,0,1,1,1,0,1,1,1,0,0,0,0,150,150,0,6,Digital,Cashback,1,1,1,1,0,0,0,0,11.11,16.67,85.71,16.67,11.11,0.0,20.0,100.0,0.0
CAD-CC-01244,Northern Lights CU Prime Rewards World Card,Northern Lights CU,Credit Union,Rewards,American Express,2020,Active,0,0,60000,695,2.5,3.0,21.99,23.27,Hybrid Rewards,1.68,Flexible Points,0,0,1,0,0,0,1,0,0,0,1,0,0,1,0,0,0,0,0,0,0,0,0,0,0,0,0,0,0,0,0,0,0,0,0,0,0,0,0,1,0,0,0,0,1,0,0,1,0,25000,0,188,0,0,Business,Cashback,0,1,0,0,0,0,0,0,0.0,33.33,28.57,0.0,33.33,25.0,0.0,25.0,0.0
CAD-CC-01245,ShopNorth Summit Rewards Plus Card,ShopNorth,Retail Partner,Rewards,American Express,2019,Active,99,29,30000,729,2.5,4.0,22.72,24.83,Flexible Points,2.07,Travel Points,0,0,1,1,0,0,1,1,0,0,0,0,1,1,0,0,0,0,0,0,0,0,0,0,0,0,0,0,0,1,0,0,0,0,0,0,1,0,0,1,1,1,1,1,0,0,0,0,0,25000,0,162,0,0,Digital,Cashback,0,1,1,0,0,0,0,0,11.11,50.0,71.43,0.0,44.44,0.0,20.0,50.0,0.0
CAD-CC-01246,Atlantic Community CU Prime Travel Preferred Card,Atlantic Community CU,Credit Union,Travel,Visa,2018,Active,89,0,60000,758,2.5,3.0,22.73,24.25,Travel Points,1.39,Loyalty Miles,0,1,1,0,0,0,0,0,0,0,1,0,0,0,0,0,0,0,0,0,0,0,0,0,0,0,0,1,0,0,0,0,0,0,1,0,0,0,0,1,1,1,0,0,1,0,1,0,0,40000,0,311,1,3,Digital,Sustainability,1,1,0,0,1,0,0,0,22.22,0.0,57.14,0.0,11.11,25.0,20.0,50.0,20.0
CAD-CC-01247,Ontario Mutual CU Select Travel Rewards Card,Ontario Mutual CU,Credit Union,Travel,Mastercard,2019,Active,120,29,30000,775,0.0,3.5,22.9,24.35,Travel Points,1.15,Loyalty Miles,1,1,1,0,0,0,0,1,0,0,0,1,0,0,0,0,0,0,0,0,0,0,0,0,0,0,0,1,0,1,0,1,1,1,0,0,0,0,0,0,0,1,0,0,0,0,0,1,0,10000,0,84,1,9,Travel,Cashback,1,1,1,0,0,0,0,0,66.67,33.33,14.29,0.0,22.22,25.0,0.0,75.0,0.0
CAD-CC-01248,Harbour Financial Edge Low Interest Explorer Card,Harbour Financial,Bank,Low Interest,Visa,2021,Active,20,10,30000,707,2.5,3.5,13.85,15.14,Cashback,0.58,Cashback Dollars,0,0,0,0,0,0,1,0,0,0,0,0,0,0,0,0,0,0,0,0,0,0,0,0,0,0,0,0,0,1,0,0,0,0,1,0,1,0,0,0,1,1,0,1,0,1,0,0,0,0,75,75,1,0,Digital,Cashback,1,0,1,0,0,0,0,0,11.11,16.67,57.14,0.0,11.11,0.0,40.0,50.0,0.0
CAD-CC-01249,Atlantic Community CU Thrive Travel Explorer Card,Atlantic Community CU,Credit Union,Travel,Visa,2018,Active,39,50,30000,775,2.5,3.5,22.01,24.67,Flexible Points,1.87,Flexible Points,0,1,1,0,0,0,0,0,0,0,1,0,1,0,0,0,0,0,0,0,0,0,0,0,0,0,0,0,1,1,0,0,0,1,0,0,0,0,0,0,1,0,1,0,0,0,0,0,0,10000,0,69,1,0,Travel,Lifestyle,0,1,0,0,0,0,0,0,44.44,0.0,28.57,0.0,22.22,0.0,0.0,25.0,0.0
CAD-CC-01250,Prairie National Bank North Low Interest Preferred Card,Prairie National Bank,Bank,Low Interest,Mastercard,2026,Active,0,0,30000,685,2.0,4.0,10.94,13.3,Statement Credits,1.2,Cashback Dollars,0,0,0,1,0,0,1,1,0,0,0,0,0,0,0,0,0,0,0,0,0,0,0,0,0,0,0,0,0,0,0,0,0,0,1,0,1,0,0,0,0,1,0,0,1,1,0,0,1,0,50,50,0,3,Digital,Cashback,1,1,0,0,0,0,0,0,0.0,33.33,42.86,0.0,22.22,25.0,40.0,50.0,0.0
CAD-CC-01251,FreshBasket Prime Rewards Plus Card,FreshBasket,Retail Partner,Rewards,Visa,2018,Active,39,0,30000,743,3.0,3.0,22.98,25.73,Flexible Points,1.27,Flexible Points,0,1,1,0,0,0,0,1,0,0,0,1,0,0,0,0,0,0,0,0,0,0,0,0,0,0,0,0,0,0,0,0,0,0,1,0,0,0,0,0,0,1,1,1,1,0,0,0,0,15000,0,122,0,0,Digital,Lifestyle,1,0,0,1,0,0,0,0,11.11,16.67,57.14,0.0,22.22,0.0,20.0,50.0,0.0
CAD-CC-01252,FlexiCard Digital Platinum Student Card,FlexiCard Digital,Fintech,Student,Mastercard,2024,Active,25,15,5000,666,2.5,2.0,22.43,25.35,Cashback,1.87,Cashback Dollars,0,0,0,0,0,0,0,0,0,0,0,0,0,0,0,1,0,0,0,1,0,0,0,0,0,0,0,0,0,0,1,0,0,1,1,0,1,1,1,1,1,1,0,0,0,0,0,0,0,0,50,50,1,3,Student,Digital,1,1,0,0,0,0,0,0,22.22,0.0,42.86,8.33,0.0,0.0,80.0,50.0,0.0
CAD-CC-01253,Prairie Community CU Select Student Infinite Card,Prairie Community CU,Credit Union,Student,Visa,2024,Active,0,10,0,613,3.0,2.0,20.77,23.76,Cashback,0.51,Flexible Points,1,0,0,0,0,0,1,1,0,0,0,0,1,0,0,1,0,0,0,1,0,1,0,0,0,1,0,0,0,0,0,0,0,0,1,1,1,0,1,1,0,0,0,1,0,0,1,0,0,0,50,50,0,0,Student,Cashback,1,1,0,0,0,0,0,0,0.0,50.0,28.57,25.0,44.44,25.0,80.0,50.0,0.0
CAD-CC-01254,NeoMaple Financial Signature Digital First Preferred Card,NeoMaple Financial,Fintech,Digital First,Visa,2025,Active,49,30,30000,637,2.5,3.0,20.82,24.11,Flexible Points,1.21,Cashback Dollars,0,1,1,0,0,0,0,1,0,0,0,0,0,0,0,0,0,0,0,1,0,0,1,0,0,0,0,0,0,0,0,0,0,0,1,0,1,1,0,1,1,1,0,1,0,1,1,0,0,10000,0,72,1,3,Digital,Sustainability,1,1,0,0,0,0,0,0,11.11,16.67,71.43,16.67,11.11,25.0,60.0,50.0,0.0
CAD-CC-01255,TrailStay Rewards Everyday Privilege Travel World Card,TrailStay Rewards,Travel Partner,Premium Travel,Mastercard,2016,Active,599,199,100000,725,2.0,3.0,21.9,24.81,Flexible Points,3.31,Travel Points,0,1,1,0,0,0,0,1,0,0,1,0,0,0,0,0,0,0,1,0,0,0,0,0,0,0,0,1,1,1,1,0,1,1,0,0,0,0,0,0,0,0,0,1,0,0,0,0,0,90000,0,1043,0,0,Travel,Lifestyle,1,1,0,0,1,1,1,0,77.78,16.67,14.29,8.33,22.22,0.0,0.0,50.0,60.0
CAD-CC-01257,BrightSpend North Subscription Rewards Explorer Card,BrightSpend,Fintech,Subscription Rewards,Mastercard,2022,Active,0,30,0,661,0.0,4.0,22.47,23.49,Statement Credits,1.66,Cashback Dollars,0,0,1,1,1,1,1,0,0,0,0,0,1,0,0,0,1,0,1,0,0,1,1,0,1,0,0,0,0,0,0,1,0,0,0,0,0,0,0,1,1,1,0,1,1,0,0,0,0,15000,0,100,1,0,Digital,Subscription,1,1,0,1,0,0,0,0,11.11,16.67,71.43,58.33,33.33,0.0,0.0,75.0,0.0
CAD-CC-01258,TrailStay Rewards Elevate Travel World Card,TrailStay Rewards,Travel Partner,Travel,American Express,2025,Active,0,29,60000,739,1.5,2.0,21.15,22.46,Travel Points,1.61,Travel Points,0,1,1,0,0,1,0,1,0,0,0,0,0,1,0,0,0,0,0,0,0,1,0,0,0,0,1,1,1,1,0,0,0,0,0,0,1,1,0,1,0,0,0,0,0,0,0,0,0,30000,0,273,0,0,Travel,Cashback,0,1,1,1,0,0,0,0,55.56,33.33,14.29,16.67,33.33,0.0,40.0,75.0,20.0
CAD-CC-01259,Northern Lights CU Maple Travel Plus Card,Northern Lights CU,Credit Union,Travel,American Express,2019,Active,39,0,80000,665,2.0,3.5,20.77,22.6,Travel Points,1.94,Travel Points,0,1,1,0,0,0,0,0,1,0,1,0,0,0,0,0,0,0,0,0,0,0,0,0,0,0,0,1,0,1,1,0,0,1,0,0,0,0,0,1,1,1,1,1,0,0,0,0,0,15000,0,110,1,12,Digital,Travel,0,1,0,0,0,0,0,0,55.56,16.67,71.43,0.0,22.22,0.0,0.0,25.0,0.0
CAD-CC-01260,BrightSpend Maple Student Rewards Card,BrightSpend,Fintech,Student,American Express,2024,Active,0,0,10000,668,2.0,2.0,22.42,25.63,Cashback,0.68,Flexible Points,0,0,1,1,0,0,0,1,0,1,0,0,1,0,0,1,0,0,0,0,0,1,0,1,0,0,0,0,0,0,0,0,0,0,1,1,1,0,1,0,1,1,1,0,1,0,0,0,0,0,50,50,0,6,Student,Digital,1,1,1,0,0,0,0,0,0.0,33.33,57.14,16.67,44.44,0.0,80.0,75.0,0.0
CAD-CC-01261,Coastline Credit Union Select Travel World Card,Coastline Credit Union,Credit Union,Travel,Visa,2018,Active,89,0,80000,752,2.5,4.0,22.24,24.3,Travel Points,1.31,Loyalty Miles,1,1,1,0,0,0,0,0,0,0,1,0,1,0,0,0,0,0,1,0,0,0,0,0,1,0,1,1,0,1,1,0,0,1,0,0,0,0,0,0,1,1,1,1,1,0,0,0,0,20000,0,141,0,0,Digital,Travel,1,0,0,0,0,0,0,0,66.67,16.67,71.43,16.67,22.22,0.0,0.0,25.0,20.0
CAD-CC-01262,Capital Crown Bank Platinum Low Interest Explorer Card,Capital Crown Bank,Bank,Low Interest,Visa,2023,Active,39,20,15000,673,2.5,2.0,11.64,13.16,Statement Credits,0.62,Cashback Dollars,0,0,1,1,0,0,0,0,0,0,0,0,0,0,0,0,0,0,0,0,0,0,0,0,0,0,0,1,0,1,0,0,0,0,1,1,0,0,1,1,1,1,0,1,0,0,0,0,0,0,25,25,1,9,Digital,Travel,1,1,0,0,0,0,0,0,22.22,0.0,57.14,0.0,0.0,0.0,60.0,50.0,0.0
CAD-CC-01263,Prairie Community CU Edge Rewards Preferred Card,Prairie Community CU,Credit Union,Rewards,American Express,2026,Active,89,0,0,628,0.0,2.0,20.53,22.36,Cashback,2.25,Flexible Points,0,0,1,1,0,0,1,1,1,0,0,0,0,1,0,0,0,0,0,0,0,0,0,0,0,0,0,0,0,0,0,1,0,0,0,0,1,0,0,1,1,0,1,0,0,0,0,0,0,0,100,100,0,0,Cashback,Digital,1,1,0,0,0,0,0,0,11.11,66.67,42.86,0.0,44.44,0.0,20.0,50.0,0.0
CAD-CC-01264,NeoMaple Financial Voyage Student Plus Card,NeoMaple Financial,Fintech,Student,Mastercard,2026,Active,0,15,10000,655,2.5,3.5,22.36,23.93,Hybrid Rewards,0.57,Cashback Dollars,0,0,0,0,0,0,0,0,0,0,0,0,0,0,0,1,0,0,0,0,1,0,0,0,0,0,0,0,0,0,0,0,0,0,1,1,1,0,1,1,0,1,1,0,1,0,0,0,0,0,0,0,0,12,Student,Digital,1,1,1,0,0,0,0,0,0.0,0.0,57.14,8.33,0.0,0.0,80.0,75.0,0.0
CAD-CC-01265,Harbour Financial Prime Sustainability Infinite Card,Harbour Financial,Bank,Sustainability,Mastercard,2021,Active,49,30,60000,751,2.5,3.5,20.22,23.7,Cashback,1.01,Flexible Points,1,0,0,0,0,0,1,1,0,1,0,0,0,0,1,0,0,0,0,0,0,0,0,0,0,0,0,0,0,0,0,0,0,0,0,0,0,0,0,1,0,1,0,1,1,0,1,0,1,0,50,50,1,0,Sustainability,Cashback,0,0,0,0,0,0,0,0,0.0,66.67,57.14,0.0,33.33,75.0,0.0,0.0,0.0
CAD-CC-01266,ShopNorth Summit Cashback Rewards Card,ShopNorth,Retail Partner,Cashback,Visa,2023,Active,0,50,80000,636,2.5,3.5,20.68,23.42,Cashback,2.43,Cashback Dollars,1,0,0,0,0,0,1,1,0,0,0,0,1,1,0,0,0,0,0,0,1,0,0,0,0,0,0,0,0,0,0,0,0,0,0,0,0,0,0,1,1,1,1,1,1,0,0,0,0,0,100,100,0,9,Digital,Cashback,1,0,1,1,0,0,0,0,0.0,66.67,85.71,8.33,44.44,0.0,0.0,75.0,0.0
CAD-CC-01267,Northern Lights CU Aurora Low Interest Explorer Card,Northern Lights CU,Credit Union,Low Interest,Visa,2022,Active,29,10,15000,659,2.5,2.0,9.68,10.68,Cashback,0.86,Cashback Dollars,1,0,1,1,0,0,0,1,0,0,0,0,0,0,0,0,0,0,0,0,0,0,0,0,0,0,0,0,0,1,0,0,0,0,0,1,0,0,0,1,0,1,0,1,0,0,0,0,0,0,25,25,0,9,Digital,Cashback,0,1,0,0,0,0,0,0,11.11,33.33,42.86,0.0,11.11,0.0,20.0,25.0,0.0
CAD-CC-01268,Prairie National Bank Prime Cashback World Card,Prairie National Bank,Bank,Cashback,Visa,2020,Active,0,29,15000,670,2.0,4.0,21.32,22.55,Cashback,2.95,Cashback Dollars,1,0,1,1,0,0,0,0,0,0,0,0,0,0,0,0,0,0,1,0,0,0,0,0,0,0,0,0,0,0,0,0,0,0,0,0,0,1,0,1,0,1,1,1,0,0,0,0,0,0,100,100,0,0,Business,Digital,1,1,0,0,0,0,0,0,0.0,16.67,57.14,8.33,0.0,0.0,20.0,50.0,0.0
CAD-CC-01269,Laurentian Maple Bank Select Balance Transfer Rewards Card,Laurentian Maple Bank,Bank,Balance Transfer,Mastercard,2020,Active,0,10,15000,680,2.5,1.0,19.35,22.5,Hybrid Rewards,0.24,Cashback Dollars,0,0,0,0,0,0,0,0,0,0,0,0,0,0,0,1,0,0,0,0,0,0,0,0,0,0,0,0,0,0,0,0,0,0,0,0,0,1,0,1,0,1,1,1,0,0,0,0,1,15000,0,123,0,0,Student,Digital,1,1,0,0,0,0,0,0,0.0,0.0,57.14,0.0,0.0,25.0,20.0,50.0,0.0
CAD-CC-01270,Prairie National Bank Maple Rewards Infinite Card,Prairie National Bank,Bank,Rewards,Visa,2024,Active,0,50,30000,628,2.5,2.0,22.54,25.81,Hybrid Rewards,1.49,Flexible Points,0,0,1,0,0,0,0,0,0,0,0,0,0,1,0,0,0,0,0,0,0,0,0,1,0,0,0,0,0,0,0,0,0,0,0,1,1,0,0,0,0,0,1,1,1,0,0,1,0,10000,0,76,1,6,Digital,Sustainability,1,1,0,0,0,0,0,0,0.0,16.67,42.86,8.33,11.11,25.0,40.0,50.0,0.0
CAD-CC-01271,Ontario Mutual CU Signature Cashback World Card,Ontario Mutual CU,Credit Union,Cashback,Visa,2023,Active,0,0,80000,708,2.5,4.0,19.99,21.45,Cashback,1.36,Cashback Dollars,1,0,0,0,0,0,1,1,0,0,0,0,0,0,0,0,0,0,0,0,0,0,0,0,0,0,0,0,0,0,0,0,0,0,1,0,0,0,0,0,1,1,1,1,0,0,0,0,0,0,200,200,0,0,Cashback,Digital,1,1,0,0,0,0,0,0,0.0,50.0,57.14,0.0,22.22,0.0,20.0,50.0,0.0
CAD-CC-01272,Coastline Credit Union Prime Low Interest Explorer Card,Coastline Credit Union,Credit Union,Low Interest,Visa,2023,Active,39,0,30000,706,2.0,3.5,9.86,12.84,Cashback,0.87,Cashback Dollars,0,0,1,0,0,0,0,0,0,0,0,0,0,1,0,0,0,0,0,0,0,0,0,0,0,0,0,0,0,0,0,0,0,0,0,0,1,1,0,0,0,1,0,0,0,0,0,0,0,0,75,75,0,0,Cashback,Lifestyle,1,1,0,0,0,0,0,0,0.0,16.67,14.29,0.0,11.11,0.0,40.0,50.0,0.0
CAD-CC-01273,FreshBasket Signature Cashback Rewards Card,FreshBasket,Retail Partner,Cashback,Mastercard,2017,Active,120,29,80000,660,0.0,3.5,21.24,22.75,Cashback,0.83,Cashback Dollars,1,0,1,1,0,0,1,1,0,0,0,0,0,0,0,0,0,0,0,0,0,0,0,0,0,0,0,0,0,1,0,1,0,1,0,1,1,0,0,0,0,0,1,0,0,0,0,0,0,0,100,100,0,0,Cashback,Travel,1,1,0,0,0,0,1,0,33.33,50.0,14.29,0.0,22.22,0.0,40.0,50.0,20.0
CAD-CC-01274,Prairie National Bank Select Travel Rewards Card,Prairie National Bank,Bank,Travel,Visa,2026,Active,120,29,80000,726,2.5,4.0,21.97,24.58,Travel Points,1.62,Travel Points,1,1,1,1,0,0,0,1,0,0,1,0,0,0,0,0,0,0,0,0,0,0,0,0,0,0,1,1,0,0,0,0,0,0,1,0,0,1,0,1,0,0,0,0,1,1,0,0,0,10000,0,77,1,9,Digital,Cashback,1,1,0,0,0,1,1,0,33.33,33.33,42.86,0.0,22.22,0.0,40.0,50.0,60.0
CAD-CC-01275,Prairie Community CU Voyage Student Advantage Card,Prairie Community CU,Credit Union,Student,American Express,2020,Active,0,0,5000,617,2.5,3.0,21.82,24.18,Hybrid Rewards,0.8,Cashback Dollars,0,1,0,1,0,0,1,1,0,0,0,0,0,0,0,1,1,0,0,0,0,0,0,0,1,1,0,0,0,0,0,0,0,0,1,1,0,1,0,1,0,1,1,0,1,1,0,1,0,0,0,0,0,3,Student,Digital,1,1,0,1,0,0,0,0,11.11,33.33,71.43,25.0,22.22,25.0,60.0,75.0,0.0
CAD-CC-01276,HotelMaple Group Everyday Privilege Travel Advantage Card,HotelMaple Group,Travel Partner,Premium Travel,Mastercard,2018,Active,599,199,100000,782,0.0,3.0,22.23,24.96,Travel Points,3.05,Loyalty Miles,0,1,1,0,0,0,0,1,0,0,0,0,0,0,1,0,0,0,0,1,0,0,0,0,0,0,1,1,0,1,0,1,1,1,1,0,0,0,0,0,1,0,0,0,1,0,0,0,0,60000,0,718,0,0,Travel,Digital,1,1,1,1,1,1,1,1,77.78,16.67,28.57,8.33,11.11,25.0,20.0,100.0,100.0
CAD-CC-01277,MapleTrust Bank North Digital First Preferred Card,MapleTrust Bank,Bank,Digital First,Mastercard,2022,Active,0,15,15000,658,2.0,4.0,20.78,24.27,Flexible Points,0.52,Flexible Points,1,0,0,1,0,0,0,1,1,0,0,0,1,0,0,0,0,0,0,1,1,0,0,0,0,0,0,0,0,1,0,0,0,0,0,1,0,1,1,1,1,1,0,1,1,1,0,0,0,15000,0,142,0,3,Digital,Cashback,1,1,0,0,0,0,0,0,11.11,50.0,85.71,16.67,33.33,0.0,60.0,50.0,0.0
CAD-CC-01278,CanadaJet Rewards Select Travel Explorer Card,CanadaJet Rewards,Airline Partner,Travel,Visa,2017,Active,120,29,30000,773,2.5,2.0,20.09,23.3,Travel Points,1.6,Loyalty Miles,0,1,1,1,0,0,1,1,1,1,0,0,0,0,0,0,0,0,0,0,0,0,0,0,0,0,1,1,0,0,1,0,0,1,0,1,1,0,0,1,1,0,1,1,1,0,0,0,0,30000,0,226,0,0,Digital,Cashback,0,1,0,0,0,1,0,1,55.56,66.67,71.43,0.0,44.44,0.0,40.0,25.0,60.0
CAD-CC-01279,Coastline Credit Union Everyday Cashback Infinite Card,Coastline Credit Union,Credit Union,Cashback,American Express,2024,Active,0,0,30000,657,2.0,3.0,22.46,24.1,Cashback,1.83,Cashback Dollars,1,0,0,0,0,1,1,1,0,0,0,0,0,1,0,0,1,0,0,0,0,1,0,0,0,0,0,0,0,0,0,0,0,0,0,0,1,0,1,0,0,1,0,0,1,0,0,0,0,0,150,150,0,3,Cashback,Lifestyle,1,1,1,1,0,0,0,0,0.0,66.67,28.57,25.0,44.44,0.0,40.0,100.0,0.0
CAD-CC-01280,Prairie National Bank Momentum Digital First World Card,Prairie National Bank,Bank,Digital First,Mastercard,2017,Active,0,0,15000,720,2.5,4.0,22.02,25.42,Cashback,1.38,Flexible Points,1,0,1,0,1,0,0,0,0,0,0,0,0,1,0,0,0,1,0,0,0,0,1,0,1,0,0,0,0,0,0,0,0,0,1,0,0,1,0,1,1,1,1,0,1,1,0,0,0,0,100,100,1,0,Digital,Cashback,1,1,0,1,0,0,0,0,0.0,33.33,85.71,33.33,11.11,0.0,40.0,75.0,0.0
CAD-CC-01281,Capital Crown Bank Edge Digital First Card,Capital Crown Bank,Bank,Digital First,Visa,2015,Active,49,0,0,685,2.5,4.0,22.62,25.78,Flexible Points,1.62,Cashback Dollars,1,0,1,0,0,0,0,0,0,0,0,0,0,0,0,0,0,0,0,0,1,1,0,0,0,0,0,0,0,0,0,0,0,0,0,1,1,0,0,1,1,1,1,1,1,1,0,0,0,15000,0,121,1,0,Digital,Cashback,0,1,0,0,0,0,0,0,0.0,16.67,100.0,16.67,11.11,0.0,40.0,25.0,0.0
CAD-CC-01282,FlexiCard Digital Summit Cashback Advantage Card,FlexiCard Digital,Fintech,Cashback,Mastercard,2025,Active,89,0,30000,738,2.5,4.0,22.05,23.2,Cashback,1.3,Cashback Dollars,1,0,1,1,0,0,0,1,1,0,0,0,0,0,0,0,0,0,0,0,0,0,1,0,0,0,0,0,0,0,0,0,0,0,0,0,0,0,0,1,1,1,1,1,1,0,0,0,0,0,50,50,0,9,Digital,Cashback,0,1,1,0,0,0,0,0,0.0,50.0,85.71,8.33,22.22,0.0,0.0,50.0,0.0
CAD-CC-01283,TrueNorth Bank Aurora Lifestyle Rewards Advantage Card,TrueNorth Bank,Bank,Lifestyle Rewards,Visa,2023,Active,99,0,15000,686,0.0,3.0,20.68,23.29,Flexible Points,1.16,Travel Points,1,0,1,1,0,0,0,1,0,0,0,0,1,1,0,0,0,0,0,0,0,0,0,0,0,0,0,1,0,0,0,1,0,0,1,0,1,0,0,1,1,0,0,0,0,0,0,0,0,25000,0,153,1,12,Cashback,Lifestyle,1,0,1,0,0,0,0,0,22.22,50.0,28.57,0.0,33.33,0.0,40.0,50.0,0.0
CAD-CC-01284,BrightSpend Prime Student Infinite Card,BrightSpend,Fintech,Student,American Express,2023,Active,0,0,5000,603,2.5,4.0,22.51,23.77,Cashback,1.35,Flexible Points,0,0,0,0,0,0,1,0,0,0,0,0,1,1,0,1,0,0,1,0,0,0,0,0,1,1,0,0,0,0,0,0,0,0,0,1,1,1,0,1,1,1,0,1,1,0,0,0,0,0,0,0,0,6,Student,Digital,1,1,1,1,0,0,0,0,0.0,33.33,71.43,25.0,33.33,0.0,60.0,100.0,0.0
CAD-CC-01285,NeoMaple Financial North Student Plus Card,NeoMaple Financial,Fintech,Student,Visa,2025,Active,0,10,0,612,2.5,4.0,20.39,21.77,Cashback,1.76,Flexible Points,0,0,0,0,0,0,0,0,1,0,0,0,0,0,0,1,0,0,0,0,0,0,0,0,0,0,0,0,0,0,0,0,0,0,1,1,1,1,0,1,1,1,1,1,1,0,0,0,0,0,50,50,0,0,Student,Digital,1,0,0,0,0,0,0,0,0.0,16.67,85.71,0.0,11.11,0.0,80.0,25.0,0.0
CAD-CC-01286,Atlantic Community CU Summit Rewards Rewards Card,Atlantic Community CU,Credit Union,Rewards,Visa,2017,Active,89,0,0,659,2.5,3.0,21.88,24.88,Hybrid Rewards,1.38,Flexible Points,0,0,1,0,0,0,0,0,0,0,0,0,1,1,0,0,0,0,1,0,0,0,0,0,0,1,0,1,0,0,0,0,0,1,0,1,0,1,0,0,0,0,0,1,1,0,0,0,0,0,100,100,0,12,Lifestyle,Digital,1,0,1,0,0,0,0,0,22.22,16.67,28.57,16.67,22.22,0.0,40.0,50.0,0.0
CAD-CC-01287,HotelMaple Group Everyday Privilege Travel Rewards Card,HotelMaple Group,Travel Partner,Premium Travel,American Express,2021,Active,499,175,150000,796,0.0,2.0,22.77,24.91,Travel Points,2.44,Flexible Points,0,1,1,0,0,0,1,1,1,0,0,0,1,0,1,1,0,0,0,0,0,0,0,1,0,0,1,1,1,1,1,1,0,1,0,0,1,0,0,1,0,1,1,1,0,0,0,0,0,90000,0,1012,0,0,Student,Travel,1,1,0,0,1,1,1,1,88.89,50.0,57.14,8.33,44.44,25.0,20.0,50.0,100.0
CAD-CC-01288,Polar Wings North Privilege Travel Advantage Card,Polar Wings,Airline Partner,Premium Travel,Visa,2015,Active,499,149,80000,815,0.0,3.0,21.85,23.72,Flexible Points,2.88,Loyalty Miles,0,1,1,0,0,0,0,0,0,0,0,0,0,0,0,0,0,0,0,0,0,0,0,0,0,0,0,1,1,1,1,1,1,1,0,1,0,0,0,0,0,1,1,0,1,1,0,0,0,50000,0,678,0,0,Travel,Digital,1,1,1,0,0,0,1,1,88.89,0.0,57.14,0.0,0.0,0.0,20.0,75.0,40.0
CAD-CC-01289,MapleTrust Bank Aurora Subscription Rewards Explorer Card,MapleTrust Bank,Bank,Subscription Rewards,American Express,2022,Active,0,0,60000,708,2.5,4.0,22.36,25.28,Statement Credits,0.94,Cashback Dollars,0,0,0,1,1,1,0,0,1,0,0,1,0,0,0,0,1,1,0,0,0,0,1,1,0,0,0,0,1,0,1,0,0,0,0,0,1,0,0,0,0,1,0,1,0,0,0,1,0,25000,0,209,0,12,Subscription,Digital,1,1,1,0,0,0,0,0,22.22,16.67,28.57,50.0,22.22,25.0,20.0,75.0,0.0
CAD-CC-01290,HotelMaple Group Select Travel Explorer Card,HotelMaple Group,Travel Partner,Travel,Visa,2025,Active,89,29,30000,764,2.5,4.0,20.2,22.8,Flexible Points,2.04,Loyalty Miles,0,1,1,1,1,1,0,1,0,1,1,0,0,0,0,0,0,0,0,0,0,1,0,0,0,0,0,0,1,0,1,0,0,1,0,0,0,0,0,0,1,1,0,1,0,0,0,0,0,30000,0,226,0,0,Lifestyle,Travel,1,1,1,1,0,1,0,0,44.44,33.33,42.86,25.0,44.44,0.0,0.0,100.0,20.0
CAD-CC-01291,GlobePass Canada Prime Privilege Travel Rewards Card,GlobePass Canada,Travel Partner,Premium Travel,Visa,2020,Active,599,199,80000,726,0.0,3.0,20.43,22.98,Travel Points,3.07,Loyalty Miles,0,1,1,0,0,0,0,1,0,1,1,0,0,1,0,0,0,0,0,0,0,0,0,0,0,1,1,1,1,1,1,1,0,1,0,1,1,0,0,1,0,1,0,1,0,0,1,1,0,70000,0,669,0,9,Travel,Lifestyle,1,1,0,0,1,0,1,1,88.89,50.0,42.86,8.33,44.44,50.0,40.0,50.0,80.0
CAD-CC-01292,NorthPay Labs Thrive Digital First Advantage Card,NorthPay Labs,Fintech,Digital First,Visa,2022,Active,49,0,0,681,2.5,3.5,21.86,24.67,Flexible Points,0.54,Flexible Points,0,1,1,0,0,0,0,0,0,0,1,0,0,0,0,0,1,0,0,0,0,0,0,1,0,0,0,0,0,0,0,0,0,0,1,1,1,0,0,1,1,1,1,1,1,1,0,0,0,25000,0,197,1,9,Digital,Subscription,1,1,0,0,0,0,0,0,11.11,0.0,100.0,16.67,11.11,0.0,60.0,50.0,0.0
CAD-CC-01293,NorthPay Labs Voyage Subscription Rewards World Card,NorthPay Labs,Fintech,Subscription Rewards,Mastercard,2023,Active,120,0,0,672,2.5,4.0,21.26,23.83,Statement Credits,1.43,Cashback Dollars,0,0,1,0,1,1,0,0,0,0,0,0,0,0,0,0,0,1,0,0,1,1,1,0,1,0,0,1,0,0,0,0,0,0,0,1,1,0,0,1,1,0,1,1,1,0,0,0,1,10000,0,94,0,0,Digital,Subscription,1,0,1,0,0,0,0,1,11.11,0.0,71.43,58.33,11.11,25.0,40.0,50.0,20.0
CAD-CC-01296,ShopNorth Everyday Rewards Infinite Card,ShopNorth,Retail Partner,Rewards,Visa,2024,Active,39,0,80000,716,2.5,3.0,21.4,23.1,Flexible Points,1.6,Travel Points,0,0,1,0,0,0,0,1,0,0,0,0,0,0,0,0,0,0,0,0,0,0,0,0,0,0,0,0,0,0,0,0,0,0,1,1,1,0,0,0,0,1,1,0,0,0,0,0,0,0,50,50,0,6,Digital,Cashback,1,1,0,1,0,0,0,0,0.0,16.67,28.57,0.0,11.11,0.0,60.0,75.0,0.0
CAD-CC-01297,PayWave Canada Maple Cashback Card,PayWave Canada,Fintech,Cashback,American Express,2019,Active,89,29,80000,631,2.5,3.0,20.84,22.91,Cashback,2.25,Cashback Dollars,1,0,0,0,0,0,1,0,1,0,0,0,0,0,0,0,0,0,0,0,0,0,0,0,0,0,0,0,0,0,0,0,0,0,0,0,1,0,0,1,1,1,0,1,1,0,0,0,1,0,100,100,0,9,Digital,Cashback,1,1,0,0,0,0,0,0,0.0,50.0,71.43,0.0,22.22,25.0,20.0,50.0,0.0
CAD-CC-01298,Ontario Mutual CU Thrive Low Interest Rewards Card,Ontario Mutual CU,Credit Union,Low Interest,American Express,2019,Active,29,0,15000,685,2.5,2.0,11.66,13.36,Cashback,1.09,Cashback Dollars,0,0,0,0,0,0,0,0,0,0,0,0,0,1,0,0,0,0,0,0,0,0,0,0,1,0,0,0,0,0,0,0,0,0,0,1,1,1,0,0,0,1,0,0,1,0,0,0,0,0,0,0,1,3,Digital,Cashback,1,1,1,0,0,0,0,0,0.0,16.67,28.57,8.33,11.11,0.0,60.0,75.0,0.0
CAD-CC-01299,TrueNorth Bank Maple Sustainability World Card,TrueNorth Bank,Bank,Sustainability,American Express,2016,Active,0,0,15000,711,3.0,3.0,22.87,24.46,Flexible Points,0.8,Cashback Dollars,1,0,0,0,0,0,0,0,0,0,0,0,0,0,1,0,0,0,0,0,0,0,0,0,0,0,0,1,0,0,0,0,0,0,0,0,0,0,0,0,1,1,1,1,1,0,1,1,1,10000,0,74,0,6,Sustainability,Digital,1,1,0,0,0,0,0,0,11.11,16.67,71.43,0.0,0.0,100.0,0.0,50.0,0.0
CAD-CC-01300,NorthPay Labs Voyage Student Explorer Card,NorthPay Labs,Fintech,Student,American Express,2016,Active,0,0,10000,581,2.5,4.0,20.12,23.53,Flexible Points,1.96,Cashback Dollars,1,0,1,0,0,1,1,0,0,1,0,0,0,0,0,1,0,0,0,1,0,0,0,0,0,0,0,1,0,0,1,0,0,0,1,1,0,0,0,1,1,1,1,1,1,0,1,0,0,0,75,75,0,6,Student,Digital,1,1,0,1,0,0,0,0,22.22,50.0,85.71,16.67,22.22,25.0,40.0,75.0,0.0
CAD-CC-01301,FlexiCard Digital Aurora Sustainability Essentials Card,FlexiCard Digital,Fintech,Sustainability,Mastercard,2020,Active,49,0,60000,678,0.0,2.0,21.07,24.16,Flexible Points,1.55,Flexible Points,0,0,1,0,0,0,0,1,0,1,0,0,0,1,1,0,0,0,0,0,0,0,0,0,0,0,0,0,0,0,0,1,0,1,0,1,1,0,0,1,1,1,1,1,1,0,1,1,1,0,150,150,0,6,Sustainability,Digital,1,1,0,1,0,0,0,0,22.22,50.0,85.71,0.0,33.33,100.0,40.0,75.0,0.0
CAD-CC-01302,TrueNorth Bank Flex Low Interest Explorer Card,TrueNorth Bank,Bank,Low Interest,Visa,2019,Active,29,0,12000,725,2.5,2.0,13.64,16.79,Hybrid Rewards,0.31,Cashback Dollars,0,0,0,0,0,0,0,1,1,0,0,0,0,0,0,0,0,0,0,0,0,0,0,0,0,0,0,0,0,0,0,0,0,0,0,0,1,1,0,1,0,1,0,1,0,0,0,0,0,0,50,50,1,12,Digital,Cashback,1,1,0,1,0,0,0,0,0.0,33.33,42.86,0.0,22.22,0.0,40.0,75.0,0.0
CAD-CC-01303,Laurentian Maple Bank Momentum Sustainability Plus Card,Laurentian Maple Bank,Bank,Sustainability,Visa,2016,Active,120,0,0,682,2.5,4.0,20.6,22.4,Cashback,1.88,Flexible Points,0,0,0,0,0,0,0,0,0,0,0,0,0,0,1,0,0,0,0,0,0,0,0,0,0,0,0,1,0,0,0,0,0,0,1,1,1,0,0,1,1,0,0,0,0,0,1,1,1,15000,0,93,0,0,Sustainability,Digital,0,1,0,1,1,0,0,0,11.11,0.0,28.57,0.0,0.0,100.0,60.0,50.0,20.0
CAD-CC-01304,TrueNorth Bank Select Privilege Travel Advantage Card,TrueNorth Bank,Bank,Premium Travel,Visa,2016,Active,699,175,100000,740,2.5,2.0,21.62,24.54,Flexible Points,2.57,Flexible Points,0,1,1,1,0,0,0,0,0,1,0,0,0,0,0,1,0,0,0,0,0,0,0,0,0,0,1,1,0,1,0,0,1,1,1,0,1,1,0,0,1,0,1,1,0,0,0,1,0,50000,0,684,0,6,Student,Travel,1,1,0,0,1,1,1,1,66.67,16.67,42.86,0.0,11.11,25.0,60.0,50.0,100.0
CAD-CC-01306,Air NorthStar Everyday Privilege Travel Essentials Card,Air NorthStar,Airline Partner,Premium Travel,American Express,2018,Active,599,149,100000,758,0.0,2.0,20.05,21.85,Flexible Points,2.86,Travel Points,1,1,1,0,0,0,0,1,0,1,1,0,0,0,0,0,0,0,1,0,0,0,0,0,0,0,1,1,1,1,1,1,1,1,0,0,0,0,0,0,0,1,1,0,0,0,1,0,0,80000,0,1029,0,3,Travel,Lifestyle,0,1,1,0,0,1,1,0,100.0,50.0,28.57,8.33,33.33,25.0,0.0,50.0,60.0
CAD-CC-01307,Northern Lights CU Elevate Cashback Essentials Card,Northern Lights CU,Credit Union,Cashback,Mastercard,2023,Active,0,29,60000,697,2.5,4.0,22.04,23.73,Cashback,1.63,Cashback Dollars,1,0,1,1,1,0,1,1,1,0,0,0,0,1,0,0,0,0,1,0,0,0,0,0,0,0,0,0,0,0,0,0,0,0,0,0,1,0,0,1,1,1,1,0,0,0,0,0,0,0,50,50,1,6,Cashback,Digital,1,1,1,0,0,0,0,0,0.0,83.33,57.14,16.67,44.44,0.0,20.0,75.0,0.0
CAD-CC-01308,Northern Dominion Bank Thrive Cashback Essentials Card,Northern Dominion Bank,Bank,Cashback,Mastercard,2024,Active,99,29,0,650,2.5,4.0,21.64,23.65,Cashback,1.64,Cashback Dollars,1,1,0,1,0,0,0,1,0,0,0,0,0,1,0,0,0,0,0,0,0,0,0,0,0,0,0,0,0,0,0,0,0,0,1,1,0,0,0,1,0,1,0,0,1,0,0,0,1,0,100,100,0,0,Cashback,Digital,1,0,0,1,0,0,0,0,11.11,50.0,42.86,0.0,22.22,25.0,40.0,50.0,0.0
CAD-CC-01309,Capital Crown Bank Everyday Rewards Advantage Card,Capital Crown Bank,Bank,Rewards,Visa,2015,Active,89,0,15000,744,2.0,3.0,21.89,25.0,Cashback,0.92,Travel Points,0,0,1,1,0,0,1,0,0,0,0,0,0,0,0,0,0,0,0,0,0,0,0,0,0,0,0,0,0,0,0,0,0,0,1,1,1,0,0,1,1,1,0,1,1,0,0,0,0,0,150,150,0,12,Digital,Cashback,1,1,0,1,0,0,0,0,0.0,16.67,71.43,0.0,11.11,0.0,60.0,75.0,0.0
CAD-CC-01310,GlobePass Canada Momentum Travel Card,GlobePass Canada,Travel Partner,Travel,Mastercard,2016,Active,89,29,60000,687,0.0,4.0,21.26,24.36,Travel Points,1.24,Travel Points,1,1,1,0,0,0,0,0,0,0,1,0,0,0,0,0,0,0,0,0,0,1,0,0,0,0,0,0,0,1,1,1,0,0,0,0,1,0,0,0,1,1,1,0,0,0,0,0,0,30000,0,196,0,0,Travel,Digital,1,1,1,0,1,0,0,0,44.44,16.67,42.86,8.33,22.22,0.0,20.0,75.0,20.0
CAD-CC-01311,TrueNorth Bank Platinum Student World Card,TrueNorth Bank,Bank,Student,Mastercard,2017,Active,0,0,5000,590,2.5,4.0,22.07,23.21,Hybrid Rewards,1.3,Cashback Dollars,1,0,0,0,0,0,1,0,0,1,0,0,0,0,0,1,0,0,0,0,0,1,0,0,0,1,0,0,0,0,0,0,0,1,1,1,1,0,0,1,0,1,0,0,1,0,0,0,0,0,25,25,1,9,Student,Digital,0,1,1,1,0,0,0,0,11.11,50.0,42.86,16.67,33.33,0.0,60.0,75.0,0.0
CAD-CC-01313,NorthPay Labs Maple Lifestyle Rewards Infinite Card,NorthPay Labs,Fintech,Lifestyle Rewards,Mastercard,2026,Active,0,0,60000,672,2.5,4.0,20.41,21.46,Hybrid Rewards,1.62,Flexible Points,1,0,0,0,0,0,0,1,0,0,1,0,1,0,0,0,0,0,1,0,1,1,1,1,1,0,0,0,0,0,0,0,0,0,1,0,1,0,0,1,1,1,1,1,1,0,1,0,0,15000,0,119,0,0,Digital,Lifestyle,0,1,1,0,0,0,0,0,0.0,33.33,85.71,50.0,44.44,25.0,40.0,50.0,0.0
CAD-CC-01314,NorthPay Labs Flex Digital First Rewards Card,NorthPay Labs,Fintech,Digital First,Visa,2021,Active,0,0,60000,756,2.5,2.0,21.29,23.96,Cashback,0.93,Cashback Dollars,0,0,1,0,0,1,0,0,1,0,0,0,0,1,0,0,0,0,0,1,0,1,1,1,0,0,0,0,0,0,0,0,0,0,1,1,1,1,1,1,1,1,1,0,1,1,0,0,0,15000,0,114,0,0,Digital,Subscription,0,1,0,0,0,0,0,0,0.0,33.33,85.71,41.67,33.33,0.0,100.0,25.0,0.0
CAD-CC-01315,ShopNorth Maple Rewards Plus Card,ShopNorth,Retail Partner,Rewards,Mastercard,2018,Active,89,50,60000,729,2.5,2.0,20.01,22.87,Cashback,1.75,Travel Points,0,0,1,0,0,0,0,1,0,1,0,0,1,0,0,0,0,0,0,0,0,0,0,0,0,0,0,0,0,0,0,0,0,0,0,0,0,0,1,1,0,1,0,1,0,0,0,0,0,0,150,150,0,9,Lifestyle,Digital,1,1,1,0,0,0,0,0,0.0,33.33,42.86,0.0,33.33,0.0,20.0,75.0,0.0
CAD-CC-01316,Ontario Mutual CU Momentum Low Interest Card,Ontario Mutual CU,Credit Union,Low Interest,Mastercard,2019,Active,0,0,15000,644,2.5,4.0,14.18,17.62,Cashback,0.56,Cashback Dollars,0,0,0,0,0,0,0,0,0,0,0,0,0,1,0,0,0,0,0,0,0,0,0,0,0,0,0,0,0,0,0,0,0,0,1,0,1,1,1,1,0,0,1,0,0,0,0,0,0,0,25,25,1,6,Digital,Cashback,1,0,0,1,0,0,0,0,0.0,16.67,28.57,0.0,11.11,0.0,80.0,50.0,0.0
CAD-CC-01317,Prairie Community CU Aurora Low Interest Card,Prairie Community CU,Credit Union,Low Interest,Mastercard,2025,Pilot,59,0,15000,721,2.5,3.5,10.51,12.77,Statement Credits,0.53,Cashback Dollars,1,0,0,0,0,0,0,0,1,0,0,0,0,0,0,0,0,0,0,0,0,0,0,0,0,0,0,0,0,0,0,0,0,1,0,0,0,1,0,1,0,1,0,0,0,0,0,0,0,0,0,0,0,3,Cashback,Digital,1,1,0,1,0,0,0,0,11.11,33.33,28.57,0.0,11.11,0.0,20.0,75.0,0.0
CAD-CC-01318,Ontario Mutual CU Summit Cashback Rewards Card,Ontario Mutual CU,Credit Union,Cashback,Visa,2026,Active,39,29,60000,744,2.5,3.0,20.69,23.79,Cashback,1.25,Cashback Dollars,1,0,1,0,0,0,0,1,0,0,0,0,0,1,0,0,0,0,0,0,0,0,0,0,0,0,0,0,1,0,0,0,0,0,1,0,0,0,0,1,0,0,1,0,0,0,0,0,0,0,50,50,0,0,Cashback,Lifestyle,1,1,1,0,0,0,0,0,11.11,50.0,28.57,0.0,22.22,0.0,20.0,75.0,0.0
CAD-CC-01319,HotelMaple Group North Privilege Travel Explorer Card,HotelMaple Group,Travel Partner,Premium Travel,American Express,2019,Active,499,149,100000,730,2.5,2.0,20.54,23.36,Flexible Points,3.26,Flexible Points,0,1,1,0,0,0,1,0,0,1,0,0,0,0,0,0,0,0,1,0,0,0,0,0,0,0,1,1,1,1,1,0,1,1,1,1,0,0,0,1,1,0,0,1,0,0,0,0,0,70000,0,805,0,0,Travel,Digital,1,1,0,1,0,1,0,1,88.89,33.33,42.86,8.33,22.22,0.0,40.0,75.0,60.0
CAD-CC-01320,Northern Lights CU Flex Low Interest World Card,Northern Lights CU,Credit Union,Low Interest,Mastercard,2015,Active,29,0,15000,672,2.5,3.0,10.4,11.58,Hybrid Rewards,0.32,Cashback Dollars,0,0,0,1,0,0,0,0,1,0,0,0,1,0,0,0,0,0,0,1,0,0,0,0,0,0,0,0,0,0,1,0,0,0,0,0,1,1,0,1,0,1,0,0,0,0,0,0,0,0,75,75,1,3,Digital,Lifestyle,1,1,0,1,0,0,0,0,11.11,16.67,28.57,8.33,22.22,0.0,40.0,75.0,0.0
CAD-CC-01321,TrueNorth Bank Flex Rewards World Card,TrueNorth Bank,Bank,Rewards,American Express,2017,Active,99,0,30000,701,2.5,4.0,22.7,25.0,Flexible Points,1.0,Flexible Points,0,0,1,0,0,0,1,1,0,0,0,0,0,0,0,0,0,0,0,0,0,0,0,0,0,0,0,1,0,0,0,0,0,0,1,0,1,0,0,0,0,0,0,0,0,0,0,0,0,25000,0,230,0,0,Cashback,Lifestyle,1,1,0,1,0,0,0,0,11.11,33.33,0.0,0.0,22.22,0.0,40.0,75.0,0.0
CAD-CC-01322,Laurentian Maple Bank Signature Lifestyle Rewards Advantage Card,Laurentian Maple Bank,Bank,Lifestyle Rewards,Mastercard,2024,Active,99,0,60000,712,2.0,2.0,21.49,24.83,Hybrid Rewards,1.08,Flexible Points,0,0,1,0,0,0,0,1,0,0,0,0,1,1,0,0,0,0,0,1,0,0,0,0,0,0,0,1,0,0,0,0,0,0,1,1,0,0,1,0,1,0,1,0,0,0,0,0,0,15000,0,111,1,3,Lifestyle,Cashback,0,1,0,1,0,0,0,0,11.11,33.33,28.57,8.33,33.33,0.0,60.0,50.0,0.0
CAD-CC-01323,Prairie National Bank Voyage Travel Essentials Card,Prairie National Bank,Bank,Travel,Mastercard,2015,Active,89,50,60000,709,0.0,3.0,21.84,22.89,Flexible Points,1.58,Travel Points,0,1,1,0,0,0,0,0,0,1,1,1,0,0,0,0,0,0,0,0,0,0,0,0,0,0,1,1,1,0,0,1,0,1,0,0,0,0,0,0,0,1,1,1,0,0,0,0,0,15000,0,132,1,9,Travel,Lifestyle,1,1,0,0,0,1,0,0,66.67,16.67,42.86,0.0,33.33,0.0,0.0,50.0,40.0
CAD-CC-01324,HomeBase Canada Aurora Lifestyle Rewards Infinite Card,HomeBase Canada,Retail Partner,Lifestyle Rewards,Mastercard,2022,Active,0,0,30000,659,2.5,2.0,22.95,24.44,Hybrid Rewards,1.87,Flexible Points,0,0,0,0,0,1,1,0,0,0,1,0,0,1,0,0,0,0,0,0,0,1,0,0,0,0,0,0,0,0,0,0,0,0,0,0,1,0,0,1,0,0,1,1,1,0,0,0,0,15000,0,117,0,6,Digital,Cashback,1,1,1,1,0,0,0,0,0.0,33.33,57.14,16.67,44.44,0.0,20.0,100.0,0.0
CAD-CC-01325,Northern Lights CU Voyage Rewards Card,Northern Lights CU,Credit Union,Rewards,Mastercard,2020,Active,39,0,30000,748,2.5,3.0,20.57,23.92,Cashback,1.96,Flexible Points,1,0,1,0,0,0,1,1,0,0,0,0,0,0,0,0,0,0,0,0,0,0,0,0,0,0,1,1,0,0,0,0,0,0,0,1,1,0,1,1,1,1,1,0,0,0,0,0,0,0,150,150,1,6,Cashback,Digital,1,1,0,1,0,0,0,0,22.22,50.0,57.14,0.0,22.22,0.0,60.0,75.0,20.0
CAD-CC-01326,BrightSpend Everyday Digital First Preferred Card,BrightSpend,Fintech,Digital First,American Express,2019,Active,0,0,30000,753,2.5,3.0,21.2,22.95,Flexible Points,0.86,Cashback Dollars,0,0,1,0,0,1,1,0,0,1,0,0,0,1,0,0,1,0,1,1,0,0,0,0,1,0,0,0,0,1,0,0,0,0,1,1,0,0,0,0,1,1,1,1,1,1,0,0,0,15000,0,93,0,12,Digital,Subscription,1,1,0,1,0,0,0,0,11.11,50.0,85.71,41.67,33.33,0.0,40.0,75.0,0.0
CAD-CC-01328,NorthPay Labs North Balance Transfer Essentials Card,NorthPay Labs,Fintech,Balance Transfer,Mastercard,2026,Active,0,0,0,632,2.5,4.0,19.52,20.66,Cashback,0.81,Cashback Dollars,0,0,0,1,0,0,0,0,1,0,0,0,0,0,0,0,0,0,0,0,0,0,0,0,1,0,0,1,0,0,0,0,0,0,0,1,1,1,0,1,1,1,1,0,0,0,0,1,0,10000,0,65,1,3,Digital,Sustainability,1,1,1,0,0,0,0,0,11.11,16.67,57.14,8.33,11.11,25.0,60.0,75.0,0.0
CAD-CC-01329,Capital Crown Bank Momentum Privilege Travel Explorer Card,Capital Crown Bank,Bank,Premium Travel,American Express,2023,Active,499,149,60000,727,0.0,4.0,20.21,21.49,Travel Points,2.59,Loyalty Miles,1,1,1,0,0,0,0,0,0,1,0,0,0,0,0,0,0,0,0,0,0,0,0,1,0,0,0,1,1,1,1,1,0,1,0,0,1,1,0,0,1,1,0,1,1,0,0,0,0,70000,0,916,0,0,Travel,Digital,1,1,0,1,1,1,0,0,77.78,33.33,57.14,8.33,11.11,0.0,40.0,75.0,40.0
CAD-CC-01330,Ontario Mutual CU Voyage Travel World Card,Ontario Mutual CU,Credit Union,Travel,American Express,2019,Active,89,50,60000,740,2.5,2.0,21.73,22.99,Flexible Points,1.96,Flexible Points,1,1,1,1,0,0,0,0,1,0,0,0,0,0,0,0,0,0,0,0,0,0,0,0,0,0,0,0,0,1,0,0,1,0,0,1,0,0,0,1,0,1,0,0,0,0,0,0,0,20000,0,144,1,12,Cashback,Travel,1,1,1,1,0,0,0,0,33.33,33.33,28.57,0.0,11.11,0.0,20.0,100.0,0.0
CAD-CC-01331,Capital Crown Bank Signature Cashback Advantage Card,Capital Crown Bank,Bank,Cashback,American Express,2017,Active,120,0,0,735,3.0,4.0,20.86,23.97,Cashback,0.9,Cashback Dollars,1,0,1,1,0,0,1,1,0,0,0,0,0,1,0,0,0,0,0,0,0,0,0,0,0,0,0,1,0,0,0,0,0,0,0,0,0,0,0,1,1,1,0,0,0,0,0,0,0,0,200,200,0,9,Cashback,Digital,1,1,0,0,0,0,1,0,11.11,66.67,42.86,0.0,33.33,0.0,0.0,50.0,20.0
CAD-CC-01332,ShopNorth Signature Lifestyle Rewards Essentials Card,ShopNorth,Retail Partner,Lifestyle Rewards,Mastercard,2021,Active,89,29,15000,660,2.0,2.0,21.17,24.36,Hybrid Rewards,1.29,Cashback Dollars,1,0,1,0,0,0,0,1,0,0,0,0,1,1,0,0,0,0,0,1,0,1,0,0,1,0,0,0,0,0,0,0,0,0,1,0,0,0,0,0,1,1,0,0,0,1,0,1,0,0,50,50,1,3,Cashback,Lifestyle,0,1,0,1,0,0,0,0,0.0,50.0,42.86,25.0,44.44,25.0,20.0,50.0,0.0
CAD-CC-01333,Coastline Credit Union Signature Cashback Card,Coastline Credit Union,Credit Union,Cashback,Visa,2024,Active,99,0,0,713,2.5,3.5,20.12,21.6,Cashback,1.21,Cashback Dollars,1,0,1,0,0,0,0,1,1,0,0,0,0,0,1,0,0,0,0,0,0,0,0,0,0,1,0,0,0,0,0,0,1,0,1,0,0,1,0,0,0,1,1,1,0,0,0,0,0,0,100,100,0,6,Cashback,Digital,1,0,0,0,0,0,0,0,11.11,50.0,42.86,8.33,22.22,25.0,40.0,25.0,0.0
CAD-CC-01334,Harbour Financial Voyage Balance Transfer Preferred Card,Harbour Financial,Bank,Balance Transfer,Mastercard,2021,Active,39,0,12000,728,2.5,4.0,15.57,16.98,Cashback,0.33,Cashback Dollars,0,0,0,1,0,0,1,0,0,0,1,0,0,0,0,0,0,0,0,0,0,0,0,0,0,0,0,1,0,0,0,0,0,0,1,1,1,1,0,1,0,1,1,1,1,0,0,0,0,15000,0,98,0,0,Digital,Cashback,1,1,1,0,0,0,0,0,11.11,16.67,71.43,0.0,22.22,0.0,80.0,75.0,0.0
CAD-CC-01336,Laurentian Maple Bank North Privilege Travel Essentials Card,Laurentian Maple Bank,Bank,Premium Travel,Visa,2026,Active,699,175,80000,746,2.5,4.0,22.38,25.87,Flexible Points,2.12,Loyalty Miles,0,1,1,0,0,0,0,0,0,0,0,0,1,0,0,0,0,0,0,0,0,0,0,0,0,0,1,1,1,1,1,0,0,1,1,0,0,0,0,1,1,1,0,0,0,0,0,0,0,60000,0,571,1,3,Travel,Digital,1,1,0,0,0,1,0,1,77.78,0.0,42.86,0.0,11.11,0.0,20.0,50.0,60.0
CAD-CC-01337,ShopNorth North Subscription Rewards Infinite Card,ShopNorth,Retail Partner,Subscription Rewards,American Express,2026,Active,0,0,30000,658,3.0,2.0,21.98,23.82,Statement Credits,1.64,Cashback Dollars,0,0,0,0,1,1,0,0,0,0,0,0,1,0,0,0,1,0,0,1,0,1,1,1,0,1,0,0,0,1,1,0,0,0,1,0,1,0,0,0,0,0,0,0,1,0,0,0,0,10000,0,72,0,0,Subscription,Travel,1,1,1,1,0,0,0,0,22.22,0.0,14.29,66.67,22.22,0.0,40.0,100.0,0.0
CAD-CC-01338,TrueNorth Bank Aurora Balance Transfer Plus Card,TrueNorth Bank,Bank,Balance Transfer,Visa,2025,Active,59,10,30000,643,2.0,2.0,15.07,16.95,Statement Credits,0.47,Cashback Dollars,0,0,0,1,0,0,0,0,0,0,0,0,0,0,0,0,1,0,0,0,0,0,0,0,0,0,0,0,0,0,0,0,1,0,0,1,0,0,0,1,1,0,1,0,0,0,0,0,1,10000,0,62,0,6,Digital,Sustainability,1,1,0,1,0,0,0,0,11.11,0.0,42.86,8.33,0.0,25.0,20.0,75.0,0.0
CAD-CC-01339,MapleTrust Bank Maple Cashback Essentials Card,MapleTrust Bank,Bank,Cashback,Visa,2024,Active,0,0,30000,722,2.5,3.5,22.06,23.28,Cashback,1.62,Cashback Dollars,1,0,0,0,0,0,1,0,1,0,0,0,0,0,0,0,0,0,0,0,0,0,0,0,0,0,0,0,0,0,0,0,0,0,1,0,0,1,0,0,0,1,1,0,0,0,0,0,0,0,50,50,0,6,Cashback,Digital,1,1,0,0,0,0,0,0,0.0,50.0,28.57,0.0,22.22,0.0,40.0,50.0,0.0
CAD-CC-01340,Prairie National Bank Summit Privilege Travel Card,Prairie National Bank,Bank,Premium Travel,Visa,2016,Active,599,199,60000,758,0.0,2.0,22.64,25.27,Travel Points,3.44,Travel Points,0,1,1,0,0,0,0,1,1,0,1,0,0,0,0,0,0,0,0,0,0,0,0,0,1,1,1,1,0,1,1,1,0,0,1,0,0,0,1,1,1,1,1,1,0,0,0,0,0,80000,0,671,0,0,Travel,Digital,1,1,0,1,1,1,1,1,66.67,33.33,71.43,16.67,33.33,0.0,40.0,75.0,100.0
CAD-CC-01341,Northern Dominion Bank Edge Subscription Rewards Infinite Card,Northern Dominion Bank,Bank,Subscription Rewards,American Express,2023,Active,120,0,15000,728,2.5,3.0,22.19,23.56,Statement Credits,1.32,Cashback Dollars,1,0,0,0,1,1,0,0,0,0,0,0,1,1,0,0,0,0,1,1,0,1,0,1,0,1,0,0,0,0,0,0,0,0,0,0,0,0,0,0,0,0,0,0,1,0,0,0,0,15000,0,98,1,9,Subscription,Lifestyle,1,1,0,0,0,0,0,0,0.0,33.33,14.29,58.33,33.33,0.0,0.0,50.0,0.0
CAD-CC-01342,Laurentian Maple Bank Thrive Rewards Rewards Card,Laurentian Maple Bank,Bank,Rewards,Visa,2021,Active,89,0,30000,644,2.5,3.0,20.52,22.03,Flexible Points,1.28,Flexible Points,1,0,0,0,0,0,0,0,0,0,0,0,1,1,0,0,0,0,0,0,0,0,0,0,1,0,0,0,0,0,0,0,0,0,0,0,1,0,0,1,1,1,1,1,1,0,0,0,0,25000,0,221,1,0,Digital,Lifestyle,1,1,0,0,0,0,0,0,0.0,33.33,85.71,8.33,22.22,0.0,20.0,50.0,0.0
CAD-CC-01343,MapleTrust Bank Flex Cashback Advantage Card,MapleTrust Bank,Bank,Cashback,Visa,2016,Active,89,29,60000,759,2.5,4.0,20.34,22.55,Cashback,1.11,Cashback Dollars,1,0,0,0,0,0,0,0,0,0,0,0,0,0,0,0,0,0,0,0,0,0,1,0,0,0,0,0,0,0,0,0,0,0,0,0,0,0,0,0,1,0,0,0,1,1,0,0,0,0,200,200,0,12,Digital,Cashback,1,1,0,1,0,0,0,0,0.0,16.67,42.86,8.33,0.0,0.0,0.0,75.0,0.0
CAD-CC-01344,Maple Leaf Credit Union North Cashback Preferred Card,Maple Leaf Credit Union,Credit Union,Cashback,Visa,2024,Active,89,0,0,686,3.0,3.0,20.63,23.13,Cashback,2.53,Cashback Dollars,1,0,0,1,0,0,1,0,1,1,0,0,0,1,0,0,0,0,0,0,0,0,0,0,0,0,0,0,0,0,0,0,0,0,0,0,0,0,0,1,0,1,1,0,0,0,0,1,0,0,50,50,0,6,Cashback,Digital,0,0,0,1,0,0,0,0,0.0,83.33,42.86,0.0,44.44,25.0,0.0,25.0,0.0
CAD-CC-01345,Atlantic Community CU Signature Sustainability Advantage Card,Atlantic Community CU,Credit Union,Sustainability,Mastercard,2021,Active,0,0,30000,757,2.5,3.0,22.5,25.62,Cashback,1.62,Cashback Dollars,1,0,1,0,0,0,0,0,0,0,0,0,0,1,1,0,0,0,0,0,0,0,0,0,0,0,0,1,0,0,1,0,0,0,0,1,0,0,0,0,0,1,0,0,0,0,1,1,1,10000,0,83,0,0,Sustainability,Cashback,1,1,1,1,0,0,0,0,22.22,33.33,14.29,0.0,11.11,100.0,20.0,100.0,0.0
CAD-CC-01347,FreshBasket Elevate Rewards Rewards Card,FreshBasket,Retail Partner,Rewards,American Express,2024,Active,99,0,30000,658,2.5,3.5,20.29,21.59,Flexible Points,1.59,Cashback Dollars,0,0,1,0,0,0,1,1,0,1,0,0,0,0,0,0,0,0,0,0,0,0,0,0,0,1,0,0,0,0,0,0,0,0,0,0,1,0,0,1,1,0,1,0,0,0,0,0,0,15000,0,138,1,0,Digital,Cashback,1,1,0,1,0,0,0,0,0.0,50.0,42.86,8.33,33.33,0.0,20.0,75.0,0.0
CAD-CC-01348,UrbanCart Momentum Rewards Essentials Card,UrbanCart,Retail Partner,Rewards,Visa,2018,Active,89,0,30000,633,2.5,2.0,20.86,23.65,Cashback,2.47,Travel Points,0,0,1,1,0,0,1,0,1,0,0,0,1,0,0,0,0,0,0,0,0,0,1,0,0,0,0,1,0,0,0,0,0,0,1,1,0,0,1,1,1,1,0,0,1,1,0,0,0,25000,0,222,1,3,Digital,Cashback,0,1,0,1,0,0,0,0,11.11,33.33,71.43,8.33,33.33,0.0,60.0,50.0,0.0
CAD-CC-01349,MapleMart North Cashback Essentials Card,MapleMart,Retail Partner,Cashback,Visa,2016,Retired,89,50,15000,668,2.0,4.0,20.41,21.85,Cashback,2.15,Cashback Dollars,1,1,0,1,0,0,1,1,1,0,0,0,1,0,0,0,0,0,0,0,0,0,0,0,0,1,0,0,0,0,1,0,0,0,0,0,1,0,0,1,1,1,0,0,1,0,0,0,0,0,200,200,1,0,Cashback,Digital,1,1,0,0,0,0,0,0,22.22,66.67,57.14,8.33,44.44,0.0,20.0,50.0,0.0
CAD-CC-01350,ShopNorth Momentum Cashback World Card,ShopNorth,Retail Partner,Cashback,Visa,2021,Active,0,29,15000,698,2.5,4.0,20.91,23.24,Cashback,1.76,Cashback Dollars,1,0,0,0,0,0,0,1,1,0,0,1,0,1,0,0,0,0,0,0,0,0,0,0,0,0,0,1,0,0,0,0,0,0,1,0,0,1,0,1,0,0,1,1,0,0,0,0,0,0,150,150,0,3,Cashback,Lifestyle,1,1,0,0,0,0,0,0,11.11,66.67,42.86,0.0,44.44,0.0,40.0,50.0,0.0
CAD-CC-01351,HomeBase Canada Flex Lifestyle Rewards World Card,HomeBase Canada,Retail Partner,Lifestyle Rewards,Visa,2023,Active,99,0,60000,715,2.5,2.0,20.41,23.86,Flexible Points,1.56,Flexible Points,0,1,0,1,0,1,0,1,0,0,0,0,1,0,0,0,0,0,0,0,0,0,0,0,1,0,0,0,1,0,0,0,0,0,1,0,0,0,0,1,1,1,0,0,0,0,0,0,0,0,150,150,0,0,Business,Digital,0,1,0,0,0,0,0,0,22.22,16.67,42.86,16.67,22.22,0.0,20.0,25.0,0.0
CAD-CC-01352,FlexiCard Digital Summit Digital First Plus Card,FlexiCard Digital,Fintech,Digital First,Mastercard,2021,Active,120,0,15000,732,2.5,3.0,22.14,23.51,Hybrid Rewards,1.87,Cashback Dollars,1,0,0,1,1,0,0,0,0,0,0,0,0,1,0,0,1,0,0,0,0,0,0,0,0,0,0,0,0,0,0,0,0,0,0,0,1,1,0,1,1,1,1,1,1,1,0,0,0,15000,0,97,1,0,Digital,Cashback,1,1,0,1,0,0,0,0,0.0,33.33,100.0,16.67,11.11,0.0,40.0,75.0,0.0
CAD-CC-01353,Air NorthStar Select Travel Infinite Card,Air NorthStar,Airline Partner,Travel,Mastercard,2021,Active,89,50,30000,747,2.0,3.5,20.29,21.7,Flexible Points,2.12,Travel Points,0,1,1,0,0,0,1,0,0,0,0,0,1,0,0,0,0,0,0,0,0,0,0,1,0,0,0,0,0,1,0,0,0,1,0,0,1,0,0,0,1,1,1,1,0,0,0,0,0,40000,0,316,0,0,Digital,Travel,1,1,0,1,0,1,0,0,33.33,16.67,57.14,8.33,22.22,0.0,20.0,75.0,20.0
CAD-CC-01355,Laurentian Maple Bank Prime Subscription Rewards Plus Card,Laurentian Maple Bank,Bank,Subscription Rewards,Visa,2018,Active,0,30,30000,752,2.5,3.0,21.57,22.91,Statement Credits,1.96,Cashback Dollars,0,0,1,0,1,1,0,0,0,1,0,0,1,0,0,0,0,1,1,0,1,1,1,1,1,0,0,0,0,0,0,0,0,0,0,0,0,0,0,0,0,0,1,1,0,0,0,1,1,15000,0,105,0,0,Subscription,Sustainability,1,1,1,1,0,0,0,0,0.0,16.67,28.57,75.0,33.33,50.0,0.0,100.0,0.0
CAD-CC-01356,Coastline Credit Union Elevate Sustainability Advantage Card,Coastline Credit Union,Credit Union,Sustainability,American Express,2022,Active,0,0,30000,672,2.5,3.5,20.83,22.46,Flexible Points,1.13,Flexible Points,1,0,0,0,0,0,0,0,0,1,0,0,0,0,1,0,0,0,0,0,0,0,0,0,0,0,1,1,0,1,0,0,0,0,0,1,0,0,0,1,0,1,1,0,1,0,1,1,1,25000,0,161,1,9,Sustainability,Digital,1,1,0,0,0,0,0,0,33.33,33.33,57.14,0.0,11.11,100.0,20.0,50.0,20.0
CAD-CC-01358,HomeBase Canada North Rewards Preferred Card,HomeBase Canada,Retail Partner,Rewards,Mastercard,2021,Pilot,0,29,30000,724,2.5,3.5,20.43,22.61,Flexible Points,2.36,Flexible Points,1,1,1,0,0,0,0,1,0,0,0,0,0,0,0,0,0,0,0,0,0,0,0,0,0,0,0,0,0,1,0,0,0,0,0,1,0,0,0,1,0,1,0,1,0,0,1,0,0,10000,0,96,0,0,Cashback,Digital,1,1,0,0,0,0,0,0,22.22,33.33,42.86,0.0,11.11,25.0,20.0,50.0,0.0
CAD-CC-01359,TrueNorth Bank Aurora Subscription Rewards Plus Card,TrueNorth Bank,Bank,Subscription Rewards,American Express,2023,Active,0,0,60000,681,2.5,2.0,21.63,23.11,Statement Credits,1.46,Cashback Dollars,1,0,0,0,1,1,0,0,1,1,0,1,1,0,0,0,0,0,0,1,1,1,0,1,1,0,0,0,0,0,0,0,0,0,0,0,1,0,0,0,1,0,0,0,1,0,0,0,0,10000,0,70,0,3,Subscription,Lifestyle,1,1,1,1,0,0,0,0,0.0,50.0,28.57,58.33,55.56,0.0,20.0,100.0,0.0
CAD-CC-01360,TrueNorth Bank Aurora Digital First Infinite Card,TrueNorth Bank,Bank,Digital First,Mastercard,2016,Active,0,15,15000,631,2.5,2.0,21.8,24.87,Hybrid Rewards,1.94,Cashback Dollars,1,0,0,0,1,1,0,1,1,1,0,0,0,0,0,0,0,1,1,0,1,0,0,1,0,0,0,0,0,1,0,0,0,0,0,0,1,0,1,1,1,1,1,1,1,1,0,0,0,10000,0,98,0,6,Digital,Cashback,1,1,0,1,0,0,0,0,11.11,66.67,100.0,50.0,33.33,0.0,40.0,75.0,0.0
CAD-CC-01361,MapleAir Elevate Travel Rewards Card,MapleAir,Airline Partner,Travel,Mastercard,2023,Active,89,0,30000,712,2.5,3.5,20.65,21.67,Travel Points,1.86,Travel Points,0,1,1,0,0,0,0,1,0,0,0,0,0,0,0,0,0,0,0,0,0,0,0,1,1,0,1,0,0,1,1,0,0,0,0,1,1,0,0,1,0,1,1,1,1,0,0,0,0,15000,0,106,0,9,Digital,Travel,1,1,0,0,1,0,0,0,44.44,16.67,71.43,16.67,11.11,0.0,40.0,50.0,40.0
CAD-CC-01362,Northern Lights CU Flex Cashback World Card,Northern Lights CU,Credit Union,Cashback,Visa,2017,Active,39,0,0,708,2.5,3.0,20.8,24.27,Cashback,1.11,Cashback Dollars,1,0,0,0,0,0,1,0,1,0,0,0,0,0,0,0,0,0,0,0,0,0,0,0,0,0,0,0,0,0,0,0,0,0,0,0,0,0,0,0,1,0,1,0,0,0,0,0,0,0,100,100,1,3,Cashback,Digital,1,1,1,0,0,0,0,0,0.0,50.0,28.57,0.0,22.22,0.0,0.0,75.0,0.0
CAD-CC-01363,Laurentian Maple Bank Voyage Cashback Card,Laurentian Maple Bank,Bank,Cashback,Mastercard,2021,Active,0,29,30000,638,2.5,2.0,21.95,24.91,Cashback,2.73,Cashback Dollars,1,0,0,0,0,0,0,0,1,0,0,0,0,0,0,0,0,0,0,0,0,0,1,0,0,0,0,0,0,0,1,0,0,0,1,0,0,0,0,1,1,1,1,1,1,0,0,0,0,0,50,50,0,0,Digital,Cashback,1,0,1,0,0,0,0,0,11.11,33.33,85.71,8.33,11.11,0.0,20.0,50.0,0.0
CAD-CC-01364,Harbour Financial Thrive Digital First Rewards Card,Harbour Financial,Bank,Digital First,Mastercard,2015,Active,0,0,30000,636,2.5,2.0,22.46,25.44,Hybrid Rewards,1.46,Flexible Points,1,1,0,0,1,1,0,0,0,0,0,0,0,0,0,0,1,0,0,1,0,0,0,1,0,0,0,0,0,0,0,0,0,0,1,1,1,1,1,1,1,1,1,0,0,1,0,0,1,10000,0,70,0,0,Digital,Subscription,1,1,1,0,0,0,0,0,11.11,16.67,71.43,41.67,0.0,25.0,100.0,75.0,0.0
CAD-CC-01365,CanStyle Retail Signature Subscription Rewards World Card,CanStyle Retail,Retail Partner,Subscription Rewards,Visa,2025,Active,0,0,0,643,2.5,4.0,21.49,23.36,Statement Credits,1.92,Cashback Dollars,0,0,0,1,1,1,0,0,0,0,0,1,0,0,0,0,0,0,0,1,1,1,1,0,0,1,0,0,0,0,0,0,0,0,1,0,1,0,0,0,1,1,1,1,0,0,0,0,0,15000,0,107,0,6,Subscription,Digital,0,1,0,0,0,0,0,0,0.0,0.0,57.14,58.33,22.22,0.0,40.0,25.0,0.0
CAD-CC-01366,HomeBase Canada Maple Lifestyle Rewards Rewards Card,HomeBase Canada,Retail Partner,Lifestyle Rewards,Visa,2026,Active,99,0,60000,665,2.5,3.0,20.17,23.44,Cashback,2.57,Cashback Dollars,0,0,1,0,0,0,0,1,0,0,0,0,1,1,0,0,0,1,0,0,0,0,0,0,0,1,0,0,0,0,0,0,0,0,0,1,0,0,1,1,0,0,1,0,0,0,0,0,0,10000,0,65,1,6,Lifestyle,Cashback,1,0,0,0,0,0,0,0,0.0,33.33,28.57,16.67,33.33,0.0,40.0,25.0,0.0
CAD-CC-01369,FreshBasket Flex Rewards Card,FreshBasket,Retail Partner,Rewards,Mastercard,2022,Active,0,0,30000,659,2.5,4.0,21.58,23.95,Hybrid Rewards,1.8,Flexible Points,0,0,1,1,0,0,0,0,1,0,0,0,0,0,0,0,0,0,0,0,0,0,0,0,0,0,0,0,0,0,0,0,0,0,1,1,0,1,0,1,0,1,1,1,1,0,0,0,0,0,50,50,0,6,Digital,Cashback,1,0,1,1,0,0,0,0,0.0,16.67,71.43,0.0,11.11,0.0,60.0,75.0,0.0
CAD-CC-01370,Prairie National Bank Select Subscription Rewards Essentials Card,Prairie National Bank,Bank,Subscription Rewards,Visa,2026,Active,49,0,15000,752,2.0,4.0,22.93,26.12,Statement Credits,1.82,Cashback Dollars,0,0,0,0,1,1,0,0,0,0,0,0,1,0,0,0,1,1,0,1,1,0,1,1,1,1,0,0,0,0,0,0,0,0,0,1,1,0,0,1,1,0,0,0,0,0,0,0,1,10000,0,99,0,9,Subscription,Digital,1,1,1,0,0,0,0,0,0.0,0.0,28.57,83.33,11.11,25.0,40.0,75.0,0.0
CAD-CC-01371,VoyagePlus Aurora Privilege Travel Essentials Card,VoyagePlus,Travel Partner,Premium Travel,Mastercard,2016,Active,699,149,60000,746,2.5,3.5,22.18,23.41,Flexible Points,3.1,Flexible Points,1,1,1,0,0,0,0,1,0,0,0,0,0,1,0,0,0,0,0,0,0,0,0,0,1,0,0,1,1,1,1,0,1,1,1,0,0,0,0,1,1,0,1,0,0,0,0,0,0,50000,0,661,0,6,Travel,Cashback,1,1,0,0,1,1,1,1,77.78,50.0,42.86,8.33,22.22,0.0,20.0,50.0,80.0
CAD-CC-01372,Air NorthStar Everyday Travel Plus Card,Air NorthStar,Airline Partner,Travel,American Express,2015,Active,89,29,30000,767,2.5,3.0,20.87,22.96,Travel Points,1.53,Loyalty Miles,0,1,1,0,0,0,0,1,0,0,1,0,0,1,0,0,0,0,0,0,0,0,0,0,0,0,1,0,1,1,0,0,0,0,0,0,0,0,0,1,0,0,0,1,1,0,0,0,0,20000,0,144,1,9,Business,Lifestyle,1,1,0,0,0,0,0,0,44.44,33.33,42.86,0.0,33.33,0.0,0.0,50.0,20.0
CAD-CC-01373,Atlantic Community CU Thrive Cashback World Card,Atlantic Community CU,Credit Union,Cashback,American Express,2016,Active,99,0,0,656,2.0,3.0,22.75,23.9,Cashback,1.48,Cashback Dollars,1,1,0,0,0,0,1,0,1,0,0,0,0,1,0,0,0,0,0,0,0,0,0,0,0,0,0,0,0,0,0,0,0,0,0,0,1,1,0,1,0,1,0,0,1,0,0,0,0,0,50,50,0,6,Cashback,Digital,1,1,0,1,0,0,0,0,11.11,66.67,42.86,0.0,33.33,0.0,40.0,75.0,0.0
CAD-CC-01374,BrightSpend Thrive Balance Transfer World Card,BrightSpend,Fintech,Balance Transfer,Visa,2021,Active,29,20,0,712,0.0,4.0,14.97,16.78,Hybrid Rewards,0.45,Cashback Dollars,0,0,0,1,1,0,0,0,0,0,0,0,0,0,0,1,0,0,0,0,0,0,0,0,0,0,0,0,0,0,0,1,0,0,0,0,0,0,1,1,0,0,1,1,0,1,0,1,0,15000,0,128,0,6,Student,Digital,1,1,0,0,0,0,0,0,11.11,0.0,57.14,8.33,0.0,25.0,20.0,50.0,0.0
CAD-CC-01375,NorthPay Labs Signature Balance Transfer Card,NorthPay Labs,Fintech,Balance Transfer,Mastercard,2026,Active,39,0,30000,725,2.5,2.0,13.35,14.7,Statement Credits,0.38,Cashback Dollars,0,0,0,0,0,0,0,0,0,0,0,0,0,0,0,0,0,0,0,0,0,0,0,0,0,0,0,0,0,0,0,0,0,0,0,0,1,0,1,1,0,1,1,1,0,0,0,0,0,0,150,150,0,0,Digital,Cashback,0,1,1,0,0,0,0,0,0.0,0.0,57.14,0.0,0.0,0.0,40.0,50.0,0.0
CAD-CC-01376,HotelMaple Group Thrive Travel World Card,HotelMaple Group,Travel Partner,Travel,Visa,2016,Active,150,29,60000,776,2.0,3.5,20.95,23.87,Travel Points,1.75,Loyalty Miles,0,1,1,1,0,0,0,1,0,1,0,0,0,1,0,0,0,1,0,0,0,0,0,0,0,0,0,1,1,0,0,0,0,1,0,0,1,0,1,0,0,0,0,0,0,0,0,0,0,40000,0,280,0,9,Lifestyle,Travel,0,1,0,0,0,0,0,0,44.44,50.0,0.0,8.33,33.33,0.0,40.0,25.0,0.0
CAD-CC-01379,CanadaJet Rewards North Travel Plus Card,CanadaJet Rewards,Airline Partner,Travel,Mastercard,2019,Active,120,29,60000,772,2.5,4.0,21.47,24.85,Travel Points,1.64,Flexible Points,0,1,1,0,0,0,0,0,0,1,1,0,1,0,0,0,0,0,0,0,0,0,0,0,0,1,0,1,1,0,0,0,1,1,0,0,1,0,0,1,0,1,1,1,0,0,0,0,0,15000,0,139,1,0,Digital,Travel,1,1,0,1,0,0,1,1,55.56,16.67,57.14,8.33,33.33,0.0,20.0,75.0,40.0
CAD-CC-01380,HomeBase Canada North Rewards Preferred Card,HomeBase Canada,Retail Partner,Rewards,American Express,2025,Active,39,29,30000,643,2.5,2.0,21.62,23.32,Cashback,1.31,Flexible Points,0,1,1,0,0,1,1,1,0,0,0,0,1,0,0,0,0,0,0,0,0,0,0,0,0,0,0,0,1,0,0,0,0,0,0,0,1,0,0,0,1,0,1,1,0,0,0,0,0,0,150,150,0,3,Digital,Cashback,1,1,0,1,0,0,0,0,22.22,33.33,42.86,8.33,33.33,0.0,20.0,75.0,0.0
CAD-CC-01381,Northern Dominion Bank Thrive Digital First World Card,Northern Dominion Bank,Bank,Digital First,Mastercard,2018,Active,0,30,0,736,2.5,3.5,22.54,24.54,Hybrid Rewards,1.5,Flexible Points,1,0,1,0,1,0,0,0,0,0,0,0,0,1,0,0,0,0,0,0,0,0,0,0,0,0,0,0,0,0,0,0,1,0,1,0,1,1,1,1,1,1,1,1,1,1,0,0,0,10000,0,98,0,12,Digital,Cashback,1,1,0,0,0,0,0,0,11.11,33.33,100.0,8.33,11.11,0.0,80.0,50.0,0.0
CAD-CC-01383,ShopNorth Elevate Rewards Card,ShopNorth,Retail Partner,Rewards,American Express,2018,Active,99,29,60000,700,0.0,3.0,22.27,23.5,Hybrid Rewards,0.9,Flexible Points,1,0,1,0,0,0,0,1,0,1,1,0,0,0,0,0,0,0,0,0,0,0,0,0,0,0,0,0,0,0,0,1,0,0,0,0,0,1,0,0,1,0,1,0,1,0,0,0,0,10000,0,68,0,0,Lifestyle,Digital,1,1,0,0,0,0,0,0,11.11,50.0,42.86,0.0,33.33,0.0,20.0,50.0,0.0
CAD-CC-01384,NorthPay Labs Momentum Student Preferred Card,NorthPay Labs,Fintech,Student,Mastercard,2018,Active,25,10,0,580,2.5,3.5,21.5,24.35,Cashback,0.89,Cashback Dollars,0,0,0,1,0,0,0,0,1,0,0,0,0,0,0,1,0,0,0,0,0,1,1,0,0,0,0,0,0,0,0,0,0,0,1,1,0,0,1,1,0,1,1,1,1,0,0,0,0,0,50,50,0,0,Student,Digital,1,1,0,0,0,0,0,0,0.0,16.67,71.43,16.67,22.22,0.0,60.0,50.0,0.0
CAD-CC-01385,Air NorthStar Maple Privilege Travel Explorer Card,Air NorthStar,Airline Partner,Premium Travel,Mastercard,2022,Active,599,175,80000,802,2.5,3.5,21.26,24.04,Travel Points,1.36,Travel Points,0,1,1,1,0,0,0,0,1,1,0,0,0,0,0,0,1,0,0,0,0,0,0,0,0,0,1,1,1,1,1,0,0,1,0,0,1,0,1,1,0,1,0,0,0,0,0,0,1,90000,0,1135,1,0,Travel,Digital,0,1,0,1,0,0,1,0,77.78,33.33,28.57,8.33,22.22,25.0,40.0,50.0,40.0
CAD-CC-01386,Capital Crown Bank Select Digital First Card,Capital Crown Bank,Bank,Digital First,Mastercard,2026,Active,0,0,60000,729,2.5,2.0,21.67,24.34,Cashback,1.58,Flexible Points,1,0,1,0,0,1,0,0,0,0,0,0,0,0,0,0,1,1,0,0,0,1,0,1,0,0,0,0,0,0,0,0,0,0,1,0,1,1,0,1,1,1,1,1,1,1,0,0,0,25000,0,156,0,0,Digital,Subscription,1,1,1,1,0,0,0,0,0.0,16.67,100.0,41.67,11.11,0.0,60.0,100.0,0.0
CAD-CC-01387,Prairie Community CU Thrive Cashback Card,Prairie Community CU,Credit Union,Cashback,Visa,2016,Active,0,29,30000,659,2.5,2.0,20.68,23.41,Cashback,1.91,Cashback Dollars,1,0,0,1,0,0,1,1,1,0,0,1,0,0,0,0,0,0,0,0,0,0,0,0,0,0,0,0,0,0,0,0,0,1,0,0,1,1,0,1,1,0,1,0,0,0,0,0,1,0,200,200,0,9,Cashback,Digital,1,1,0,0,0,0,0,0,11.11,66.67,42.86,0.0,44.44,25.0,40.0,50.0,0.0
CAD-CC-01388,Prairie National Bank Maple Balance Transfer Card,Prairie National Bank,Bank,Balance Transfer,American Express,2015,Active,20,10,15000,715,2.5,3.0,17.39,20.38,Statement Credits,1.06,Cashback Dollars,1,0,0,0,0,0,0,0,0,0,0,0,0,0,0,1,0,0,0,0,0,0,0,0,0,0,0,0,0,0,0,0,0,0,0,1,1,0,1,1,1,1,0,1,0,1,0,1,1,25000,0,216,1,0,Student,Digital,1,1,0,0,0,0,0,0,0.0,16.67,71.43,0.0,0.0,50.0,60.0,50.0,0.0
CAD-CC-01389,MapleTrust Bank Flex Student Preferred Card,MapleTrust Bank,Bank,Student,Visa,2024,Active,0,0,0,587,2.5,4.0,22.22,25.49,Hybrid Rewards,1.4,Cashback Dollars,0,0,0,1,0,0,0,0,0,0,0,0,0,0,1,1,1,0,0,0,0,0,0,0,0,1,0,0,0,0,0,0,0,0,1,1,0,1,0,0,1,1,0,0,1,0,0,0,0,0,50,50,0,0,Student,Digital,0,1,0,1,0,0,0,0,0.0,0.0,42.86,16.67,0.0,25.0,60.0,50.0,0.0
CAD-CC-01391,PayWave Canada Everyday Cashback Preferred Card,PayWave Canada,Fintech,Cashback,Visa,2020,Active,99,0,60000,721,3.0,2.0,21.35,22.6,Cashback,1.3,Cashback Dollars,1,0,1,0,0,0,1,1,0,0,0,0,0,0,0,0,0,0,0,1,0,0,0,0,0,1,0,0,0,0,1,0,0,0,0,0,0,0,0,1,1,1,1,1,1,0,0,0,0,0,100,100,0,0,Business,Digital,1,1,0,1,0,0,0,0,11.11,50.0,85.71,16.67,22.22,0.0,0.0,75.0,0.0
CAD-CC-01392,MapleTrust Bank Thrive Cashback Essentials Card,MapleTrust Bank,Bank,Cashback,Mastercard,2017,Active,0,0,15000,625,2.5,3.5,20.99,22.5,Cashback,1.33,Cashback Dollars,1,0,0,0,0,0,1,1,0,0,0,0,0,0,0,0,0,1,0,0,0,0,0,0,0,0,0,0,0,0,0,0,0,0,0,0,0,0,1,0,1,1,0,1,0,0,0,0,0,0,150,150,0,0,Cashback,Digital,1,1,0,0,0,0,0,0,0.0,50.0,42.86,8.33,22.22,0.0,20.0,50.0,0.0
CAD-CC-01393,PocketCredit Aurora Digital First Plus Card,PocketCredit,Fintech,Digital First,Mastercard,2024,Active,0,50,0,698,2.5,4.0,20.59,23.95,Hybrid Rewards,0.79,Flexible Points,1,0,1,0,1,0,1,0,1,1,0,0,0,0,0,0,1,1,0,0,0,0,1,1,0,0,0,0,0,0,0,0,0,0,1,0,1,0,1,1,1,1,1,0,1,1,0,0,1,25000,0,188,0,0,Digital,Cashback,1,0,0,0,0,0,0,0,0.0,66.67,85.71,41.67,33.33,25.0,60.0,25.0,0.0
CAD-CC-01395,Prairie National Bank Select Low Interest Explorer Card,Prairie National Bank,Bank,Low Interest,Mastercard,2021,Active,29,20,0,652,2.5,3.0,14.25,16.11,Hybrid Rewards,0.59,Cashback Dollars,1,0,0,1,1,0,0,0,0,0,1,0,0,0,0,0,0,0,0,0,0,0,0,0,0,0,0,0,0,0,0,0,0,0,1,0,1,0,1,0,1,1,1,1,1,0,0,0,0,0,25,25,1,0,Digital,Cashback,0,1,0,0,0,0,0,0,0.0,16.67,71.43,8.33,11.11,0.0,60.0,25.0,0.0
CAD-CC-01396,Capital Crown Bank Momentum Digital First Essentials Card,Capital Crown Bank,Bank,Digital First,Visa,2015,Active,0,0,30000,726,2.5,3.5,22.25,23.39,Hybrid Rewards,1.64,Cashback Dollars,1,0,1,0,1,1,1,0,0,0,0,1,0,1,0,0,0,1,1,1,0,0,0,0,0,0,1,0,0,0,0,0,0,0,0,1,0,1,1,1,1,1,1,1,1,1,0,0,0,15000,0,110,1,0,Digital,Cashback,1,0,0,1,0,0,0,0,11.11,50.0,100.0,41.67,33.33,0.0,60.0,50.0,20.0
CAD-CC-01397,ShopNorth Prime Cashback Card,ShopNorth,Retail Partner,Cashback,Mastercard,2024,Active,120,29,60000,683,2.5,4.0,22.9,24.08,Cashback,2.87,Cashback Dollars,1,0,0,1,0,0,1,0,0,0,0,0,0,1,0,0,0,0,0,0,0,0,0,0,0,0,0,1,0,0,0,0,0,0,0,0,1,1,0,1,1,0,0,0,0,0,0,0,0,0,50,50,0,3,Cashback,Digital,1,1,1,1,0,0,0,0,11.11,50.0,28.57,0.0,22.22,0.0,40.0,100.0,0.0
CAD-CC-01398,BrightSpend Edge Student Explorer Card,BrightSpend,Fintech,Student,Mastercard,2018,Active,0,0,0,624,2.5,2.0,21.69,24.99,Cashback,1.77,Flexible Points,0,0,0,0,0,0,1,0,0,0,0,0,0,0,0,1,1,0,0,0,1,1,0,0,0,1,0,0,0,0,0,0,0,0,1,1,1,0,1,1,1,0,1,1,1,0,0,0,1,0,75,75,0,0,Student,Digital,1,0,0,1,0,0,0,0,0.0,16.67,71.43,33.33,22.22,25.0,80.0,50.0,0.0
CAD-CC-01399,Northern Dominion Bank Everyday Subscription Rewards Rewards Card,Northern Dominion Bank,Bank,Subscription Rewards,Mastercard,2025,Active,89,15,0,699,0.0,3.0,21.25,22.71,Statement Credits,1.36,Cashback Dollars,0,0,0,0,1,1,0,0,0,1,0,1,1,0,0,0,0,1,1,1,1,1,1,1,1,1,0,0,0,0,0,1,0,0,1,1,0,0,0,1,1,1,0,0,0,0,0,0,0,10000,0,81,0,0,Subscription,Lifestyle,0,1,0,1,0,0,0,0,11.11,16.67,42.86,91.67,44.44,0.0,40.0,50.0,0.0
CAD-CC-01400,Laurentian Maple Bank Everyday Balance Transfer Rewards Card,Laurentian Maple Bank,Bank,Balance Transfer,Visa,2020,Active,29,0,30000,701,3.0,3.0,15.97,17.77,Cashback,0.54,Cashback Dollars,0,0,0,1,0,0,0,0,0,0,0,0,0,0,0,0,0,0,1,0,0,0,0,0,0,0,0,0,0,0,0,0,0,0,1,0,1,1,1,1,1,1,1,1,0,0,0,0,0,10000,0,93,0,12,Digital,Subscription,1,1,0,0,0,0,0,0,0.0,0.0,71.43,8.33,0.0,0.0,80.0,50.0,0.0
CAD-CC-01401,FreshBasket Everyday Cashback Plus Card,FreshBasket,Retail Partner,Cashback,Mastercard,2022,Active,0,50,80000,750,2.5,3.5,21.83,23.98,Cashback,2.11,Cashback Dollars,1,0,0,0,0,0,1,0,0,0,0,0,0,1,0,0,0,0,0,0,1,0,1,0,0,0,0,0,0,0,0,0,0,0,0,0,0,1,0,0,1,0,1,0,1,0,0,0,0,0,100,100,0,6,Cashback,Digital,1,1,0,0,0,0,0,0,0.0,50.0,42.86,16.67,22.22,0.0,20.0,50.0,0.0
CAD-CC-01402,Maple Leaf Credit Union Aurora Cashback Rewards Card,Maple Leaf Credit Union,Credit Union,Cashback,American Express,2016,Active,89,29,30000,657,2.5,2.0,21.59,22.72,Cashback,1.58,Cashback Dollars,1,0,1,0,0,1,1,1,1,0,0,0,1,0,0,0,0,0,0,0,0,0,0,0,0,0,0,0,0,0,0,0,0,0,0,0,1,0,0,0,0,1,0,0,0,0,0,0,0,0,100,100,1,3,Cashback,Lifestyle,0,1,0,0,0,0,0,0,0.0,66.67,14.29,8.33,44.44,0.0,20.0,25.0,0.0
CAD-CC-01403,MapleTrust Bank Platinum Cashback Infinite Card,MapleTrust Bank,Bank,Cashback,Mastercard,2019,Active,99,0,0,717,2.5,3.5,20.09,22.8,Cashback,1.59,Cashback Dollars,1,0,0,0,0,0,1,1,1,0,0,0,1,1,0,0,0,0,1,0,0,0,0,0,0,0,0,0,0,0,0,0,0,0,1,0,0,1,0,1,1,1,1,0,0,0,0,0,1,0,150,150,0,6,Cashback,Lifestyle,1,1,0,1,0,0,0,0,0.0,83.33,57.14,8.33,55.56,25.0,40.0,75.0,0.0
CAD-CC-01404,MapleTrust Bank Aurora Low Interest Rewards Card,MapleTrust Bank,Bank,Low Interest,Visa,2018,Active,39,10,15000,649,2.0,2.0,11.04,12.21,Cashback,1.0,Cashback Dollars,0,0,1,1,0,0,0,0,1,0,1,0,0,0,0,0,0,0,0,0,0,0,0,0,0,0,0,0,0,0,0,0,0,0,1,1,0,1,0,0,1,1,1,0,0,0,0,0,0,0,25,25,0,0,Digital,Cashback,1,1,0,1,0,0,0,0,0.0,16.67,42.86,0.0,22.22,0.0,60.0,75.0,0.0
CAD-CC-01405,Ontario Mutual CU Platinum Low Interest Card,Ontario Mutual CU,Credit Union,Low Interest,Mastercard,2026,Retired,29,10,12000,655,2.5,4.0,9.85,11.14,Cashback,0.75,Cashback Dollars,0,0,0,0,1,1,0,0,0,0,0,0,0,0,0,0,0,0,0,0,0,1,0,0,0,0,0,0,0,0,0,0,0,0,1,0,1,0,0,0,1,1,0,0,0,0,1,0,0,0,50,50,0,0,Digital,Subscription,1,1,0,0,0,0,0,0,0.0,0.0,28.57,25.0,11.11,25.0,40.0,50.0,0.0
CAD-CC-01407,HotelMaple Group Signature Privilege Travel Card,HotelMaple Group,Travel Partner,Premium Travel,Mastercard,2023,Active,499,99,100000,793,2.5,3.5,20.29,23.17,Travel Points,2.12,Loyalty Miles,0,1,1,0,0,0,0,0,0,1,0,0,0,1,0,0,0,0,0,0,0,0,0,0,0,0,1,0,1,1,1,0,1,0,0,0,1,0,0,0,1,0,1,1,1,0,0,0,0,90000,0,942,0,6,Travel,Digital,1,1,1,0,0,1,1,0,66.67,33.33,57.14,0.0,22.22,0.0,20.0,75.0,60.0
CAD-CC-01408,Laurentian Maple Bank Select Rewards World Card,Laurentian Maple Bank,Bank,Rewards,Visa,2016,Active,0,29,60000,639,2.5,3.0,21.36,22.51,Cashback,2.29,Travel Points,0,1,1,1,0,0,1,1,0,0,1,0,0,1,0,0,0,0,0,0,0,0,0,0,0,0,0,0,0,0,0,0,0,0,0,1,0,0,0,0,0,1,0,0,1,0,0,0,0,0,50,50,0,6,Cashback,Lifestyle,1,1,1,1,0,0,0,0,11.11,50.0,28.57,0.0,44.44,0.0,20.0,100.0,0.0
CAD-CC-01409,NorthPay Labs Maple Digital First Essentials Card,NorthPay Labs,Fintech,Digital First,American Express,2020,Active,120,15,60000,646,2.0,4.0,22.95,26.19,Cashback,1.54,Flexible Points,0,0,0,0,0,1,0,0,1,0,0,0,0,0,0,0,1,0,0,1,0,0,1,0,0,0,0,0,0,0,0,0,0,0,1,0,0,1,1,1,1,1,1,0,1,1,0,0,1,10000,0,78,0,0,Digital,Subscription,1,1,1,1,1,1,0,0,0.0,16.67,85.71,33.33,11.11,25.0,60.0,100.0,40.0
CAD-CC-01410,Prairie National Bank Prime Balance Transfer Plus Card,Prairie National Bank,Bank,Balance Transfer,Visa,2017,Active,0,20,15000,625,2.5,4.0,16.52,18.0,Cashback,0.25,Cashback Dollars,0,1,0,0,0,0,1,0,1,0,0,0,0,0,0,0,0,0,0,0,0,0,0,0,0,0,0,0,0,0,0,0,0,0,0,0,0,0,1,1,0,0,0,0,1,0,0,0,0,10000,0,72,1,0,Cashback,Digital,1,1,0,1,0,0,0,0,11.11,33.33,28.57,0.0,22.22,0.0,20.0,75.0,0.0
CAD-CC-01411,Harbour Financial Aurora Travel Plus Card,Harbour Financial,Bank,Travel,American Express,2023,Active,89,0,30000,683,2.5,4.0,21.73,24.15,Flexible Points,1.18,Travel Points,1,1,1,0,0,0,1,0,0,0,1,0,0,1,0,0,0,0,0,0,0,0,0,0,0,0,0,1,0,1,0,0,0,0,0,1,1,0,0,1,0,1,1,0,0,0,0,1,0,10000,0,73,0,0,Cashback,Digital,0,1,0,0,0,0,0,0,33.33,50.0,42.86,0.0,33.33,25.0,40.0,25.0,0.0
CAD-CC-01412,BrightSpend Select Cashback Infinite Card,BrightSpend,Fintech,Cashback,Mastercard,2020,Active,89,29,0,760,2.5,3.0,21.64,23.63,Cashback,1.6,Cashback Dollars,1,1,0,1,0,0,1,1,0,0,0,0,0,0,0,1,0,0,0,1,0,0,0,0,0,0,0,1,0,0,1,0,0,0,1,1,1,0,0,1,1,1,1,1,1,0,0,1,0,0,50,50,0,0,Student,Digital,1,1,0,1,0,0,0,0,33.33,50.0,85.71,8.33,22.22,25.0,60.0,75.0,0.0
CAD-CC-01414,MapleAir Platinum Privilege Travel Plus Card,MapleAir,Airline Partner,Premium Travel,Visa,2018,Active,499,149,60000,751,0.0,3.0,21.79,23.03,Travel Points,2.37,Travel Points,1,1,1,0,0,0,0,1,0,0,0,0,0,0,0,0,0,0,0,0,0,0,0,0,0,0,1,1,1,1,1,1,1,0,0,0,1,0,0,1,0,1,1,0,1,0,0,0,0,50000,0,451,0,12,Travel,Digital,1,1,0,1,1,1,1,1,88.89,33.33,57.14,0.0,11.11,0.0,20.0,75.0,100.0
CAD-CC-01415,Harbour Financial Elevate Student Advantage Card,Harbour Financial,Bank,Student,Mastercard,2015,Active,0,10,0,681,2.5,3.0,21.88,24.08,Cashback,1.9,Cashback Dollars,0,1,0,0,0,1,0,0,1,0,0,0,0,0,0,1,0,0,0,0,0,0,0,0,0,0,0,0,0,0,0,0,0,0,0,1,1,1,1,0,0,1,1,0,0,0,0,1,0,0,25,25,0,0,Student,Digital,1,1,0,1,0,0,0,0,11.11,16.67,28.57,8.33,11.11,25.0,80.0,75.0,0.0
CAD-CC-01416,Laurentian Maple Bank Platinum Privilege Travel Card,Laurentian Maple Bank,Bank,Premium Travel,Visa,2016,Active,399,99,150000,802,0.0,3.5,21.24,22.61,Flexible Points,2.37,Travel Points,0,1,1,0,0,0,0,0,0,0,0,0,0,0,0,0,0,0,0,0,0,0,0,0,0,0,1,1,1,0,1,1,1,1,0,1,1,0,0,0,0,1,1,1,0,0,0,0,0,70000,0,769,0,3,Travel,Digital,1,1,0,1,1,1,0,1,88.89,0.0,42.86,0.0,0.0,0.0,40.0,75.0,80.0
CAD-CC-01418,NorthPay Labs Elevate Cashback Rewards Card,NorthPay Labs,Fintech,Cashback,Visa,2024,Active,0,0,15000,634,3.0,3.0,20.23,22.45,Cashback,0.81,Cashback Dollars,1,1,0,0,0,0,1,0,1,1,0,1,0,1,0,0,0,0,0,0,0,0,0,0,0,0,0,0,0,0,0,0,0,0,1,0,0,0,0,0,1,1,1,0,1,0,0,0,0,0,100,100,0,0,Cashback,Digital,1,1,0,1,0,0,0,0,11.11,83.33,57.14,0.0,55.56,0.0,20.0,75.0,0.0
CAD-CC-01419,FreshBasket Edge Rewards Rewards Card,FreshBasket,Retail Partner,Rewards,American Express,2020,Active,39,0,60000,634,2.5,3.0,21.39,24.43,Flexible Points,0.95,Travel Points,0,0,1,1,0,0,1,1,0,0,0,0,0,0,0,1,0,0,0,0,0,0,0,0,0,0,0,0,0,0,0,0,0,0,0,0,1,0,0,1,1,0,1,0,0,0,0,0,0,15000,0,94,1,0,Student,Digital,0,1,0,1,0,0,0,0,0.0,33.33,42.86,0.0,22.22,0.0,20.0,50.0,0.0
CAD-CC-01421,TrueNorth Bank Signature Subscription Rewards World Card,TrueNorth Bank,Bank,Subscription Rewards,Mastercard,2021,Active,49,15,30000,673,3.0,3.5,20.52,21.88,Statement Credits,1.62,Cashback Dollars,1,0,0,0,1,1,1,0,0,0,0,0,0,0,0,0,0,0,0,1,1,1,1,0,1,0,0,0,0,0,0,0,0,0,0,0,1,1,0,1,1,0,1,0,1,0,0,0,0,25000,0,201,0,3,Business,Subscription,0,1,0,1,0,0,0,0,0.0,33.33,57.14,58.33,22.22,0.0,40.0,50.0,0.0
CAD-CC-01422,Prairie National Bank Maple Rewards Infinite Card,Prairie National Bank,Bank,Rewards,Visa,2024,Active,99,0,15000,685,2.5,3.5,22.18,23.44,Flexible Points,2.5,Flexible Points,1,0,0,0,0,0,1,0,0,1,0,0,0,0,0,0,0,0,0,0,0,0,0,0,0,0,0,0,0,0,0,0,0,0,0,0,0,0,0,0,1,1,0,1,0,0,0,0,0,25000,0,219,0,0,Cashback,Digital,1,1,1,0,0,0,0,0,0.0,50.0,42.86,0.0,22.22,0.0,0.0,75.0,0.0
CAD-CC-01423,Atlantic Community CU Summit Rewards Infinite Card,Atlantic Community CU,Credit Union,Rewards,American Express,2023,Active,99,29,0,684,2.5,3.0,20.01,23.47,Flexible Points,2.23,Flexible Points,0,1,1,0,0,0,0,0,0,0,0,0,1,0,0,0,0,0,0,0,0,0,0,0,0,0,0,0,0,0,0,0,0,0,0,0,0,0,0,1,1,1,1,0,0,0,0,1,1,25000,0,168,0,6,Digital,Sustainability,1,1,0,0,0,0,0,0,11.11,0.0,57.14,0.0,11.11,50.0,0.0,50.0,0.0
CAD-CC-01424,Prairie National Bank Signature Low Interest World Card,Prairie National Bank,Bank,Low Interest,Mastercard,2019,Active,39,0,30000,643,2.0,3.5,11.33,13.93,Statement Credits,0.59,Cashback Dollars,0,0,0,1,0,0,0,1,1,0,0,0,0,0,0,0,0,0,0,1,0,0,0,0,0,0,0,0,1,0,0,0,0,0,0,1,0,0,1,1,1,1,0,1,0,0,0,0,0,0,50,50,1,0,Digital,Cashback,1,1,1,1,0,0,0,0,11.11,33.33,57.14,8.33,22.22,0.0,40.0,100.0,0.0
CAD-CC-01425,Prairie National Bank Prime Low Interest World Card,Prairie National Bank,Bank,Low Interest,Visa,2016,Active,59,0,15000,713,2.5,2.0,9.31,12.74,Cashback,0.93,Cashback Dollars,0,0,0,1,0,0,0,0,0,0,0,0,1,0,0,0,0,1,0,0,0,0,0,0,0,0,0,0,0,0,0,0,0,0,1,1,0,0,0,0,1,1,1,0,0,0,1,0,0,0,50,50,0,0,Digital,Sustainability,1,1,0,1,0,0,0,0,0.0,0.0,42.86,8.33,11.11,25.0,40.0,75.0,0.0
CAD-CC-01426,MapleMart Edge Cashback Advantage Card,MapleMart,Retail Partner,Cashback,Mastercard,2024,Active,99,29,60000,718,2.5,4.0,22.88,25.73,Cashback,2.65,Cashback Dollars,1,0,0,0,0,0,1,1,1,0,0,0,0,1,0,0,0,0,0,0,0,0,0,0,0,0,0,1,0,0,0,0,0,0,1,1,0,0,0,0,1,1,1,0,1,0,0,0,0,0,50,50,0,12,Cashback,Digital,1,1,0,0,0,0,0,0,11.11,83.33,57.14,0.0,44.44,0.0,40.0,50.0,0.0
CAD-CC-01427,MapleTrust Bank Prime Privilege Travel Preferred Card,MapleTrust Bank,Bank,Premium Travel,Mastercard,2026,Active,499,175,150000,819,0.0,2.0,20.89,22.44,Flexible Points,2.97,Flexible Points,1,1,1,1,0,0,1,0,0,1,0,0,0,0,0,0,0,0,0,0,0,0,0,0,0,0,1,1,1,0,1,1,1,1,0,0,0,0,0,0,0,0,1,1,0,0,0,0,0,90000,0,925,1,9,Travel,Cashback,1,1,0,0,1,1,0,1,88.89,50.0,28.57,0.0,22.22,0.0,0.0,50.0,80.0
CAD-CC-01428,Northern Dominion Bank Platinum Travel Infinite Card,Northern Dominion Bank,Bank,Travel,Visa,2018,Active,150,75,60000,763,0.0,3.5,22.17,24.11,Flexible Points,2.23,Loyalty Miles,0,1,1,0,0,1,1,0,0,0,1,0,1,0,0,0,0,0,0,0,0,0,0,0,0,0,0,1,1,0,0,1,0,0,0,0,0,0,0,1,1,0,0,1,0,0,0,0,0,15000,0,143,1,3,Travel,Digital,1,1,0,1,0,0,0,0,44.44,16.67,42.86,8.33,33.33,0.0,0.0,75.0,0.0
CAD-CC-01429,Atlantic Community CU Elevate Student Card,Atlantic Community CU,Credit Union,Student,Visa,2024,Retired,39,0,0,641,2.5,4.0,22.81,24.85,Cashback,1.41,Cashback Dollars,1,0,0,0,0,0,1,0,0,0,0,0,0,0,0,1,0,0,0,0,0,0,0,0,0,0,0,0,0,0,0,0,0,0,0,1,1,1,1,0,1,0,0,0,0,0,0,0,0,0,25,25,0,3,Student,Cashback,1,0,0,1,0,0,0,0,0.0,33.33,14.29,0.0,11.11,0.0,80.0,50.0,0.0
CAD-CC-01430,ShopNorth Signature Rewards Card,ShopNorth,Retail Partner,Rewards,Visa,2017,Active,0,0,0,726,2.5,2.0,22.76,25.82,Hybrid Rewards,1.03,Flexible Points,0,1,1,0,0,0,1,0,0,0,0,0,0,0,0,0,0,0,0,0,0,0,0,0,0,0,0,0,0,0,0,0,0,0,0,0,1,0,0,1,0,0,0,1,1,0,0,0,0,10000,0,87,0,3,Digital,Cashback,1,1,0,1,0,0,0,0,11.11,16.67,42.86,0.0,11.11,0.0,20.0,75.0,0.0
CAD-CC-01431,Harbour Financial Thrive Rewards Advantage Card,Harbour Financial,Bank,Rewards,Visa,2020,Active,39,29,0,669,2.5,3.0,22.18,24.34,Flexible Points,1.88,Flexible Points,0,1,1,0,0,0,0,0,0,0,0,0,0,0,0,0,0,0,0,1,0,0,0,0,0,0,0,0,0,0,0,0,0,0,0,0,0,0,0,1,1,1,0,1,0,0,0,1,1,25000,0,249,0,12,Digital,Sustainability,1,1,0,0,0,0,0,0,11.11,0.0,57.14,8.33,0.0,50.0,0.0,50.0,0.0
CAD-CC-01432,Capital Crown Bank North Rewards Infinite Card,Capital Crown Bank,Bank,Rewards,Visa,2025,Active,0,0,80000,692,2.5,3.5,20.45,23.19,Cashback,1.28,Travel Points,0,0,1,0,0,0,0,1,1,0,0,0,0,0,0,0,0,0,0,0,0,0,0,0,0,0,0,1,0,0,0,0,1,1,1,0,0,0,0,1,0,1,0,1,0,0,0,0,0,15000,0,91,1,0,Digital,Cashback,1,1,0,1,0,0,0,0,33.33,33.33,42.86,0.0,22.22,0.0,20.0,75.0,0.0
CAD-CC-01433,Coastline Credit Union Everyday Student Essentials Card,Coastline Credit Union,Credit Union,Student,American Express,2019,Active,25,10,0,645,0.0,3.0,21.69,22.96,Cashback,1.75,Cashback Dollars,1,1,0,0,0,1,0,0,0,0,0,0,0,0,0,1,0,0,1,0,1,0,0,0,0,1,0,0,0,0,0,1,0,0,0,0,1,1,1,1,1,0,0,1,0,0,0,0,0,0,50,50,1,0,Student,Digital,1,1,0,1,0,0,0,0,22.22,16.67,42.86,33.33,0.0,0.0,60.0,75.0,0.0
CAD-CC-01434,PocketCredit Elevate Cashback Advantage Card,PocketCredit,Fintech,Cashback,Mastercard,2026,Active,0,50,15000,687,2.5,2.0,20.68,22.44,Cashback,2.09,Cashback Dollars,1,1,0,1,0,0,0,0,1,1,0,0,0,1,0,0,0,0,0,0,1,0,0,0,1,0,0,1,0,0,0,0,0,0,1,1,0,0,0,0,1,0,1,1,1,0,0,1,0,0,100,100,0,0,Cashback,Digital,1,0,1,0,0,0,0,0,22.22,66.67,57.14,16.67,33.33,25.0,40.0,50.0,0.0
CAD-CC-01435,Prairie National Bank Summit Rewards Explorer Card,Prairie National Bank,Bank,Rewards,Mastercard,2026,Active,89,0,60000,624,2.5,3.5,20.61,23.71,Cashback,1.23,Travel Points,0,0,1,0,0,1,0,1,0,0,0,0,0,0,0,0,0,0,0,0,0,0,1,0,1,0,0,0,0,0,0,0,0,0,0,1,1,1,0,1,1,0,1,0,1,0,0,1,0,0,150,150,0,6,Digital,Subscription,1,1,0,0,0,0,0,0,0.0,16.67,57.14,25.0,11.11,25.0,60.0,50.0,0.0
CAD-CC-01436,FlexiCard Digital Thrive Digital First Rewards Card,FlexiCard Digital,Fintech,Digital First,Visa,2026,Active,49,0,30000,660,2.5,2.0,21.36,24.23,Hybrid Rewards,0.61,Cashback Dollars,0,0,1,0,0,0,0,1,1,0,0,0,0,0,0,0,0,0,0,1,0,0,1,0,0,1,0,0,0,0,0,0,0,1,0,1,0,1,1,1,1,1,1,1,1,1,0,0,0,25000,0,231,1,0,Digital,Cashback,1,1,0,1,0,0,0,0,11.11,33.33,100.0,25.0,22.22,0.0,60.0,75.0,0.0
CAD-CC-01437,Northern Lights CU Select Cashback Advantage Card,Northern Lights CU,Credit Union,Cashback,Mastercard,2021,Active,39,0,15000,701,2.5,4.0,22.36,24.84,Cashback,2.88,Cashback Dollars,1,0,1,0,1,0,1,0,1,0,0,0,0,0,0,0,0,0,0,0,0,0,0,0,0,0,0,0,0,0,0,0,0,0,0,0,0,0,0,1,1,1,1,0,0,0,0,0,0,0,200,200,1,6,Cashback,Digital,1,1,0,0,0,0,0,0,0.0,50.0,57.14,8.33,22.22,0.0,0.0,50.0,0.0
CAD-CC-01438,CanStyle Retail Edge Cashback Infinite Card,CanStyle Retail,Retail Partner,Cashback,Visa,2015,Active,39,0,80000,662,2.5,2.0,21.13,22.7,Cashback,1.39,Cashback Dollars,1,0,0,1,0,0,0,0,0,0,0,0,0,0,0,0,0,0,0,1,0,0,0,0,0,0,0,0,0,0,1,0,0,0,0,0,1,0,0,1,1,1,0,0,0,0,0,0,0,0,100,100,0,0,Digital,Cashback,1,1,0,1,0,0,0,0,11.11,16.67,42.86,8.33,0.0,0.0,20.0,75.0,0.0
CAD-CC-01439,Ontario Mutual CU Platinum Cashback Infinite Card,Ontario Mutual CU,Credit Union,Cashback,Visa,2023,Active,0,29,60000,684,0.0,3.0,20.19,22.46,Cashback,2.91,Cashback Dollars,1,0,0,0,0,0,0,1,1,1,0,0,0,0,0,0,0,0,0,0,0,1,0,0,0,0,0,0,0,0,0,1,0,0,1,0,0,0,0,0,1,1,0,0,1,0,0,0,0,0,150,150,0,6,Cashback,Digital,1,1,0,1,0,0,0,0,11.11,66.67,42.86,8.33,44.44,0.0,20.0,75.0,0.0
CAD-CC-01440,Northern Dominion Bank North Travel Infinite Card,Northern Dominion Bank,Bank,Travel,Visa,2016,Active,39,0,30000,700,0.0,4.0,20.13,22.02,Travel Points,1.04,Travel Points,0,1,1,0,0,0,0,0,0,0,1,1,0,0,0,0,0,0,0,0,0,0,0,0,0,0,0,0,0,0,1,1,1,0,0,0,1,1,0,0,1,1,1,0,1,0,0,0,0,15000,0,109,0,12,Digital,Travel,0,1,0,1,0,0,0,1,44.44,0.0,57.14,0.0,22.22,0.0,40.0,50.0,20.0
CAD-CC-01441,FreshBasket Maple Cashback Advantage Card,FreshBasket,Retail Partner,Cashback,Mastercard,2026,Active,0,0,60000,632,2.5,2.0,22.34,25.83,Cashback,1.8,Cashback Dollars,1,0,0,0,0,0,1,1,1,0,0,0,0,0,0,0,0,0,0,0,0,0,0,0,0,0,0,0,0,0,0,0,0,0,0,0,0,0,0,1,1,0,0,1,0,0,0,0,0,0,200,200,1,0,Cashback,Digital,0,1,1,0,0,0,0,0,0.0,66.67,42.86,0.0,33.33,0.0,0.0,50.0,0.0
CAD-CC-01442,TrueNorth Bank Aurora Rewards Advantage Card,TrueNorth Bank,Bank,Rewards,Visa,2017,Pilot,0,29,0,731,2.5,3.5,21.21,22.93,Flexible Points,1.48,Flexible Points,0,0,1,0,0,0,0,1,1,0,0,0,0,1,0,0,0,0,1,0,0,1,0,0,0,0,0,0,0,0,0,0,1,0,1,0,1,0,0,0,1,1,1,0,0,0,0,0,1,0,150,150,0,6,Cashback,Digital,1,1,0,1,0,0,0,0,11.11,50.0,42.86,16.67,44.44,25.0,40.0,75.0,0.0
CAD-CC-01443,Prairie Community CU Signature Travel Rewards Card,Prairie Community CU,Credit Union,Travel,Mastercard,2016,Active,150,0,30000,723,2.0,3.0,22.87,24.36,Travel Points,1.57,Travel Points,0,1,1,0,0,0,0,0,0,0,0,0,1,0,0,0,0,0,0,0,0,0,0,0,0,0,0,1,0,0,0,0,0,1,0,0,1,0,0,1,0,0,1,1,0,0,0,0,0,20000,0,135,1,6,Digital,Travel,1,1,0,0,0,0,0,0,33.33,0.0,42.86,0.0,11.11,0.0,20.0,50.0,0.0
CAD-CC-01444,Capital Crown Bank North Low Interest Infinite Card,Capital Crown Bank,Bank,Low Interest,American Express,2018,Active,29,10,15000,653,2.0,2.0,12.5,13.63,Statement Credits,0.22,Cashback Dollars,0,0,0,0,0,1,0,0,0,0,0,0,0,0,0,0,0,0,0,0,0,0,0,0,0,0,0,0,0,0,0,0,0,0,1,1,0,0,1,0,1,0,1,1,0,0,1,1,0,0,75,75,1,0,Sustainability,Digital,1,1,0,1,0,0,0,0,0.0,0.0,42.86,8.33,0.0,50.0,60.0,75.0,0.0
CAD-CC-01445,MapleMart Prime Cashback World Card,MapleMart,Retail Partner,Cashback,Mastercard,2022,Active,89,0,60000,699,2.5,3.5,20.14,21.95,Cashback,0.85,Cashback Dollars,1,0,0,1,0,0,0,1,1,0,0,0,0,0,0,0,0,0,0,0,0,0,0,0,0,0,0,0,0,0,0,0,1,0,1,0,0,0,0,1,1,1,0,0,1,0,0,0,0,0,50,50,0,9,Cashback,Digital,0,1,1,0,0,0,0,0,11.11,50.0,57.14,0.0,22.22,0.0,20.0,50.0,0.0
CAD-CC-01446,Harbour Financial Everyday Balance Transfer Card,Harbour Financial,Bank,Balance Transfer,American Express,2017,Active,0,0,15000,622,3.0,3.0,16.71,19.08,Statement Credits,1.02,Cashback Dollars,1,0,0,1,0,0,0,1,0,0,1,0,1,0,0,0,0,0,0,0,1,0,0,0,0,0,0,0,0,0,0,0,0,0,0,0,1,0,1,0,0,0,0,0,0,0,1,0,0,0,100,100,0,6,Lifestyle,Cashback,1,1,1,1,0,0,0,0,0.0,33.33,0.0,8.33,33.33,25.0,40.0,100.0,0.0
CAD-CC-01448,Northern Lights CU Summit Cashback Explorer Card,Northern Lights CU,Credit Union,Cashback,Visa,2021,Active,39,29,30000,635,2.5,2.0,21.64,22.72,Cashback,1.66,Cashback Dollars,1,0,0,1,0,0,0,1,0,0,0,0,0,1,0,0,0,0,0,0,0,0,0,0,0,0,0,0,0,0,0,0,1,0,1,0,1,0,0,1,1,0,0,0,0,0,0,0,0,0,150,150,0,6,Cashback,Lifestyle,0,1,1,1,0,0,0,0,11.11,50.0,28.57,0.0,22.22,0.0,40.0,75.0,0.0
CAD-CC-01449,Harbour Financial Momentum Student Card,Harbour Financial,Bank,Student,Visa,2018,Active,0,0,0,641,2.5,3.0,20.93,23.41,Cashback,1.75,Cashback Dollars,1,0,1,0,0,0,1,0,0,0,0,0,0,0,0,1,0,1,0,0,0,0,0,0,1,0,0,1,0,0,0,0,0,0,0,1,1,1,0,0,1,0,0,1,1,0,0,0,0,0,0,0,0,3,Student,Digital,1,1,1,0,0,0,0,0,11.11,33.33,42.86,16.67,11.11,0.0,60.0,75.0,0.0
CAD-CC-01450,TrueNorth Bank Momentum Privilege Travel Rewards Card,TrueNorth Bank,Bank,Premium Travel,Mastercard,2026,Active,499,175,80000,799,0.0,4.0,20.51,23.04,Travel Points,2.53,Travel Points,0,1,1,0,0,0,0,0,0,0,1,0,1,0,0,0,0,0,0,0,0,0,0,0,0,0,1,1,0,1,1,1,1,1,1,0,0,0,0,1,0,0,1,1,0,0,0,0,0,90000,0,1113,1,6,Travel,Digital,1,1,1,0,1,1,0,1,88.89,0.0,42.86,0.0,22.22,0.0,20.0,75.0,80.0
CAD-CC-01451,GlobePass Canada Summit Travel Card,GlobePass Canada,Travel Partner,Travel,Mastercard,2017,Active,89,0,30000,763,2.5,4.0,22.81,24.16,Travel Points,1.7,Loyalty Miles,0,1,1,1,0,0,0,1,1,0,1,0,0,0,0,0,0,0,0,0,0,0,0,0,0,0,1,0,1,1,0,0,1,1,0,0,1,0,0,0,1,1,0,0,0,0,0,0,0,20000,0,126,1,0,Travel,Cashback,1,1,0,1,0,0,0,0,66.67,33.33,28.57,0.0,33.33,0.0,20.0,75.0,20.0
CAD-CC-01452,Northern Dominion Bank Select Cashback Card,Northern Dominion Bank,Bank,Cashback,Visa,2017,Active,120,50,30000,687,3.0,4.0,22.1,25.12,Cashback,0.9,Cashback Dollars,1,0,0,0,0,0,1,1,1,0,0,0,0,0,0,0,0,0,0,0,0,0,0,0,0,0,0,0,0,0,0,0,0,0,0,0,1,0,0,1,1,0,1,0,0,0,0,0,0,0,150,150,1,3,Cashback,Digital,1,1,1,0,0,0,0,1,0.0,66.67,42.86,0.0,33.33,0.0,20.0,75.0,20.0
CAD-CC-01453,Laurentian Maple Bank Elevate Digital First Rewards Card,Laurentian Maple Bank,Bank,Digital First,Mastercard,2018,Active,89,0,15000,738,2.5,3.5,21.21,24.06,Flexible Points,0.9,Cashback Dollars,0,0,0,1,0,0,0,0,0,1,1,0,0,0,0,0,0,1,0,1,0,0,0,1,0,0,0,0,0,0,0,0,0,0,0,1,1,1,0,1,1,1,1,0,1,1,1,0,0,0,150,150,0,0,Digital,Lifestyle,1,1,0,0,0,0,0,0,0.0,16.67,85.71,25.0,22.22,25.0,60.0,50.0,0.0
CAD-CC-01454,MapleTrust Bank Select Digital First Preferred Card,MapleTrust Bank,Bank,Digital First,Mastercard,2019,Active,120,0,30000,673,2.5,4.0,22.33,23.75,Flexible Points,1.5,Cashback Dollars,0,0,1,0,0,0,0,0,0,0,0,0,0,1,0,0,0,0,0,0,0,1,0,0,1,1,0,0,0,0,0,0,0,1,1,0,1,0,1,1,1,1,1,0,1,1,0,0,0,10000,0,87,1,9,Digital,Subscription,1,1,0,0,0,1,0,0,11.11,16.67,85.71,25.0,22.22,0.0,60.0,50.0,20.0
CAD-CC-01455,Capital Crown Bank Select Travel Explorer Card,Capital Crown Bank,Bank,Travel,American Express,2021,Active,120,50,60000,767,2.5,2.0,22.41,25.86,Travel Points,2.0,Travel Points,0,1,1,0,0,0,0,1,1,1,0,0,0,1,0,0,0,0,0,0,0,0,0,0,0,1,0,0,0,1,0,0,1,0,0,0,0,0,0,1,0,1,0,0,0,1,0,0,0,30000,0,235,1,6,Cashback,Lifestyle,1,1,1,1,0,0,0,0,33.33,66.67,42.86,8.33,44.44,0.0,0.0,100.0,0.0
CAD-CC-01456,Northern Dominion Bank Summit Student Explorer Card,Northern Dominion Bank,Bank,Student,American Express,2016,Active,0,0,0,619,2.0,3.5,22.78,25.01,Cashback,0.76,Cashback Dollars,1,0,0,1,0,0,0,1,1,0,0,0,0,1,1,1,0,0,0,0,0,0,0,0,0,0,0,0,0,0,0,0,0,0,0,1,1,1,0,0,0,1,1,1,0,0,0,0,0,0,50,50,1,0,Student,Cashback,0,1,0,1,0,0,0,0,0.0,66.67,42.86,0.0,33.33,25.0,60.0,50.0,0.0
CAD-CC-01457,Prairie Community CU Maple Rewards Preferred Card,Prairie Community CU,Credit Union,Rewards,Mastercard,2020,Active,0,0,15000,656,2.5,4.0,20.86,23.58,Flexible Points,1.0,Travel Points,0,1,1,0,0,0,0,1,1,0,0,0,1,0,0,0,0,0,0,0,0,0,0,0,0,0,0,0,0,0,0,0,0,1,0,0,0,0,0,1,1,1,1,1,0,0,0,0,0,0,50,50,0,9,Digital,Cashback,1,1,0,0,0,0,0,0,22.22,33.33,71.43,0.0,33.33,0.0,0.0,50.0,0.0
CAD-CC-01458,Polar Wings Everyday Privilege Travel Plus Card,Polar Wings,Airline Partner,Premium Travel,Mastercard,2017,Active,499,149,60000,770,0.0,4.0,21.27,23.72,Travel Points,1.11,Travel Points,0,1,1,0,0,0,0,0,0,0,1,0,0,0,1,0,0,0,0,0,0,0,0,0,0,0,1,1,0,1,1,1,1,1,1,0,0,0,0,1,0,1,0,1,1,0,0,1,0,60000,0,694,0,0,Travel,Digital,1,1,0,1,0,0,1,0,88.89,0.0,57.14,0.0,11.11,50.0,20.0,75.0,40.0
CAD-CC-01459,MapleAir Aurora Travel Essentials Card,MapleAir,Airline Partner,Travel,Mastercard,2019,Active,0,29,60000,726,2.5,2.0,22.33,24.03,Flexible Points,1.34,Flexible Points,0,1,1,0,0,0,0,0,1,1,0,0,0,0,0,0,0,0,0,0,0,0,0,1,0,0,0,1,1,0,0,0,0,1,0,0,1,0,0,1,0,0,0,0,0,0,0,0,0,10000,0,96,1,0,Travel,Cashback,1,1,0,0,0,0,0,0,44.44,33.33,14.29,8.33,22.22,0.0,20.0,50.0,0.0
CAD-CC-01460,Ontario Mutual CU Voyage Rewards Infinite Card,Ontario Mutual CU,Credit Union,Rewards,Mastercard,2017,Active,89,0,15000,707,2.5,3.0,21.44,24.37,Flexible Points,2.01,Flexible Points,0,0,1,0,0,0,0,1,0,1,0,0,0,1,0,0,1,0,0,0,0,0,0,0,0,0,0,0,0,0,0,0,0,0,0,0,1,0,0,0,0,1,1,1,1,0,1,1,0,10000,0,88,0,0,Digital,Lifestyle,1,1,1,0,0,0,0,0,0.0,50.0,57.14,8.33,33.33,50.0,20.0,75.0,0.0
CAD-CC-01461,TrueNorth Bank Summit Sustainability Advantage Card,TrueNorth Bank,Bank,Sustainability,Visa,2018,Active,0,0,30000,685,2.5,3.0,20.33,23.03,Flexible Points,0.74,Flexible Points,1,0,0,0,0,0,0,0,0,1,0,0,0,1,1,0,0,0,0,0,0,0,0,0,0,0,0,0,0,0,0,0,0,0,1,1,0,0,0,0,1,1,0,0,1,1,1,1,1,0,100,100,0,0,Sustainability,Digital,1,1,0,0,0,0,0,0,0.0,50.0,57.14,0.0,22.22,100.0,40.0,50.0,0.0
CAD-CC-01462,BrightSpend Aurora Balance Transfer Card,BrightSpend,Fintech,Balance Transfer,Mastercard,2021,Active,39,10,12000,706,2.5,1.0,13.77,15.72,Hybrid Rewards,0.43,Cashback Dollars,0,0,0,1,0,0,0,0,0,0,0,0,0,0,0,0,0,0,0,0,0,0,0,0,0,0,0,0,0,0,0,0,0,0,1,1,0,0,1,1,1,1,0,1,1,0,0,0,0,10000,0,64,1,9,Digital,Cashback,0,1,1,0,0,0,0,0,0.0,0.0,71.43,0.0,0.0,0.0,60.0,50.0,0.0
CAD-CC-01463,Prairie National Bank Everyday Privilege Travel Infinite Card,Prairie National Bank,Bank,Premium Travel,Mastercard,2025,Active,599,149,60000,807,2.5,3.0,22.01,24.98,Travel Points,2.48,Travel Points,1,1,1,0,0,0,0,1,0,0,1,0,0,0,0,0,0,0,0,0,0,0,0,0,0,0,1,1,0,1,1,0,1,1,0,0,1,0,0,0,1,0,1,0,0,0,1,1,0,60000,0,784,0,6,Travel,Sustainability,1,1,0,0,1,0,1,1,77.78,33.33,28.57,0.0,22.22,50.0,20.0,50.0,80.0
CAD-CC-01464,MapleMart Thrive Cashback Advantage Card,MapleMart,Retail Partner,Cashback,Visa,2020,Active,39,0,30000,737,2.5,3.5,21.91,23.62,Cashback,1.22,Cashback Dollars,1,0,0,0,0,0,1,1,1,1,0,0,0,0,0,0,0,0,0,0,1,0,0,0,0,0,0,0,0,1,0,0,0,1,0,0,0,0,0,1,1,1,0,1,0,0,0,0,0,0,100,100,0,0,Cashback,Digital,1,1,1,1,0,0,0,0,22.22,83.33,57.14,8.33,44.44,0.0,0.0,100.0,0.0
CAD-CC-01465,VoyagePlus Elevate Privilege Travel Card,VoyagePlus,Travel Partner,Premium Travel,American Express,2017,Active,499,99,80000,754,2.5,3.5,21.93,25.36,Travel Points,2.89,Loyalty Miles,0,1,1,0,0,0,0,1,0,1,0,0,1,1,0,0,0,0,1,1,0,0,0,0,0,0,1,1,1,1,1,0,1,0,0,0,1,0,0,1,0,1,1,1,0,1,0,0,0,80000,0,1004,0,3,Travel,Lifestyle,1,1,0,0,1,1,1,0,77.78,50.0,71.43,16.67,44.44,0.0,20.0,50.0,80.0
CAD-CC-01466,Harbour Financial Edge Cashback World Card,Harbour Financial,Bank,Cashback,American Express,2017,Active,99,0,15000,744,0.0,2.0,20.94,23.67,Cashback,2.18,Cashback Dollars,1,0,0,1,0,0,1,1,0,0,0,0,0,1,0,0,0,0,0,1,1,0,0,0,0,0,0,0,0,0,0,1,0,0,0,0,0,1,0,1,1,0,0,0,0,0,0,0,0,0,50,50,1,3,Cashback,Lifestyle,1,1,1,1,0,0,0,0,11.11,66.67,28.57,16.67,33.33,0.0,20.0,100.0,0.0
CAD-CC-01467,ShopNorth Platinum Rewards Infinite Card,ShopNorth,Retail Partner,Rewards,American Express,2025,Active,0,0,30000,717,2.5,4.0,22.48,24.53,Hybrid Rewards,2.31,Flexible Points,0,0,1,1,0,0,1,1,1,0,0,0,0,1,0,0,0,0,0,0,0,0,0,0,0,0,0,0,0,0,0,0,0,0,0,0,1,0,0,0,0,0,1,0,0,1,0,0,1,15000,0,142,1,0,Cashback,Lifestyle,1,1,0,0,0,0,0,0,0.0,66.67,28.57,0.0,44.44,25.0,20.0,50.0,0.0
CAD-CC-01469,Ontario Mutual CU Prime Low Interest Infinite Card,Ontario Mutual CU,Credit Union,Low Interest,Visa,2025,Active,29,10,0,644,3.0,3.5,9.46,11.64,Hybrid Rewards,0.42,Cashback Dollars,0,0,0,1,0,0,1,0,0,1,0,0,0,0,0,0,0,0,0,0,0,0,0,0,0,0,0,0,0,0,1,0,0,0,0,1,1,0,0,1,0,1,1,0,1,0,0,0,0,0,0,0,1,0,Digital,Cashback,1,1,0,0,0,0,0,0,11.11,33.33,57.14,0.0,22.22,0.0,40.0,50.0,0.0
CAD-CC-01470,Northern Lights CU Aurora Travel Plus Card,Northern Lights CU,Credit Union,Travel,Mastercard,2026,Active,89,50,60000,702,2.5,4.0,21.96,24.8,Travel Points,1.71,Loyalty Miles,0,1,1,0,0,0,0,0,0,1,1,0,0,0,0,0,0,0,0,0,0,0,0,0,0,0,0,0,1,0,0,0,0,1,0,0,1,0,0,0,0,1,1,0,0,0,0,0,0,30000,0,199,0,0,Travel,Lifestyle,1,1,0,0,0,0,0,0,33.33,16.67,28.57,0.0,22.22,0.0,20.0,50.0,0.0
CAD-CC-01472,HomeBase Canada Maple Subscription Rewards Explorer Card,HomeBase Canada,Retail Partner,Subscription Rewards,Visa,2026,Active,89,0,15000,666,2.5,2.0,20.45,23.23,Statement Credits,1.59,Cashback Dollars,0,1,1,0,1,1,0,0,0,0,0,0,1,0,0,0,1,0,0,0,1,0,1,0,1,0,0,0,0,0,0,0,0,0,1,1,0,0,0,1,0,1,1,1,1,0,1,0,0,0,50,50,1,0,Digital,Subscription,0,0,0,1,0,0,0,0,11.11,0.0,71.43,50.0,11.11,25.0,40.0,25.0,0.0
CAD-CC-01473,TrueNorth Bank Voyage Digital First World Card,TrueNorth Bank,Bank,Digital First,Mastercard,2022,Active,0,0,60000,683,2.5,4.0,22.39,23.56,Cashback,1.09,Cashback Dollars,0,1,0,0,0,0,0,1,0,0,0,0,0,0,1,0,0,0,0,1,0,1,0,0,0,0,0,0,0,0,0,0,0,1,1,0,1,0,0,1,1,1,1,1,1,1,0,0,1,0,100,100,0,6,Digital,Sustainability,0,1,0,1,0,0,0,0,22.22,16.67,100.0,16.67,22.22,50.0,40.0,50.0,0.0
CAD-CC-01474,Harbour Financial Signature Lifestyle Rewards Card,Harbour Financial,Bank,Lifestyle Rewards,Visa,2025,Active,99,50,15000,683,2.5,3.5,22.66,24.3,Cashback,2.06,Cashback Dollars,0,0,0,1,0,0,0,0,0,0,1,0,1,0,0,0,0,0,0,0,0,1,0,1,0,1,0,0,0,0,0,0,0,0,1,1,0,0,0,1,0,1,0,1,0,0,0,0,0,25000,0,192,0,0,Digital,Lifestyle,0,1,1,0,0,0,0,0,0.0,0.0,42.86,25.0,33.33,0.0,40.0,50.0,0.0
CAD-CC-01475,BrightSpend Flex Subscription Rewards Rewards Card,BrightSpend,Fintech,Subscription Rewards,Visa,2016,Active,49,0,60000,716,2.5,3.5,20.43,23.49,Statement Credits,1.62,Cashback Dollars,0,1,1,0,1,1,0,0,1,0,0,0,1,0,0,0,1,0,0,0,1,1,1,1,1,0,0,0,0,0,0,0,0,0,1,0,1,0,0,1,1,1,0,0,1,0,0,1,0,25000,0,193,0,0,Subscription,Digital,1,0,1,0,0,0,0,0,11.11,16.67,57.14,66.67,33.33,25.0,40.0,50.0,0.0
CAD-CC-01476,Ontario Mutual CU Everyday Balance Transfer Advantage Card,Ontario Mutual CU,Credit Union,Balance Transfer,Visa,2022,Active,39,0,30000,730,2.0,4.0,18.43,21.15,Statement Credits,0.82,Cashback Dollars,0,0,0,1,0,0,0,0,1,0,0,0,1,0,0,0,0,0,0,0,0,1,0,0,0,0,0,0,0,1,0,0,0,1,0,1,1,1,1,1,1,0,0,1,1,0,0,0,0,0,100,100,0,0,Digital,Travel,1,1,1,0,0,0,0,0,22.22,16.67,57.14,8.33,33.33,0.0,80.0,75.0,0.0
CAD-CC-01477,PocketCredit Voyage Subscription Rewards Advantage Card,PocketCredit,Fintech,Subscription Rewards,Visa,2020,Active,0,0,60000,724,2.5,3.0,20.31,23.12,Statement Credits,1.88,Cashback Dollars,0,0,0,0,1,1,0,0,0,1,0,1,1,0,0,0,1,1,1,0,1,0,1,1,0,0,0,0,0,1,0,0,0,0,1,1,0,0,0,1,1,1,1,1,1,0,0,0,0,10000,0,79,1,0,Digital,Subscription,0,1,0,1,0,0,0,0,11.11,16.67,85.71,66.67,33.33,0.0,40.0,50.0,0.0
CAD-CC-01478,NorthPay Labs Prime Balance Transfer Card,NorthPay Labs,Fintech,Balance Transfer,Mastercard,2024,Active,20,20,0,729,2.5,2.0,16.34,19.39,Statement Credits,1.15,Cashback Dollars,0,0,0,1,0,0,0,0,0,0,0,0,0,0,0,0,0,0,0,0,1,0,0,0,0,0,0,0,0,0,0,0,0,0,0,1,0,0,0,1,0,1,1,1,1,0,0,0,0,15000,0,137,1,0,Digital,Subscription,1,1,0,0,0,0,0,0,0.0,0.0,71.43,8.33,0.0,0.0,20.0,50.0,0.0
CAD-CC-01479,MapleAir Platinum Travel Plus Card,MapleAir,Airline Partner,Travel,Mastercard,2020,Active,39,29,30000,710,0.0,4.0,22.75,24.77,Travel Points,1.49,Travel Points,0,1,1,0,0,0,0,0,0,1,0,0,0,0,0,0,0,0,0,0,0,1,0,0,0,0,1,1,1,1,1,1,1,0,0,1,0,0,0,1,1,0,0,0,1,0,0,0,0,30000,0,260,0,0,Travel,Digital,1,1,1,1,0,0,0,0,88.89,16.67,42.86,8.33,22.22,0.0,20.0,100.0,20.0
CAD-CC-01480,Prairie Community CU Select Student Infinite Card,Prairie Community CU,Credit Union,Student,Mastercard,2018,Active,0,15,0,677,2.5,4.0,22.9,25.07,Cashback,1.35,Cashback Dollars,1,0,0,0,1,0,0,1,0,0,0,0,0,0,0,1,0,0,0,1,0,0,1,0,0,1,0,1,0,0,0,0,0,0,1,1,1,1,0,0,1,0,0,0,0,0,0,0,0,0,75,75,0,0,Student,Cashback,1,1,1,0,0,0,0,0,11.11,33.33,14.29,33.33,11.11,0.0,80.0,75.0,0.0
CAD-CC-01481,Coastline Credit Union Momentum Student Preferred Card,Coastline Credit Union,Credit Union,Student,Mastercard,2018,Active,0,0,5000,631,0.0,3.5,22.6,24.12,Hybrid Rewards,1.23,Flexible Points,0,0,0,0,0,1,1,0,1,1,0,0,0,1,0,1,0,0,0,0,0,0,0,0,0,0,0,1,0,0,0,1,0,1,0,0,0,1,0,0,0,1,1,0,0,0,0,0,0,0,0,0,0,12,Student,Cashback,1,1,0,0,0,0,0,0,33.33,66.67,28.57,8.33,44.44,0.0,20.0,50.0,0.0
CAD-CC-01482,Capital Crown Bank Momentum Rewards Explorer Card,Capital Crown Bank,Bank,Rewards,Mastercard,2019,Active,120,0,60000,728,2.5,3.5,21.87,25.17,Flexible Points,1.39,Flexible Points,1,1,1,1,0,0,0,1,0,0,0,0,0,1,0,0,0,0,0,0,0,0,0,1,0,0,0,0,0,0,0,0,0,0,0,0,0,0,0,0,1,0,1,0,0,0,0,0,0,10000,0,66,1,0,Cashback,Lifestyle,1,1,1,1,0,0,0,0,11.11,50.0,28.57,8.33,22.22,0.0,0.0,100.0,0.0
CAD-CC-01483,Harbour Financial Thrive Cashback Plus Card,Harbour Financial,Bank,Cashback,Visa,2017,Active,39,0,0,630,2.0,3.5,20.76,22.51,Cashback,2.63,Cashback Dollars,1,0,1,1,0,0,1,1,0,0,0,0,0,0,0,0,0,0,0,0,0,0,0,0,0,0,0,0,0,0,0,0,0,0,0,1,0,1,1,1,1,1,0,0,0,0,0,0,0,0,200,200,1,0,Cashback,Digital,0,1,0,0,0,0,0,0,0.0,50.0,42.86,0.0,22.22,0.0,60.0,25.0,0.0
CAD-CC-01485,UrbanCart Signature Subscription Rewards World Card,UrbanCart,Retail Partner,Subscription Rewards,Mastercard,2026,Active,0,15,30000,674,2.5,3.0,20.86,23.41,Statement Credits,1.77,Cashback Dollars,1,1,0,0,1,1,0,0,0,0,0,1,1,0,0,0,0,0,1,1,1,1,0,0,1,0,0,0,0,0,0,0,0,0,0,0,0,0,0,1,0,0,0,0,1,0,0,0,0,0,150,150,0,6,Subscription,Lifestyle,1,1,1,0,0,0,0,0,11.11,16.67,28.57,58.33,33.33,0.0,0.0,75.0,0.0
CAD-CC-01486,Northern Dominion Bank Maple Cashback Preferred Card,Northern Dominion Bank,Bank,Cashback,Visa,2026,Active,89,0,15000,622,2.5,3.5,20.78,22.07,Cashback,2.35,Cashback Dollars,1,0,1,0,0,0,1,0,0,0,1,0,0,0,0,0,0,0,0,0,0,0,0,0,0,0,0,0,0,0,0,0,0,0,1,0,1,0,0,1,1,1,0,1,0,0,0,0,0,0,150,150,1,12,Digital,Cashback,1,1,1,1,0,0,0,0,0.0,33.33,57.14,0.0,22.22,0.0,40.0,100.0,0.0
CAD-CC-01490,Capital Crown Bank Momentum Rewards Card,Capital Crown Bank,Bank,Rewards,American Express,2019,Active,0,0,30000,679,2.0,2.0,21.05,23.13,Flexible Points,0.84,Cashback Dollars,0,0,1,0,0,0,1,0,0,0,0,0,1,1,0,0,0,0,0,0,0,0,0,0,0,0,0,0,0,0,0,0,0,1,1,0,1,0,0,1,0,1,0,0,0,0,0,0,0,15000,0,144,0,0,Lifestyle,Cashback,1,1,1,0,0,0,0,0,11.11,33.33,28.57,0.0,33.33,0.0,40.0,75.0,0.0
CAD-CC-01491,Maple Leaf Credit Union Maple Cashback Plus Card,Maple Leaf Credit Union,Credit Union,Cashback,Mastercard,2020,Active,39,0,30000,649,2.5,3.0,20.42,21.88,Cashback,1.54,Cashback Dollars,1,0,1,1,0,0,1,1,1,0,0,0,0,1,0,0,1,0,0,0,0,0,0,0,0,0,0,0,0,0,0,0,0,0,1,0,0,0,0,1,1,1,1,0,0,0,0,0,0,0,150,150,1,0,Business,Cashback,1,1,0,0,0,0,0,0,0.0,83.33,57.14,8.33,44.44,0.0,20.0,50.0,0.0
CAD-CC-01492,Northern Lights CU Flex Low Interest Explorer Card,Northern Lights CU,Credit Union,Low Interest,Mastercard,2019,Active,0,0,30000,670,2.0,3.5,14.16,16.18,Statement Credits,0.41,Cashback Dollars,0,0,0,1,0,0,0,0,1,0,1,0,0,1,1,0,0,0,0,0,0,0,0,0,0,0,0,0,0,0,0,0,1,0,1,1,1,0,0,0,0,1,1,0,0,1,0,0,0,0,75,75,0,0,Digital,Cashback,1,1,0,0,0,0,0,0,11.11,33.33,42.86,0.0,33.33,25.0,60.0,50.0,0.0
CAD-CC-01493,Prairie Community CU Prime Low Interest World Card,Prairie Community CU,Credit Union,Low Interest,American Express,2022,Active,0,0,30000,716,2.0,3.5,13.72,16.44,Statement Credits,0.34,Cashback Dollars,0,0,0,0,1,0,0,0,1,1,0,0,0,0,0,0,0,0,0,0,0,0,0,0,0,0,0,0,0,0,0,0,1,0,1,0,0,0,0,0,1,1,0,1,1,0,0,0,0,0,0,0,0,0,Digital,Cashback,1,1,0,0,0,0,0,0,11.11,33.33,57.14,8.33,22.22,0.0,20.0,50.0,0.0
CAD-CC-01494,ShopNorth Momentum Rewards Preferred Card,ShopNorth,Retail Partner,Rewards,Mastercard,2021,Active,0,50,60000,699,2.5,3.5,20.11,23.16,Cashback,1.88,Flexible Points,0,0,0,1,0,0,0,0,0,0,0,0,0,0,0,0,0,0,0,0,0,0,0,0,0,0,0,0,0,0,0,0,0,0,1,0,1,0,1,1,1,1,0,1,1,0,0,0,0,0,150,150,0,6,Digital,Cashback,0,1,1,1,0,0,0,0,0.0,0.0,71.43,0.0,0.0,0.0,60.0,75.0,0.0
CAD-CC-01496,PocketCredit Thrive Cashback Card,PocketCredit,Fintech,Cashback,Mastercard,2016,Active,89,0,60000,759,2.5,3.5,20.79,24.29,Cashback,1.76,Cashback Dollars,1,0,1,0,0,0,0,1,0,0,0,1,0,0,0,0,0,0,0,0,0,0,0,0,0,0,0,0,0,0,0,0,0,0,1,0,0,0,0,1,1,1,1,1,1,0,0,0,0,0,150,150,0,6,Digital,Cashback,1,1,0,0,0,0,0,0,0.0,33.33,85.71,0.0,22.22,0.0,20.0,50.0,0.0
CAD-CC-01497,TrueNorth Bank Everyday Privilege Travel Essentials Card,TrueNorth Bank,Bank,Premium Travel,American Express,2018,Active,499,149,80000,765,0.0,2.0,21.66,24.88,Travel Points,2.36,Flexible Points,0,1,1,0,0,0,0,1,0,0,0,0,1,0,0,0,0,0,0,0,0,0,0,0,1,0,1,0,1,0,0,1,1,1,0,1,0,0,0,1,1,0,0,0,0,0,0,0,0,80000,0,945,1,3,Travel,Lifestyle,1,0,1,1,1,0,1,0,66.67,16.67,28.57,8.33,22.22,0.0,20.0,75.0,60.0
CAD-CC-01498,Laurentian Maple Bank Platinum Digital First Infinite Card,Laurentian Maple Bank,Bank,Digital First,Visa,2017,Active,89,15,15000,657,2.0,3.5,21.22,24.59,Flexible Points,1.34,Flexible Points,1,1,1,0,1,1,1,1,0,0,0,0,0,1,0,0,0,0,0,1,0,0,0,0,0,0,0,0,0,0,0,0,0,0,0,0,0,0,0,1,1,1,1,1,1,1,0,0,0,15000,0,108,1,0,Digital,Cashback,0,1,1,1,0,0,0,0,11.11,66.67,100.0,25.0,33.33,0.0,0.0,75.0,0.0
CAD-CC-01499,MapleTrust Bank Edge Rewards Plus Card,MapleTrust Bank,Bank,Rewards,Visa,2022,Active,39,0,30000,736,2.5,3.0,21.89,23.26,Hybrid Rewards,1.88,Cashback Dollars,0,0,1,0,0,0,1,0,0,0,1,0,0,1,0,0,0,0,0,0,0,0,0,0,0,0,0,0,0,0,0,0,0,0,1,1,0,0,0,0,1,0,0,0,0,0,1,0,0,25000,0,152,0,3,Cashback,Lifestyle,1,1,0,1,0,0,0,0,0.0,33.33,14.29,0.0,33.33,25.0,40.0,75.0,0.0
CAD-CC-01500,UrbanCart Edge Cashback World Card,UrbanCart,Retail Partner,Cashback,Mastercard,2020,Active,89,50,30000,651,2.5,4.0,22.3,24.42,Cashback,2.15,Cashback Dollars,1,0,0,0,0,0,1,0,1,0,0,0,0,0,0,1,0,0,0,0,0,0,0,0,0,0,0,0,0,0,0,0,0,0,0,0,0,0,1,1,1,0,0,1,1,0,0,0,0,0,50,50,1,6,Student,Cashback,1,1,0,1,0,0,0,0,0.0,50.0,57.14,0.0,22.22,0.0,20.0,75.0,0.0
